country_code,country_name,year,debt,yoy_pct,z_score,flag_zscore,rolling_vol,flag_isoforest,flag_both
AFG,Afghanistan,2006,979344507.8,,,False,,False,False
AFG,Afghanistan,2007,2023034713.1,1.065702821619479,18.28844523321206,True,,False,False
AFG,Afghanistan,2008,2143951791.1,0.05977014492979826,0.7743312584711035,False,,False,False
AFG,Afghanistan,2009,2480214113.7,0.15684229654598414,2.4644371339199496,False,0.5548800180652166,False,False
AFG,Afghanistan,2010,2435844906.0,-0.017889265065833215,-0.5777828435884459,False,0.504817204507362,False,False
AFG,Afghanistan,2011,2485331046.1,0.020315800886216095,0.08739872869992042,False,0.45675894622122876,False,False
AFG,Afghanistan,2012,2580623924.1,0.0383421267559243,0.401251865340083,False,0.06543287766968578,False,False
AFG,Afghanistan,2013,2587774666.5,0.002770935483167758,-0.21807178583956438,False,0.06851912066450301,False,False
AFG,Afghanistan,2014,2529865267.8,-0.022378068480870872,-0.6559365972570212,False,0.025601612351453765,False,False
AFG,Afghanistan,2015,2596917266.2,0.026504177615082503,0.19514344945466347,False,0.023634122765953183,False,False
AFG,Afghanistan,2016,2596050086.4,-0.000333926618027669,-0.2721299847392564,False,0.023863473412757137,False,False
AFG,Afghanistan,2017,2751986638.9,0.06006685052684824,0.7794971465708693,False,0.031349461564270126,False,False
AFG,Afghanistan,2018,2678760424.2,-0.026608492085292146,-0.7295917462408387,False,0.03620040990759428,False,False
AFG,Afghanistan,2019,2661685956.5,-0.0063740182010113555,-0.3772929393321749,False,0.03351133812516209,False,False
AFG,Afghanistan,2020,3040072312.4,0.14216040587957313,2.2088133606248976,False,0.06866619621245983,False,False
AFG,Afghanistan,2021,3555784339.6,0.1696380790340044,2.687222214954071,True,0.08714214180377754,False,False
AFG,Afghanistan,2022,3393247241.7,-0.045710617511264595,-1.062175436603932,False,0.1011893495720974,False,False
AFG,Afghanistan,2023,3428116975.5,0.010276213702167691,-0.08739872869992042,False,0.09571235718835978,False,False
AFG,Afghanistan,2024,3344095867.1,-0.02450940530923551,-0.6930449216961692,False,0.09886389050625673,False,False
AGO,Angola,1989,7288778066.3,,,False,,False,False
AGO,Angola,1990,8591895991.1,0.17878414090079464,1.4419201350315356,False,,False,False
AGO,Angola,1991,9000344458.8,0.047538804953306535,-0.027277503829083075,False,,False,False
AGO,Angola,1992,10059207810.7,0.11764698081801828,0.7575333673661525,False,0.06567374776630484,False,False
AGO,Angola,1993,10571384637.8,0.05091621892483378,0.010530229273204435,False,0.062378451041781885,False,False
AGO,Angola,1994,11292755787.9,0.0682380950855388,0.20443624027329227,False,0.055714911869661404,False,False
AGO,Angola,1995,11502043062.1,0.018532878788032336,-0.3519780954907703,False,0.03656059493881434,False,False
AGO,Angola,1996,10545818707.6,-0.08313517427619643,-1.4900792129985563,False,0.07485675786034646,False,False
AGO,Angola,1997,9948274153.0,-0.05666175108523064,-1.193728180301388,False,0.06654601342371538,False,False
AGO,Angola,1998,10784076259.7,0.08401478425762487,0.381044988411518,False,0.07414232744799329,False,False
AGO,Angola,1999,10673241870.4,-0.010277596952294243,-0.6744907594765952,False,0.06553211299954756,False,False
AGO,Angola,2000,9763465564.4,-0.08523898521620443,-1.5136298713389453,False,0.07066390181498244,False,False
AGO,Angola,2001,8776917205.0,-0.1010448956769201,-1.6905657308975437,False,0.07437089989089968,False,False
AGO,Angola,2002,9119036718.7,0.038979462345287264,-0.1230932207009761,False,0.07917834220638721,False,False
AGO,Angola,2003,9114598189.4,-0.00048673225439477275,-0.5648890338784142,False,0.05937986639392203,False,False
AGO,Angola,2004,9801188917.7,0.07532868855354313,0.2838103613123864,False,0.07684341313383876,False,False
AGO,Angola,2005,12238371900.2,0.24866197386509747,2.224152482251302,False,0.1280301501364412,False,False
AGO,Angola,2006,9905180985.8,-0.19064553140127016,-2.6935807446980777,True,0.1576918613149696,False,False
AGO,Angola,2007,11941803690.9,0.2056118619154652,1.7422372783891908,False,0.1755113660171623,False,False
AGO,Angola,2008,15596027678.7,0.3060026845512982,2.8660407150222,True,0.19784602018098182,False,False
AGO,Angola,2009,20277281252.9,0.30015678803861956,2.8006000859023406,True,0.2078943954363353,False,False
AGO,Angola,2010,26795572704.5,0.3214578606620535,3.0390503544594583,True,0.21679256231679944,False,False
AGO,Angola,2011,34679553283.4,0.2942269853995687,2.734220187726845,True,0.045788709715278555,False,False
AGO,Angola,2012,36165323895.3,0.042842841710166724,-0.07984545269514949,False,0.1178825706434748,False,False
AGO,Angola,2013,43350110779.1,0.19866507775791598,1.6644729996949046,False,0.11555355565905819,False,False
AGO,Angola,2014,45924334305.5,0.05938216719946854,0.10530046340012292,False,0.129143638678906,False,False
AGO,Angola,2015,48771532654.3,0.06199759652169878,0.13457832350149018,False,0.11054732851196993,False,False
AGO,Angola,2016,57434097528.2,0.17761518661514208,1.4288345281105865,False,0.07381014500918759,False,False
AGO,Angola,2017,58745881698.6,0.022839815142144726,-0.3037650243252041,False,0.0786170324843378,False,False
AGO,Angola,2018,61791490176.7,0.05184377849200916,0.020913595022231148,False,0.05958062174772826,False,False
AGO,Angola,2019,62292159789.9,0.008102565770274905,-0.4687379875481739,False,0.06685380871081839,False,False
AGO,Angola,2020,65405244103.7,0.04997553984802994,0.0,False,0.06718078769145479,False,False
AGO,Angola,2021,66019700768.5,0.00939460853973384,-0.4542744931124135,False,0.02132613525590492,False,False
AGO,Angola,2022,60445747533.3,-0.08442863524548871,-1.5045585831668258,False,0.05528110916865404,False,False
AGO,Angola,2023,57273124300.5,-0.05248712047199322,-1.1469961772491981,False,0.053782176149330486,False,False
AGO,Angola,2024,58733063313.6,0.025490821933163765,-0.27408889991399465,False,0.056073049194479634,False,False
ALB,Albania,1991,511485756.3,,,False,,False,False
ALB,Albania,1992,632621789.2,0.23683168379169972,0.8066040723721183,False,,False,False
ALB,Albania,1993,786033591.2,0.2425016093644219,0.8469609811619944,False,,False,False
ALB,Albania,1994,883115193.8,0.12350821095545039,0.0,False,0.0671239977163962,False,False
ALB,Albania,1995,458862737.5,-0.4804044356597049,-4.298477516839665,True,0.345056163560905,False,False
ALB,Albania,1996,491993448.6,0.07220179019221407,-0.36518443082187413,False,0.29940575245600587,False,False
ALB,Albania,1997,517675961.3,0.052200924164907736,-0.5075448755278535,False,0.279628205435679,False,False
ALB,Albania,1998,624791791.8,0.20691675586211922,0.5936781701842739,False,0.2723345574601546,False,False
ALB,Albania,1999,773092900.6,0.23736084683947367,0.8103705036206564,False,0.2899666558475526,False,False
ALB,Albania,2000,1122055223.3,0.45138472029580035,2.3337312301682744,False,0.160261021531587,False,False
ALB,Albania,2001,1154309753.2,0.0287459380164361,-0.6744907594765952,False,0.17007428267259703,False,False
ALB,Albania,2002,1180989821.7,0.023113439374515377,-0.7145812740760598,False,0.1765672440432922,False,False
ALB,Albania,2003,1550807967.9,0.31314253468133857,1.349762886280926,False,0.1853580281512163,False,False
ALB,Albania,2004,1604463698.8,0.03459856539985218,-0.632833431445699,False,0.19970532800793925,False,False
ALB,Albania,2005,2126952749.1,0.3256471621581569,1.438767248694638,False,0.15926794581015216,False,False
ALB,Albania,2006,2517944832.6,0.18382734814651847,0.4293343689757178,False,0.1454581209592125,False,False
ALB,Albania,2007,2968003033.7,0.17874029457399798,0.3931261763985342,False,0.11874451713950923,False,False
ALB,Albania,2008,4258015319.0,0.43463981358935233,2.2145457727968005,False,0.15326114540888952,False,False
ALB,Albania,2009,4606466990.7,0.08183429264454456,-0.2966230329867481,False,0.13887062823968904,False,False
ALB,Albania,2010,5437682810.5,0.18044540891710348,0.4052626926787612,False,0.13172617801800882,False,False
ALB,Albania,2011,6485279264.8,0.1926549397616799,0.49216664165338286,False,0.13131441517756137,False,False
ALB,Albania,2012,7385570078.1,0.13882067009611876,0.10898970523734221,False,0.13512675738081992,False,False
ALB,Albania,2013,8648154911.3,0.17095292846030508,0.3376979313655413,False,0.04447939588607908,False,False
ALB,Albania,2014,8512992906.4,-0.01562899905081394,-0.9903388715567878,False,0.0856937206636788,False,False
ALB,Albania,2015,8447105962.8,-0.0077395745919706105,-0.9341842044087858,False,0.10002060373357775,False,False
ALB,Albania,2016,8516021767.5,0.008158510737700686,-0.8210261794304833,False,0.08875989354947732,False,False
ALB,Albania,2017,9801555134.1,0.15095468303122805,0.19535613932834187,False,0.09161095832387825,False,False
ALB,Albania,2018,9651016801.8,-0.015358617101103866,-0.988414370160266,False,0.07158102651383962,False,False
ALB,Albania,2019,9274431083.1,-0.039020315313279985,-1.1568315714647104,False,0.07548287374589105,False,False
ALB,Albania,2020,10477651758.8,0.12973525436967503,0.04432231426590134,False,0.08724734267944219,False,False
ALB,Albania,2021,11054994588.4,0.05510231136619903,-0.48689363114292766,False,0.08452011369431459,False,False
ALB,Albania,2022,10420148491.4,-0.05742617890253365,-1.2878392449417693,False,0.07722854267419907,False,False
ALB,Albania,2023,11315021852.5,0.08587913711964479,-0.2678329867229692,False,0.0806056093632833,False,False
ALB,Albania,2024,10712630800.8,-0.05323816953715432,-1.258030191930053,False,0.08404083029230348,False,False
ARG,Argentina,1970,5893191433.6,,,False,,False,False
ARG,Argentina,1971,6353903964.5,0.078177085555587,0.26997531382193307,False,,False,False
ARG,Argentina,1972,6893803268.3,0.08497127227866219,0.349971285646425,False,,False,False
ARG,Argentina,1973,7374621350.5,0.0697464176865854,0.17071111976913192,False,0.007627071645300798,False,False
ARG,Argentina,1974,7798525658.1,0.057481501415833414,0.02630179803345516,False,0.011844324264531076,False,False
ARG,Argentina,1975,7901576052.9,0.013214086779719025,-0.49491067349704165,False,0.028467744487764214,False,False
ARG,Argentina,1976,9501611014.5,0.20249567312748495,1.7337246386507434,False,0.0706163906328266,False,False
ARG,Argentina,1977,11675739426.3,0.22881681943011078,2.0436345313038196,False,0.0952946628447823,False,False
ARG,Argentina,1978,13507657037.8,0.1568994942944293,1.1968670593844093,False,0.09304029020098957,False,False
ARG,Argentina,1979,21176835027.4,0.5677652288726667,6.034473835091816,True,0.20439507860707792,False,False
ARG,Argentina,1980,27322463712.9,0.29020524915778845,2.7664329021767293,True,0.1629929317548504,False,False
ARG,Argentina,1981,35809463187.8,0.31062350614058865,3.006841118329202,True,0.15561321606610556,False,False
ARG,Argentina,1982,43787004262.2,0.2227774550141226,1.972525972568101,False,0.1564305544031435,False,False
ARG,Argentina,1983,46108319454.6,0.05301379328212974,-0.02630179803345516,False,0.18591256083805013,False,False
ARG,Argentina,1984,49060805832.6,0.06403370179013201,0.10344857922959737,False,0.12276068407746375,False,False
ARG,Argentina,1985,51156733946.0,0.04272102909502751,-0.1474906477762969,False,0.12119801310600609,False,False
ARG,Argentina,1986,52688148843.8,0.029935744127381758,-0.2980268837861547,False,0.07942539328879218,False,False
ARG,Argentina,1987,58722673496.6,0.11453286526900053,0.6980347782069947,False,0.03254897419821955,False,False
ARG,Argentina,1988,59015245403.5,0.004982264762126931,-0.5918336208671829,False,0.04133971409575298,False,False
ARG,Argentina,1989,65538413075.1,0.11053360241069399,0.6509467407461959,False,0.0493846836637716,False,False
ARG,Argentina,1990,62477601311.9,-0.04670256143816964,-1.2003800251675478,False,0.06953366164622397,False,False
ARG,Argentina,1991,65672366930.1,0.0511345754497059,-0.048428045500880944,False,0.0692096586659249,False,False
ARG,Argentina,1992,68605638952.4,0.044665239878168395,-0.12459916166203007,False,0.05833922780500756,False,False
ARG,Argentina,1993,64681387080.3,-0.05720013590752682,-1.3239803478704992,False,0.07103164790846135,False,False
ARG,Argentina,1994,75094061335.7,0.16098409025262517,1.2449598240528457,False,0.08846476389037668,False,False
ARG,Argentina,1995,98773122012.7,0.3153253433869463,3.062201392518536,True,0.14159913008363265,False,False
ARG,Argentina,1996,111145506414.0,0.12526063922237052,0.8243455108806581,False,0.13866373762355208,False,False
ARG,Argentina,1997,128251441841.7,0.15390577612722378,1.1616184852848965,False,0.1327377361681544,False,False
ARG,Argentina,1998,141504501057.7,0.10333653193823888,0.5662071434698921,False,0.0835012917062726,False,False
ARG,Argentina,1999,151913800711.3,0.07356161518392601,0.21563193869004482,False,0.094721381608333,False,False
ARG,Argentina,2000,150062928187.3,-0.012183702305740063,-0.7939487928328574,False,0.06365800170194755,False,False
ARG,Argentina,2001,152649929432.5,0.017239442655490933,-0.4475154121733945,False,0.06644929692098951,False,False
ARG,Argentina,2002,148320192549.3,-0.028363831541203366,-0.9844565335225204,False,0.05617365247599521,False,False
ARG,Argentina,2003,163442688409.3,0.10195844274523469,0.5499812743926138,False,0.05572989914873748,False,False
ARG,Argentina,2004,167999635827.3,0.027881011150454826,-0.3222196780128497,False,0.05038163481499354,False,False
ARG,Argentina,2005,130788488210.2,-0.22149540642666776,-3.2584223005340696,True,0.12167788984070131,False,False
ARG,Argentina,2006,118921233033.8,-0.09073623633700267,-1.7188404031510247,False,0.12286887461281523,False,False
ARG,Argentina,2007,120818039247.5,0.015950105505220247,-0.46269629879739954,False,0.12567812749771218,False,False
ARG,Argentina,2008,129751137881.3,0.07393845066050297,0.22006886711068077,False,0.118563096102587,False,False
ARG,Argentina,2009,133694134247.7,0.030388915509990788,-0.292691162730427,False,0.11892096685475931,False,False
ARG,Argentina,2010,126641509908.2,-0.052751935447170384,-1.2716064386448627,False,0.0662436232699017,False,False
ARG,Argentina,2011,142883776038.3,0.12825388880686672,0.8595885678033933,False,0.06747350697059576,False,False
ARG,Argentina,2012,139876851066.6,-0.021044551418447743,-0.8982780179266895,False,0.07249579295897003,False,False
ARG,Argentina,2013,150224280402.1,0.07397528080306337,0.22050251180822006,False,0.07250115201371901,False,False
ARG,Argentina,2014,153793074987.6,0.023756443205768862,-0.3707830800121929,False,0.07259322382995097,False,False
ARG,Argentina,2015,177183976465.6,0.152093333720559,1.140278463644831,False,0.07170480145181023,False,False
ARG,Argentina,2016,181637286190.7,0.025133817481314935,-0.35456562850116174,False,0.06585813937192235,False,False
ARG,Argentina,2017,225923967186.1,0.24381932765117198,2.2202767511699095,False,0.0941043323796094,False,False
ARG,Argentina,2018,277825747406.2,0.22973118286891192,2.0544004102631446,False,0.10671631636457411,False,False
ARG,Argentina,2019,280683596388.0,0.010286479955443406,-0.5293808407994116,False,0.1103324789551725,False,False
ARG,Argentina,2020,255603072878.8,-0.08935514519534027,-1.7025791885923711,False,0.14639901165616037,False,False
ARG,Argentina,2021,246114307414.0,-0.03712304925731191,-1.0875891323430098,False,0.15504152147775624,False,False
ARG,Argentina,2022,248976650822.0,0.011630138199097528,-0.5135603678889393,False,0.1217029835747431,False,False
ARG,Argentina,2023,252793904703.1,0.015331774559973033,-0.4699766381360598,False,0.0454043124354876,False,False
ARG,Argentina,2024,242357155703.1,-0.04128560382916546,-1.1365997956968703,False,0.0432210974956557,False,False
ARM,Armenia,1993,133922025.2,,,False,,False,False
ARM,Armenia,1994,214328549.4,0.6003980605872739,3.1553619548551657,True,,False,False
ARM,Armenia,1995,370656928.0,0.7293866311213881,4.0293857320768325,True,,False,False
ARM,Armenia,1996,520544050.4,0.40438235758539487,1.8271637709148898,False,0.16365002544475496,False,False
ARM,Armenia,1997,638485619.5,0.22657365694482645,0.6223358430354624,False,0.22076939151348482,False,False
ARM,Armenia,1998,804242112.9,0.2596088123798377,0.8461813451202931,False,0.21722669061514652,False,False
ARM,Armenia,1999,1022596079.8,0.2715027768350029,0.9267745922289148,False,0.20763925422582286,False,False
ARM,Armenia,2000,1018418173.9,-0.004085587635752619,-0.9406062328757939,False,0.14815821656414696,False,False
ARM,Armenia,2001,1410424531.1,0.38491689096515636,1.6952661881263158,False,0.14263575428363917,False,False
ARM,Armenia,2002,1719549290.3,0.21917142844850512,0.5721785020910448,False,0.14268881516098178,False,False
ARM,Armenia,2003,1996130970.2,0.16084545029340003,0.17696292968658195,False,0.1437438140086536,False,False
ARM,Armenia,2004,2107914571.2,0.05600013359283729,-0.5334666792871215,False,0.15147017834098703,False,False
ARM,Armenia,2005,1969824792.5,-0.06551014001548838,-1.3568176775238143,False,0.16982562222676786,False,False
ARM,Armenia,2006,2138883502.7,0.08582423718275956,-0.3313791953807853,False,0.10845869112667328,False,False
ARM,Armenia,2007,3081934925.4,0.4409082689681545,2.0746625601566873,False,0.18914909770504612,False,False
ARM,Armenia,2008,3612490093.0,0.1721500227754289,0.25356246947298383,False,0.18959313682509837,False,False
ARM,Armenia,2009,4934959249.6,0.366082431385093,1.5676442954583756,False,0.20611129828637925,False,False
ARM,Armenia,2010,6307170668.6,0.27805932118106624,0.9712015955760993,False,0.14317124379819102,False,False
ARM,Armenia,2011,7410792665.3,0.1749789334533689,0.27273110732917205,False,0.11806710690718675,False,False
ARM,Armenia,2012,7640566516.3,0.03100530015849512,-0.7028311325782169,False,0.12603399452143332,False,False
ARM,Armenia,2013,8681090391.3,0.13618412623987997,0.00985832878053109,False,0.12932215309359218,False,False
ARM,Armenia,2014,8555656187.0,-0.014449130079984718,-1.0108293733834965,False,0.11646598744586271,False,False
ARM,Armenia,2015,8831021220.8,0.03218514486573287,-0.6948365302403129,False,0.07978643550687745,False,False
ARM,Armenia,2016,9855623087.1,0.1160230329745695,-0.12675280518040052,False,0.0634418102450265,False,False
ARM,Armenia,2017,10228295738.5,0.037813200454853924,-0.6567009467227319,False,0.062727908971067,False,False
ARM,Armenia,2018,10725730268.9,0.048633178304340774,-0.5833850097346392,False,0.04691200080365268,False,False
ARM,Armenia,2019,11884488146.3,0.10803533636864793,-0.1808772654321858,False,0.04023870415113579,False,False
ARM,Armenia,2020,13061785395.5,0.09906167053282222,-0.24168263196099063,False,0.03602876128713369,False,False
ARM,Armenia,2021,14039607363.2,0.07486127953356791,-0.405663960413773,False,0.03057647927610974,False,False
ARM,Armenia,2022,15931152887.6,0.1347292324825291,0.0,False,0.032793069051021695,False,False
ARM,Armenia,2023,15838832193.4,-0.0057949788600584196,-0.9521890310138831,False,0.05363784022679618,False,False
ARM,Armenia,2024,16396165488.7,0.03518777700872677,-0.6744907594765952,False,0.05474091582930921,False,False
AZE,Azerbaijan,1993,35540000.0,,,False,,False,False
AZE,Azerbaijan,1994,112814844.4,2.1743062577377605,11.33313442264559,True,,True,True
AZE,Azerbaijan,1995,320987667.6,1.8452609167451017,9.51867660996763,True,,True,True
AZE,Azerbaijan,1996,438309868.3,0.3655037639832366,1.3588378515918744,False,0.9634762174016425,False,False
AZE,Azerbaijan,1997,508060653.1,0.15913578462317268,0.22086096577179326,False,1.0212833539548285,False,False
AZE,Azerbaijan,1998,706603152.3,0.39078503322106584,1.4982465918724965,False,0.9451715410386489,False,False
AZE,Azerbaijan,1999,1289063609.0,0.8243105833933597,3.8888406028151423,True,0.6755861434417872,False,False
AZE,Azerbaijan,2000,1585215993.3,0.22974225804864834,0.610206904984929,False,0.2589069912618669,False,False
AZE,Azerbaijan,2001,1519801453.6,-0.041265379592735685,-0.8842130552866811,False,0.325422026464566,False,False
AZE,Azerbaijan,2002,1701647122.3,0.1196509374755872,0.003129302490379174,False,0.3305146133371054,False,False
AZE,Azerbaijan,2003,1959261793.7,0.1513913595973999,0.17815581015305545,False,0.3322514842710209,False,False
AZE,Azerbaijan,2004,2192577447.2,0.11908344982290031,0.0,False,0.0986720523941383,False,False
AZE,Azerbaijan,2005,2270055653.1,0.03533658799553119,-0.4618061063302579,False,0.07881402878486161,False,False
AZE,Azerbaijan,2006,2820389403.5,0.24243183185771744,0.6801811409609151,False,0.07453506318306011,False,False
AZE,Azerbaijan,2007,3924409213.9,0.391442333824525,1.501871150760419,False,0.13578235207725886,False,False
AZE,Azerbaijan,2008,4522619511.2,0.1524332108846289,0.1839009004863765,False,0.13571303034911256,False,False
AZE,Azerbaijan,2009,4579733732.4,0.012628570910853787,-0.5870251381069055,False,0.15607866618623775,False,False
AZE,Azerbaijan,2010,7285505104.2,0.5908141236809517,2.601268883125374,True,0.22258477883466712,False,False
AZE,Azerbaijan,2011,7722133655.1,0.05993112964100322,-0.32618419445867824,False,0.24381618412885606,False,False
AZE,Azerbaijan,2012,10856678607.3,0.4059169514800902,1.5816886707758526,False,0.24611740350802405,False,False
AZE,Azerbaijan,2013,10596759022.3,-0.023940985489358635,-0.7886809862534173,False,0.2736800391630715,False,False
AZE,Azerbaijan,2014,12117384320.8,0.1434990920620136,0.13463540519571612,False,0.25587494825137425,False,False
AZE,Azerbaijan,2015,13179085411.9,0.08761800921652263,-0.17351017451078324,False,0.1632559904119033,False,False
AZE,Azerbaijan,2016,14469746198.7,0.09793250035655765,-0.11663287919222796,False,0.1597575900460944,False,False
AZE,Azerbaijan,2017,15297961777.3,0.057237740539941795,-0.3410363752622703,False,0.06214908059541253,False,False
AZE,Azerbaijan,2018,16463882677.6,0.07621413344293115,-0.23639467374052206,False,0.03226030717690468,False,False
AZE,Azerbaijan,2019,16437653830.0,-0.001593114340864843,-0.6654479105934593,False,0.03938671229076459,False,False
AZE,Azerbaijan,2020,16384510859.4,-0.0032330021759559013,-0.6744907594765952,False,0.04588787743923502,False,False
AZE,Azerbaijan,2021,15577206234.4,-0.04927242759504413,-0.9283663952502462,False,0.0506609448286709,False,False
AZE,Azerbaijan,2022,15457490377.2,-0.007685322733650635,-0.69904223252309,False,0.04546090144466485,False,False
AZE,Azerbaijan,2023,14989804725.5,-0.03025624731359,-0.8235052938139342,False,0.02074241187531354,False,False
AZE,Azerbaijan,2024,12199421517.2,-0.18615207198484185,-1.6831631032370367,False,0.07543857387137257,False,False
BDI,Burundi,1970,14970400.9,,,False,,False,False
BDI,Burundi,1971,13628499.0,-0.08963700497827021,-1.2716850039319907,False,,False,False
BDI,Burundi,1972,6895385.6,-0.4940465857612053,-4.860819260611569,True,,False,False
BDI,Burundi,1973,7780758.4,0.12840076702889558,0.6633998059925531,False,0.3158396972216239,False,False
BDI,Burundi,1974,9437482.0,0.21292572199645732,1.4135586198145424,False,0.31583576979039935,False,False
BDI,Burundi,1975,19378709.7,1.0533771296199559,8.872563256490446,True,0.5683294866753356,False,False
BDI,Burundi,1976,22365684.2,0.15413691346023928,0.8918080563926271,False,0.5515318804049585,False,False
BDI,Burundi,1977,47221848.4,1.1113527302688104,9.387096601465934,True,0.5037273413758431,False,False
BDI,Burundi,1978,74679956.5,0.5814704216449096,4.684392124958253,True,0.45095190227104787,False,False
BDI,Burundi,1979,136189377.0,0.823640282918483,6.8336491810091875,True,0.39094627893981687,False,False
BDI,Burundi,1980,165719681.3,0.21683265575111643,1.4482326494215496,False,0.4046346426385834,False,False
BDI,Burundi,1981,178613654.8,0.07780592744840131,0.2143707013951814,False,0.4255018536268885,False,False
BDI,Burundi,1982,227431810.4,0.27331704093208,1.9495314599690052,False,0.30235136315965994,False,False
BDI,Burundi,1983,307726678.6,0.3530502969605698,2.6571639548629835,True,0.2837437753529964,False,False
BDI,Burundi,1984,348008143.1,0.1309001373662504,0.6855817129606372,False,0.10982993079325036,False,False
BDI,Burundi,1985,455096618.9,0.3077183046525096,2.2548426097519148,False,0.11835466096923233,False,False
BDI,Burundi,1986,570430014.5,0.25342617547625124,1.7730000670571293,False,0.08329905104986009,False,False
BDI,Burundi,1987,769586468.4,0.34913389695064856,2.622405912258614,True,0.09194349062071255,False,False
BDI,Burundi,1988,800694146.9,0.040421290884537164,-0.11741787667240992,False,0.12806927654192826,False,False
BDI,Burundi,1989,888845816.1,0.11009405968719976,0.5009278133165068,False,0.13182163673412853,False,False
BDI,Burundi,1990,906936375.2,0.020352865224000594,-0.2955251160617758,False,0.14199459749394766,False,False
BDI,Burundi,1991,963475598.4,0.0623408926425868,0.07711854704505114,False,0.13428050078877346,False,False
BDI,Burundi,1992,1026584699.6,0.0655015044540852,0.10516897083262154,False,0.03354120521208971,False,False
BDI,Burundi,1993,1065645817.3,0.03804958101871159,-0.138466797199613,False,0.03389762753039343,False,False
BDI,Burundi,1994,1127404969.0,0.05795467002017385,0.03819082965258141,False,0.019176202908074,False,False
BDI,Burundi,1995,1161951393.2,0.030642426767590436,-0.20420527702429897,False,0.015567344372630689,False,False
BDI,Burundi,1996,1130746660.3,-0.026855454610766993,-0.714498864386979,False,0.03637580953178542,False,False
BDI,Burundi,1997,1068957656.4,-0.05464442750032683,-0.9611259456810628,False,0.04755274697094407,False,False
BDI,Burundi,1998,1121825243.5,0.04945713872151458,-0.03722474438545049,False,0.049525903796409705,False,False
BDI,Burundi,1999,1153732063.6,0.028441881019233728,-0.223735116336036,False,0.044030918519879905,False,False
BDI,Burundi,2000,1125869260.9,-0.02415015026370959,-0.6904892934762948,False,0.04298657954215706,False,False
BDI,Burundi,2001,1093536451.0,-0.028718085680884298,-0.731029711575048,False,0.043224782380932796,False,False
BDI,Burundi,2002,1232214637.4,0.12681624492094778,0.6493371753123119,False,0.06350937592035606,False,False
BDI,Burundi,2003,1348337839.1,0.09423942726814416,0.3602179808933273,False,0.0697275245957494,False,False
BDI,Burundi,2004,1357933155.3,0.007116403561294948,-0.41299868802529993,False,0.07119646020015238,False,False
BDI,Burundi,2005,1287893069.1,-0.051578449150191386,-0.9339153936822576,False,0.0776622536513104,False,False
BDI,Burundi,2006,1371901889.5,0.06522965486467514,0.10275630624607296,False,0.07112245993028524,False,False
BDI,Burundi,2007,1409730477.1,0.02757382863127833,-0.231439079620416,False,0.05599422413192099,False,False
BDI,Burundi,2008,1390288828.7,-0.013791039291421114,-0.5985522033920168,False,0.043811100965893315,False,False
BDI,Burundi,2009,607188101.8,-0.5632647768825448,-5.475130574547377,True,0.2587035159242359,False,False
BDI,Burundi,2010,620881162.0,0.022551595064868923,-0.2760113929255282,False,0.26473934622468626,False,False
BDI,Burundi,2011,605057004.8,-0.025486611880809584,-0.70235038777427,False,0.2541372415403179,False,False
BDI,Burundi,2012,663926347.2,0.09729553072352126,0.3873408932200217,False,0.26527486349029417,False,False
BDI,Burundi,2013,680219691.9,0.024540891875604043,-0.25835638753151613,False,0.26879465455042967,False,False
BDI,Burundi,2014,691128126.4,0.0160366343842977,-0.3338316565164381,False,0.04427848293325275,False,False
BDI,Burundi,2015,626941607.8,-0.09287209729741364,-1.300396442082589,False,0.06986501485494652,False,False
BDI,Burundi,2016,603715776.7,-0.03704624292125325,-0.804942091169403,False,0.07125805986419367,False,False
BDI,Burundi,2017,608422362.7,0.00779602949210112,-0.4069670091880633,False,0.04895903207918998,False,False
BDI,Burundi,2018,593765019.0,-0.024090737945520413,-0.6899620092658943,False,0.04332085576431981,False,False
BDI,Burundi,2019,628698017.3,0.058833035261715017,0.045986319492828706,False,0.05606483967467586,False,False
BDI,Burundi,2020,665065566.7,0.057845815318749993,0.03722474438545049,False,0.04477357573954151,False,False
BDI,Burundi,2021,975977735.5,0.4674910029438455,3.6728250017847057,True,0.20093531787255783,False,False
BDI,Burundi,2022,946930431.9,-0.029762260493697568,-0.7402967610434967,False,0.2065031868207032,False,False
BDI,Burundi,2023,1033705051.6,0.09163779806494143,0.33712852668624504,False,0.19439884961990087,False,False
BDI,Burundi,2024,1023879227.4,-0.009505442761251204,-0.5605175423759219,False,0.20280443309191634,False,False
BEN,Benin,1970,43206645.9,,,False,,False,False
BEN,Benin,1971,51050106.0,0.18153364920186976,0.39821674433745363,False,,False,False
BEN,Benin,1972,47315754.0,-0.07315071980457788,-1.6251121793799466,False,,False,False
BEN,Benin,1973,90483938.2,0.9123427304994443,6.204097794961684,True,0.5115569993844516,False,False
BEN,Benin,1974,108808916.9,0.20252189575895363,0.5649569588340286,False,0.4233226602931671,False,False
BEN,Benin,1975,119207923.7,0.0955712739017256,-0.28470761798110183,False,0.3784729571295742,False,False
BEN,Benin,1976,141222202.2,0.1846712686264158,0.4231434257748246,False,0.3783050948689427,False,False
BEN,Benin,1977,212376218.6,0.5038444047149975,2.95880056264948,True,0.3351408250534722,False,False
BEN,Benin,1978,283904950.1,0.3368019826867754,1.631739285602855,False,0.1591100099831433,False,False
BEN,Benin,1979,453818384.5,0.5984870441327326,3.710684906780596,True,0.21063481402275466,False,False
BEN,Benin,1980,474871020.5,0.046390002518727824,-0.675426095454272,False,0.22573598656230776,False,False
BEN,Benin,1981,543224056.1,0.14394021249818523,0.09955731690090532,False,0.23308901932538,False,False
BEN,Benin,1982,758283071.1,0.39589376167172285,2.10119136089348,False,0.21692431929471445,False,False
BEN,Benin,1983,798438969.5,0.05295634299437535,-0.6232600883326588,False,0.24198641656374434,False,False
BEN,Benin,1984,762600512.6,-0.04488565597248195,-1.4005616056431247,False,0.16865983113263303,False,False
BEN,Benin,1985,902878842.8,0.18394733268895513,0.4173921481173192,False,0.16506430920550413,False,False
BEN,Benin,1986,1038615913.2,0.1503380785610764,0.15038488635723873,False,0.1650655588194123,False,False
BEN,Benin,1987,1244496821.6,0.19822622182407734,0.5308301635650418,False,0.10259756515484261,False,False
BEN,Benin,1988,1170205810.0,-0.05969562180519428,-1.5182187368816529,False,0.12716643195575308,False,False
BEN,Benin,1989,1070152454.6,-0.08550064830048998,-1.723225650689951,False,0.13838631085814315,False,False
BEN,Benin,1990,1110830135.6,0.03801110844081035,-0.7419918560572938,False,0.12506115269102167,False,False
BEN,Benin,1991,1149708001.3,0.034998929587916505,-0.7659219803136267,False,0.11142274989344604,False,False
BEN,Benin,1992,1198996389.7,0.04287035346737489,-0.7033877946928955,False,0.061663766951102615,False,False
BEN,Benin,1993,1270610521.6,0.059728396611701484,-0.5694598020789149,False,0.05865488788949939,False,False
BEN,Benin,1994,1382104403.8,0.08774827557669118,-0.3468570888849648,False,0.021814497894753787,False,False
BEN,Benin,1995,1396447482.6,0.010377710077881686,-0.961524190870127,False,0.028829676962894773,False,False
BEN,Benin,1996,1377472571.8,-0.01358798740119549,-1.1519186350821722,False,0.03997938902638604,False,False
BEN,Benin,1997,1374358792.3,-0.002260501997459863,-1.061927918573831,False,0.0433922419448979,False,False
BEN,Benin,1998,1467129720.3,0.06750124386714695,-0.5077087541723114,False,0.04490791614259394,False,False
BEN,Benin,1999,1562316602.2,0.06487966304747483,-0.5285357892942474,False,0.038216464517747684,False,False
BEN,Benin,2000,1504156540.8,-0.03722680877749174,-1.339716226272539,False,0.04765367574474662,False,False
BEN,Benin,2001,1628922367.1,0.08294736812010406,-0.38499768995482214,False,0.05208884404911803,False,False
BEN,Benin,2002,1851279355.1,0.13650557723991863,0.040493179537378444,False,0.06298837992950318,False,False
BEN,Benin,2003,1706632655.7,-0.07813337247105345,-1.6646966473873352,False,0.0887464536337488,False,False
BEN,Benin,2004,1994818354.6,0.16886217308539453,0.29754875190164964,False,0.10795630091870989,False,False
BEN,Benin,2005,1876387170.5,-0.05936940765904852,-1.5156271427457528,False,0.11300072637379922,False,False
BEN,Benin,2006,1254967318.4,-0.3311789069280464,-3.6750059211040904,True,0.20070060823527205,False,False
BEN,Benin,2007,1498259890.4,0.19386367153383866,0.4961720719913567,False,0.21398670950777324,False,False
BEN,Benin,2008,1702121197.5,0.13606538385378109,0.03699608227272987,False,0.22106121018934893,False,False
BEN,Benin,2009,2015238572.4,0.18395715614134467,0.41747019010877723,False,0.22366207474385416,False,False
BEN,Benin,2010,2284118354.5,0.13342330073594422,0.016006167532224343,False,0.2221658618952673,False,False
BEN,Benin,2011,2190453779.1,-0.04100688355989479,-1.3697468664366286,False,0.09473636218885967,False,False
BEN,Benin,2012,2670381365.2,0.21909961793267763,0.6966579536547901,False,0.10009222480650214,False,False
BEN,Benin,2013,3072865045.4,0.15072142333117888,0.15343035225736443,False,0.10066239494051368,False,False
BEN,Benin,2014,3646902868.7,0.18680866709695554,0.4401238952234341,False,0.10105720557616098,False,False
BEN,Benin,2015,3604375281.2,-0.01166128877876027,-1.1366120614386168,False,0.11899702972036448,False,False
BEN,Benin,2016,4184965533.2,0.16107930132255954,0.23571806473086065,False,0.08944400240288546,False,False
BEN,Benin,2017,4916905709.4,0.17489753987061585,0.3454964615684037,False,0.08166726851518227,False,False
BEN,Benin,2018,6891192963.8,0.4015304280953802,2.1459716128297264,False,0.14680611197485896,False,False
BEN,Benin,2019,6938801010.2,0.006908534799429988,-0.9890849034090224,False,0.16625300976347926,False,False
BEN,Benin,2020,8516297040.3,0.22734418061291706,0.7621565242950133,False,0.14197885951108258,False,False
BEN,Benin,2021,10440535052.1,0.22594773323362327,0.7510625086551962,False,0.14113966644676182,False,False
BEN,Benin,2022,10927329920.1,0.0466254713547547,-0.6735554234989185,False,0.15903132608487874,False,False
BEN,Benin,2023,12540297201.5,0.14760854602120754,0.1287002334761479,False,0.1013543361666288,False,False
BEN,Benin,2024,14162933686.6,0.12939378222279374,-0.016006167532224343,False,0.07536888399640619,False,False
BFA,Burkina Faso,1970,20789505.9,,,False,,False,False
BFA,Burkina Faso,1971,23598002.3,0.13509202255740016,0.08917045261060313,False,,False,False
BFA,Burkina Faso,1972,20015915.3,-0.15179619674840017,-1.76466339230865,False,,False,False
BFA,Burkina Faso,1973,31067227.5,0.5521262472568516,2.7839906237150394,True,0.3539607327848322,False,False
BFA,Burkina Faso,1974,47354443.4,0.5242571420317439,2.603904140488448,True,0.33677434287649755,False,False
BFA,Burkina Faso,1975,62537911.1,0.32063448770258396,1.2881213972963208,False,0.29271751521896683,False,False
BFA,Burkina Faso,1976,85306252.0,0.3640726161062966,1.5688128554175595,False,0.282896070703957,False,False
BFA,Burkina Faso,1977,164285524.9,0.9258321758175474,5.1988290583122305,True,0.23890312912202244,False,False
BFA,Burkina Faso,1978,262707189.0,0.5990890807933864,3.0874582616473476,True,0.2405451370720422,False,False
BFA,Burkina Faso,1979,295034801.5,0.12305568272819523,0.011393211710566647,False,0.30752561723697636,False,False
BFA,Burkina Faso,1980,330416655.7,0.11992434119674522,-0.008841104376200391,False,0.34244847195375855,False,False
BFA,Burkina Faso,1981,328158612.3,-0.006833927288611541,-0.8279363213569868,False,0.39540250100233826,False,False
BFA,Burkina Faso,1982,351832578.4,0.07214183999034418,-0.31760532671222147,False,0.239278505449191,False,False
BFA,Burkina Faso,1983,397717113.7,0.1304158230845629,0.058953468207005436,False,0.05764500294132877,False,False
BFA,Burkina Faso,1984,409962570.8,0.03078936429483603,-0.5848195720410603,False,0.05827839859571339,False,False
BFA,Burkina Faso,1985,511100955.5,0.24670150863440732,0.810376235142423,False,0.09909924405112147,False,False
BFA,Burkina Faso,1986,639696853.1,0.2516056685399799,0.8420662698041657,False,0.10032969243974893,False,False
BFA,Burkina Faso,1987,827502134.8,0.2935848141035664,1.1133299731896855,False,0.10797744596413576,False,False
BFA,Burkina Faso,1988,845249596.1,0.021447027812550035,-0.6451885185366458,False,0.13158315270627483,False,False
BFA,Burkina Faso,1989,717259802.1,-0.15142248466080044,-1.762248514075155,False,0.19112897087354738,False,False
BFA,Burkina Faso,1990,833673417.3,0.16230327540894263,0.2650059805416905,False,0.18201859447582794,False,False
BFA,Burkina Faso,1991,967441445.2,0.1604561512027476,0.2530701074776105,False,0.16908459259959507,False,False
BFA,Burkina Faso,1992,1039802411.9,0.07479622364642502,-0.30045304952583063,False,0.12918196141569702,False,False
BFA,Burkina Faso,1993,1118907234.9,0.0760767835260685,-0.292178240434425,False,0.12809722901837106,False,False
BFA,Burkina Faso,1994,1135033979.4,0.014412941481642294,-0.6906418569130851,False,0.06332605496395102,False,False
BFA,Burkina Faso,1995,1274258080.3,0.12266073388710019,0.008841104376200391,False,0.05515590807018225,False,False
BFA,Burkina Faso,1996,1301463551.1,0.02135004770273463,-0.6458151912187615,False,0.044605133259245595,False,False
BFA,Burkina Faso,1997,1307801527.1,0.004869883597310887,-0.7523078386421557,False,0.05015219106454944,False,False
BFA,Burkina Faso,1998,1470373375.7,0.12430926652953,0.01949370494092761,False,0.060503388404616956,False,False
BFA,Burkina Faso,1999,1608245528.6,0.09376676372038029,-0.17786792096741919,False,0.05665410929352089,False,False
BFA,Burkina Faso,2000,1446330172.4,-0.10067825672175157,-1.434346004117319,False,0.08765763283275783,False,False
BFA,Burkina Faso,2001,1516006603.1,0.04817463676663869,-0.47247823369904646,False,0.08791403099710869,False,False
BFA,Burkina Faso,2002,1564526409.9,0.032005010202979856,-0.5769642284741205,False,0.08648534556185444,False,False
BFA,Burkina Faso,2003,1757847852.1,0.12356547066045143,0.014687394109672363,False,0.08630348203209919,False,False
BFA,Burkina Faso,2004,1944506311.9,0.10618578825067826,-0.09761782198859598,False,0.08841343310290352,False,False
BFA,Burkina Faso,2005,2011339006.1,0.03437000630494058,-0.5616819355046642,False,0.04289999177933861,False,False
BFA,Burkina Faso,2006,1143923817.7,-0.431262549858228,-3.5705381164949257,True,0.22971966043082356,False,False
BFA,Burkina Faso,2007,1969571660.4,0.7217682068724356,3.8801945982622663,True,0.41022544755564094,False,False
BFA,Burkina Faso,2008,2674882379.0,0.35810360840425504,1.5302419147027255,False,0.42516918582408464,False,False
BFA,Burkina Faso,2009,3723010559.1,0.3918408481541684,1.7482475094736925,False,0.43555935741040847,False,False
BFA,Burkina Faso,2010,4807758194.5,0.2913630295107803,1.098973094109068,False,0.4239284554450652,False,False
BFA,Burkina Faso,2011,5977740713.9,0.24335302901432132,0.7887388013580783,False,0.18820776918365795,False,False
BFA,Burkina Faso,2012,7439424331.8,0.24452108043113308,0.7962865955976995,False,0.06708547662036962,False,False
BFA,Burkina Faso,2013,8946024649.5,0.20251571230585674,0.5248534454761697,False,0.07263539816967848,False,False
BFA,Burkina Faso,2014,10302548966.3,0.15163431467582833,0.19606456306201522,False,0.05243080203170723,False,False
BFA,Burkina Faso,2015,12601802193.7,0.22317323944986245,0.6583396620401054,False,0.03838632411128296,False,False
BFA,Burkina Faso,2016,10251883007.9,-0.18647485095225447,-1.9887522831488489,False,0.1786312007116076,False,False
BFA,Burkina Faso,2017,12771161142.4,0.24573808855979618,0.8041507416540166,False,0.17883195792855933,False,False
BFA,Burkina Faso,2018,10625588206.9,-0.1680013987433563,-1.8693792708298957,False,0.21332207105862563,False,False
BFA,Burkina Faso,2019,9160899696.4,-0.1378454050712098,-1.6745152160009085,False,0.2191361391991448,False,False
BFA,Burkina Faso,2020,9769403426.9,0.06642401408882659,-0.35455316375216134,False,0.18728758680799182,False,False
BFA,Burkina Faso,2021,10332659621.0,0.057655126877970586,-0.4112165566690966,False,0.16921203715887356,False,False
BFA,Burkina Faso,2022,9905922029.1,-0.041299878981080784,-1.0506507566149412,False,0.10806935659831624,False,False
BFA,Burkina Faso,2023,10477855860.6,0.05773655696257918,-0.4106903661994868,False,0.08912825420976683,False,False
BFA,Burkina Faso,2024,10845161721.4,0.035055441274123966,-0.5572527451132354,False,0.044269865022490834,False,False
BGD,Bangladesh,1972,146504255.0,,,False,,False,False
BGD,Bangladesh,1973,497826100.3,2.398031683789662,35.95102418169615,True,,True,True
BGD,Bangladesh,1974,1257484131.2,1.525950588854652,22.385419744864112,True,,False,False
BGD,Bangladesh,1975,1680485423.5,0.3363869823918457,3.881235407594016,True,1.0348885515491941,False,False
BGD,Bangladesh,1976,1993989051.5,0.18655539858659176,1.5505393176878397,False,1.0461445973987817,False,False
BGD,Bangladesh,1977,2331728887.3,0.16937898206910007,1.2833526151301782,False,0.9992093953391148,False,False
BGD,Bangladesh,1978,2820088627.0,0.2094410470959558,1.9065356312893214,False,0.5852950172701061,False,False
BGD,Bangladesh,1979,2967069235.7,0.052119145225714814,-0.5406756457546327,False,0.10155332516005226,False,False
BGD,Bangladesh,1980,3802228595.2,0.2814761952472493,3.0270739975542895,True,0.08317642977832594,False,False
BGD,Bangladesh,1981,4209310810.8,0.10706410869507121,0.3140173920264718,False,0.08895707652317174,False,False
BGD,Bangladesh,1982,4940329805.1,0.17366714580077924,1.3500568852745325,False,0.0890437831592513,False,False
BGD,Bangladesh,1983,5346293426.4,0.08217338463535673,-0.0731687523602358,False,0.09123907539521527,False,False
BGD,Bangladesh,1984,5541814231.1,0.036571282027753726,-0.7825294861904658,False,0.09513492554799774,False,False
BGD,Bangladesh,1985,6530064193.2,0.1783260717318993,1.4225285242644639,False,0.060708491939852664,False,False
BGD,Bangladesh,1986,7913829647.5,0.21190686850229845,1.9448925662172711,False,0.07374642100249397,False,False
BGD,Bangladesh,1987,9737967442.0,0.23050000767659307,2.2341170119051386,False,0.08449771836726393,False,False
BGD,Bangladesh,1988,10275887393.3,0.05523944853008467,-0.4921379574641007,False,0.09038821675781612,False,False
BGD,Bangladesh,1989,10701050528.9,0.041374834048610865,-0.7078081248570347,False,0.08899554211442587,False,False
BGD,Bangladesh,1990,12291780361.5,0.14865174482673127,0.9609313367291109,False,0.08705829196439756,False,False
BGD,Bangladesh,1991,12997665568.6,0.05742741786299366,-0.4581031335669326,False,0.08128610738485054,False,False
BGD,Bangladesh,1992,13427954471.8,0.03310509113571114,-0.8364476078159596,False,0.04664316342663203,False,False
BGD,Bangladesh,1993,14125214056.8,0.05192597178254599,-0.5436805435020429,False,0.04687781213081956,False,False
BGD,Bangladesh,1994,15490545904.5,0.09665919696577752,0.15216442039397565,False,0.04598227514091918,False,False
BGD,Bangladesh,1995,15734744113.2,0.015764338468475803,-1.1061906313568899,False,0.03036736823664147,False,False
BGD,Bangladesh,1996,15169074222.9,-0.03595037111696375,-1.9106356512939406,False,0.048629914740161644,False,False
BGD,Bangladesh,1997,14257776105.5,-0.06007605368719593,-2.2859212393168447,False,0.06374906658724902,False,False
BGD,Bangladesh,1998,15507392996.3,0.0876445864736195,0.011938195104864543,False,0.07072784940598142,False,False
BGD,Bangladesh,1999,16449663349.3,0.06076265386611546,-0.40622207275205185,False,0.0624399652017082,False,False
BGD,Bangladesh,2000,15600564697.1,-0.051617995710297127,-2.154352432832223,False,0.06881049366810219,False,False
BGD,Bangladesh,2001,14978802400.8,-0.03985511475847925,-1.9713756535433666,False,0.0693427703263282,False,False
BGD,Bangladesh,2002,16687587182.1,0.11408020051113943,0.42315578158916356,False,0.07548449046989793,False,False
BGD,Bangladesh,2003,18440377575.4,0.10503557969004285,0.28246273245332043,False,0.0788866270603687,False,False
BGD,Bangladesh,2004,19714073691.8,0.06907104321438329,-0.27698142751803323,False,0.07957883644774372,False,False
BGD,Bangladesh,2005,18503086016.3,-0.0614275717151096,-2.3069446958077693,False,0.08245107582413794,False,False
BGD,Bangladesh,2006,20160932717.1,0.08959838911949847,0.04233045334273526,False,0.07176761226138159,False,False
BGD,Bangladesh,2007,21523544177.4,0.06758672723233028,-0.3000706145084926,False,0.06634593398357973,False,False
BGD,Bangladesh,2008,23346917708.3,0.08471530134031391,-0.033628121642407485,False,0.0629727011548465,False,False
BGD,Bangladesh,2009,25377795050.4,0.08698695765642794,0.0017084900326003267,False,0.06481829866861301,False,False
BGD,Bangladesh,2010,26571755072.0,0.047047429425165044,-0.6195684124547484,False,0.017939587800110977,False,False
BGD,Bangladesh,2011,27046084648.2,0.01785089373715576,-1.0737333477683615,False,0.028885593144576782,False,False
BGD,Bangladesh,2012,29155976742.1,0.07801099942354939,-0.13791648238791823,False,0.0298544581432664,False,False
BGD,Bangladesh,2013,32454687016.8,0.11314010516193074,0.4085321855562499,False,0.036913591365266514,False,False
BGD,Bangladesh,2014,35270692354.7,0.08676729300893604,-0.0017084900326003267,False,0.03688636868771478,False,False
BGD,Bangladesh,2015,38770937144.2,0.09923946925395621,0.1923016890540195,False,0.03665959983542041,False,False
BGD,Bangladesh,2016,41569252897.7,0.07217560264515344,-0.22868864209582107,False,0.016527545770573627,False,False
BGD,Bangladesh,2017,51068283464.6,0.22851097637661844,2.203176756480906,False,0.06253852819771566,False,False
BGD,Bangladesh,2018,57125459320.6,0.11860934899444531,0.4936086753820098,False,0.062437023537228666,False,False
BGD,Bangladesh,2019,62468325028.8,0.09352862579563226,0.10346701094181247,False,0.06157589635035837,False,False
BGD,Bangladesh,2020,73550857817.1,0.177410436140085,1.4082854105001836,False,0.06409360349231225,False,False
BGD,Bangladesh,2021,91477590071.6,0.24373247011039179,2.4399537765646575,False,0.06590900274644229,False,False
BGD,Bangladesh,2022,96944431751.0,0.05976154023210567,-0.42179483500337467,False,0.07281078818391921,False,False
BGD,Bangladesh,2023,101370771740.3,0.04565852735790932,-0.6411733940961558,False,0.0842333189781482,False,False
BGD,Bangladesh,2024,104486886261.1,0.030739773085511457,-0.873241168899518,False,0.09402630742514412,False,False
BGR,Bulgaria,1981,772737948.0,,,False,,False,False
BGR,Bulgaria,1982,1313089665.2,0.6992690324042428,5.604377309845685,True,,False,False
BGR,Bulgaria,1983,1738593873.0,0.32404809745813545,2.335381085046365,False,,False,False
BGR,Bulgaria,1984,2583927136.9,0.48621663576977303,3.7482242666191334,True,0.18818462058647592,False,False
BGR,Bulgaria,1985,3851537192.7,0.49057500023811906,3.7861951676707206,True,0.15378126031903874,False,False
BGR,Bulgaria,1986,5866004143.2,0.5230293386022895,4.068943542587677,True,0.13357517274383532,False,False
BGR,Bulgaria,1987,8265581747.0,0.409065105516784,3.0760654459213064,True,0.08026916987365015,False,False
BGR,Bulgaria,1988,8943895641.4,0.0820648703457798,0.22717713846043228,False,0.18160527446588431,False,False
BGR,Bulgaria,1989,10137085437.7,0.13340828696355733,0.6744907594765952,False,0.2057838415335979,False,False
BGR,Bulgaria,1990,10889618418.3,0.0742356356000824,0.15896735472214352,False,0.20759134324190517,False,False
BGR,Bulgaria,1991,11741672280.9,0.0782446023240011,0.19389423610129325,False,0.1438299967070919,False,False
BGR,Bulgaria,1992,11838561986.7,0.00825178079255462,-0.4158965512443391,False,0.044518497149250144,False,False
BGR,Bulgaria,1993,12177634744.5,0.02864138044645359,-0.23825847701658143,False,0.04868710197966836,False,False
BGR,Bulgaria,1994,9828532996.1,-0.19290295674707814,-2.1683949232021944,False,0.11150182410204498,False,False
BGR,Bulgaria,1995,10378823642.3,0.05598909281968689,0.0,False,0.10869927308874773,False,False
BGR,Bulgaria,1996,10368413941.5,-0.0010029750151619998,-0.49652574588458626,False,0.09898812941988873,False,False
BGR,Bulgaria,1997,11099448177.6,0.07050588838607275,0.12647308687484304,False,0.10704920393573955,False,False
BGR,Bulgaria,1998,11404629614.5,0.027495190032590155,-0.2482443061291252,False,0.10695296557344158,False,False
BGR,Bulgaria,1999,11794851857.2,0.034216125897141625,-0.1896902332560518,False,0.027498076089617737,False,False
BGR,Bulgaria,2000,12008623065.1,0.018124111306197177,-0.3298869281839842,False,0.02630071490438143,False,False
BGR,Bulgaria,2001,11274814331.7,-0.061106817111499456,-1.020161861596205,False,0.048393636995735644,False,False
BGR,Bulgaria,2002,12313486729.7,0.09212323746030071,0.31480754780776016,False,0.05481404863730705,False,False
BGR,Bulgaria,2003,14259733783.4,0.15805815983913574,0.8892451451390654,False,0.08222852263697013,False,False
BGR,Bulgaria,2004,16620274377.5,0.16553889644475306,0.9544187467292684,False,0.09636916470490592,False,False
BGR,Bulgaria,2005,18507353591.6,0.113540797897697,0.5014014120981836,False,0.0917388548279527,False,False
BGR,Bulgaria,2006,28007279111.5,0.5133054530395835,3.9842272002028047,True,0.17310199298221068,False,False
BGR,Bulgaria,2007,43822454674.9,0.5646808995775021,4.431819871981518,True,0.21708509562928002,False,False
BGR,Bulgaria,2008,53067247242.0,0.2109601718042302,1.3501375455671518,False,0.2094066588200893,False,False
BGR,Bulgaria,2009,55682965449.1,0.04929063298067193,-0.05835825745931485,False,0.23486189215342798,False,False
BGR,Bulgaria,2010,50697349714.5,-0.08953574391000008,-1.2678400845416884,False,0.28523953639058974,False,False
BGR,Bulgaria,2011,47739502725.5,-0.05834322712443529,-0.996084939459908,False,0.26717914391958,False,False
BGR,Bulgaria,2012,51428607356.1,0.07727572387614057,0.18545318259557556,False,0.11951217558678937,False,False
BGR,Bulgaria,2013,51652240788.2,0.004348424808619189,-0.4499033317491781,False,0.07032609338494879,False,False
BGR,Bulgaria,2014,47074927807.1,-0.08861789752489668,-1.2598436320828732,False,0.07153154509929845,False,False
BGR,Bulgaria,2015,40378595624.5,-0.14224837922300615,-1.7270825995207366,False,0.08494671221687432,False,False
BGR,Bulgaria,2016,39994027753.1,-0.009524052668306804,-0.570762996754805,False,0.08533397184389906,False,False
BGR,Bulgaria,2017,40989144703.6,0.02488163874474658,-0.27101406255145055,False,0.07053140063408085,False,False
BGR,Bulgaria,2018,40103456193.4,-0.02160787975949663,-0.6760395990528643,False,0.06711852119994685,False,False
BGR,Bulgaria,2019,40501402414.8,0.009922990663969067,-0.4013366526574283,False,0.0664626345909314,False,False
BGR,Bulgaria,2020,46867045226.7,0.1571709232857048,0.8815153713616874,False,0.0721174993112931,False,False
BGR,Bulgaria,2021,44946801413.5,-0.04097215439786339,-0.8447448465303008,False,0.07780944460190953,False,False
BGR,Bulgaria,2022,47206483345.4,0.05027458819842279,-0.049785852263796844,False,0.07855320335262993,False,False
BIH,Bosnia and Herzegovina,1999,2408825764.2,,,False,,False,False
BIH,Bosnia and Herzegovina,2000,2791207814.6,0.15874209587217436,0.9588584463831119,False,,False,False
BIH,Bosnia and Herzegovina,2001,2669145304.3,-0.04373107214071492,-0.8677985847721807,False,,False,False
BIH,Bosnia and Herzegovina,2002,3191487155.7,0.1956962966978626,1.2922490454015012,False,0.12889689786337324,False,False
BIH,Bosnia and Herzegovina,2003,4533614360.9,0.42053348164129667,3.3206680639449453,True,0.1902442568049955,False,False
BIH,Bosnia and Herzegovina,2004,5584724123.6,0.23184807507344707,1.6184004105756036,False,0.16620950804227094,False,False
BIH,Bosnia and Herzegovina,2005,7073464506.8,0.2665736659952209,1.9316851062259557,False,0.16770419257998667,False,False
BIH,Bosnia and Herzegovina,2006,8690258362.2,0.22857170681293626,1.5888419205373823,False,0.08853784092634996,False,False
BIH,Bosnia and Herzegovina,2007,11648664235.4,0.3404278388394264,2.5979770669337476,True,0.08215491247114967,False,False
BIH,Bosnia and Herzegovina,2008,13182478252.4,0.1316729528814795,0.7146481104824406,False,0.07537167133711378,False,False
BIH,Bosnia and Herzegovina,2009,14080358517.0,0.06811164391160918,0.1412155264086018,False,0.10814511347195575,False,False
BIH,Bosnia and Herzegovina,2010,14356729617.0,0.019628129473146627,-0.2961893574745749,False,0.12862696308839863,False,False
BIH,Bosnia and Herzegovina,2011,12407888515.4,-0.13574408333861432,-1.6979145725445162,False,0.17371545014215803,False,False
BIH,Bosnia and Herzegovina,2012,13058791609.5,0.05245881225416671,0.0,False,0.09979287594461513,False,False
BIH,Bosnia and Herzegovina,2013,13839008792.5,0.05974650689979688,0.06574756939895213,False,0.08507075557701962,False,False
BIH,Bosnia and Herzegovina,2014,13130629004.8,-0.05118717664836692,-0.9350655014584657,False,0.08238061815105865,False,False
BIH,Bosnia and Herzegovina,2015,11655585848.2,-0.11233606219936498,-1.4867338673721668,False,0.09081451915756546,False,False
BIH,Bosnia and Herzegovina,2016,11664670468.5,0.0007794220229095927,-0.46623719309678846,False,0.07254458894855695,False,False
BIH,Bosnia and Herzegovina,2017,13062518681.4,0.11983606538005809,0.60785897889692,False,0.09098591146137217,False,False
BIH,Bosnia and Herzegovina,2018,12981480931.4,-0.006203838017502017,-0.5292382375235326,False,0.08537696696182083,False,False
BIH,Bosnia and Herzegovina,2019,12697136611.3,-0.021903842990072087,-0.6708793485595022,False,0.08279540285118263,False,False
BIH,Bosnia and Herzegovina,2020,13980162216.6,0.10104842096116018,0.43836203708761984,False,0.0663278537972319,False,False
BIH,Bosnia and Herzegovina,2021,13746604227.8,-0.0167063861764547,-0.623989327892093,False,0.06922549517164472,False,False
BIH,Bosnia and Herzegovina,2022,13439997978.9,-0.022304144632311784,-0.6744907594765952,False,0.053092786023523464,False,False
BIH,Bosnia and Herzegovina,2023,13868345420.2,0.03187109417519873,-0.18573670947844198,False,0.05349289319958905,False,False
BIH,Bosnia and Herzegovina,2024,13888491676.4,0.0014526791473374878,-0.46016325316597595,False,0.0504640196924701,False,False
BLR,Belarus,1993,968283686.2,,,False,,False,False
BLR,Belarus,1994,1296124124.3,0.3385789131557093,1.4488659013358947,False,,False,False
BLR,Belarus,1995,1693743257.4,0.30677550525089026,1.2455364544459246,False,,False,False
BLR,Belarus,1996,1958924253.1,0.15656504877077349,0.28519254650377973,False,0.09721426920181965,False,False
BLR,Belarus,1997,2082345263.0,0.06300448304965656,-0.3129703338932233,False,0.12936474341631515,False,False
BLR,Belarus,1998,2386480834.1,0.14605434387083194,0.21799421920109532,False,0.11634594919111306,False,False
BLR,Belarus,1999,2703253741.5,0.13273641374935363,0.13284839541316312,False,0.08929653873857933,False,False
BLR,Belarus,2000,2620196263.4,-0.030725002549672698,-0.9122131735671827,False,0.07848643155362976,False,False
BLR,Belarus,2001,2798732256.7,0.06813840466604182,-0.2801475167360123,False,0.07026275827615197,False,False
BLR,Belarus,2002,3399007710.0,0.21448120014444982,0.6554691866691563,False,0.09248579600090863,False,False
BLR,Belarus,2003,3779551001.2,0.11195717211244571,0.0,False,0.09003117709075645,False,False
BLR,Belarus,2004,4601438650.3,0.2174564250724631,0.6744907594765952,False,0.10467439256052426,False,False
BLR,Belarus,2005,5300175946.7,0.15185192056281016,0.25505999735952634,False,0.06484913701046426,False,False
BLR,Belarus,2006,6562099699.5,0.23809091726203935,0.8064137249750881,False,0.052819587520463354,False,False
BLR,Belarus,2007,12526106963.9,0.9088565455435595,5.094834783481165,True,0.32991389566935236,False,False
BLR,Belarus,2008,15152844791.0,0.2097010535412327,0.6249081673031207,False,0.31671869293414046,False,False
BLR,Belarus,2009,22078685409.7,0.45706537051139007,2.2063880483392677,False,0.31062839823297883,False,False
BLR,Belarus,2010,28412146648.8,0.28685862050090494,1.1182013848173598,False,0.289567646007867,False,False
BLR,Belarus,2011,33932546340.5,0.19429717014828785,0.526426171297577,False,0.2970164094450019,False,False
BLR,Belarus,2012,33755733316.0,-0.005210720784869727,-0.7490921390365988,False,0.16717639127987713,False,False
BLR,Belarus,2013,39573469218.4,0.172348082263182,0.3860985714134882,False,0.1690528998278611,False,False
BLR,Belarus,2014,40013829087.7,0.01112765390544146,-0.6446356386890787,False,0.12542620973088153,False,False
BLR,Belarus,2015,38257921211.1,-0.04388252553264771,-0.9963334627694287,False,0.10945985605191784,False,False
BLR,Belarus,2016,37515947697.5,-0.019393984045968593,-0.8397703167528013,False,0.08589553120385926,False,False
BLR,Belarus,2017,39584221158.1,0.05513051348927611,-0.3633111615281769,False,0.08517740130438332,False,False
BLR,Belarus,2018,38767563257.0,-0.020630894765827357,-0.847678286026844,False,0.0381717682626382,False,False
BLR,Belarus,2019,40734118642.4,0.050726824700412676,-0.39146536463731874,False,0.04539730395561149,False,False
BLR,Belarus,2020,41792363746.1,0.025979329833798692,-0.549684083153284,False,0.03675387513159076,False,False
BLR,Belarus,2021,41653683788.2,-0.003318308548961757,-0.7369933370979338,False,0.03315197513950482,False,False
BLR,Belarus,2022,39858867169.4,-0.043089024920971,-0.991260357366324,False,0.03715760898565004,False,False
BLR,Belarus,2023,36774534069.5,-0.077381353734706,-1.2105022785822317,False,0.05162444307774413,False,False
BLR,Belarus,2024,34217084774.6,-0.06954402984594421,-1.1603957385482622,False,0.04406079768150574,False,False
BLZ,Belize,1970,4084800.0,,,False,,False,False
BLZ,Belize,1971,4338910.0,0.06220867606737168,0.2026697321554809,False,,False,False
BLZ,Belize,1972,5068965.7,0.16825785738814591,1.1291618570966986,False,,False,False
BLZ,Belize,1973,4825894.4,-0.04795283976768672,-0.7597495493668305,False,0.1081118664428158,False,False
BLZ,Belize,1974,5274044.5,0.09286363580603818,0.47048489521983683,False,0.0897135947483491,False,False
BLZ,Belize,1975,4827053.0,-0.08475307707396096,-1.0812525504800707,False,0.10370549479075561,False,False
BLZ,Belize,1976,9165985.1,0.8988780732260448,7.5121802629546215,True,0.40103998004467306,False,False
BLZ,Belize,1977,20669097.4,1.2549782892402912,10.62322781389348,True,0.6138500231049889,True,True
BLZ,Belize,1978,33312767.1,0.6117185213902956,5.003428568090253,True,0.5554935639694445,False,False
BLZ,Belize,1979,71830514.1,1.156245798626557,9.760657505568638,True,0.5377317443721062,False,False
BLZ,Belize,1980,63043521.2,-0.12232952819698661,-1.4095368956785188,False,0.5526739772265443,False,False
BLZ,Belize,1981,60228528.7,-0.0446515747600722,-0.7309082514538621,False,0.6464768855538966,False,False
BLZ,Belize,1982,69805336.4,0.15900783078567882,1.0483495707975707,False,0.5324077303634106,False,False
BLZ,Belize,1983,100638089.8,0.44169622252547436,3.5180392515411283,True,0.5168755996698909,False,False
BLZ,Belize,1984,98761894.3,-0.018642995944463947,-0.503685908447866,False,0.2254033093308179,False,False
BLZ,Belize,1985,118125320.2,0.19606171020962293,1.372068500611512,False,0.1959365737572027,False,False
BLZ,Belize,1986,121873478.7,0.031730356316951536,-0.06360222655763226,False,0.17958368370248262,False,False
BLZ,Belize,1987,137196602.4,0.12572976387848023,0.7576177939107018,False,0.18033602920086306,False,False
BLZ,Belize,1988,132277165.4,-0.035856842763913765,-0.6540736183720396,False,0.09874895874690713,False,False
BLZ,Belize,1989,137214241.0,0.03732371785463129,-0.014736168827922691,False,0.0904576698362789,False,False
BLZ,Belize,1990,142750749.7,0.04034937379422576,0.01169728747888961,False,0.05740082716137949,False,False
BLZ,Belize,1991,161781662.7,0.13331567813125123,0.8238916654120076,False,0.07032840323085669,False,False
BLZ,Belize,1992,180961169.0,0.11855179369472513,0.6949079005811508,False,0.06871029274203548,False,False
BLZ,Belize,1993,194553505.8,0.0751118976248435,0.315397930624162,False,0.04399376096081849,False,False
BLZ,Belize,1994,198665305.0,0.02113454179657337,-0.15617190591021687,False,0.0483823083526133,False,False
BLZ,Belize,1995,255157967.5,0.2843609884473788,2.14348969317897,False,0.09845346089342967,False,False
BLZ,Belize,1996,281542136.1,0.10340327154393103,0.5625637721078178,False,0.09884342480253518,False,False
BLZ,Belize,1997,450090458.6,0.5986610914969186,4.889353138016037,True,0.23537275513772654,False,False
BLZ,Belize,1998,333460184.2,-0.2591262982174224,-2.6046534308827467,True,0.3183987471821928,False,False
BLZ,Belize,1999,416579339.1,0.24926260716676008,1.8368548521582089,False,0.31164573686365427,False,False
BLZ,Belize,2000,629903800.8,0.5120860342255027,4.132995495464495,True,0.3429782927143279,False,False
BLZ,Belize,2001,721979991.7,0.1461750044737944,0.9362363760456344,False,0.33920557059274725,False,False
BLZ,Belize,2002,849529037.9,0.1766656246244005,1.2026157964455233,False,0.27746282878156775,False,False
BLZ,Belize,2003,1061730342.3,0.24978699365539359,1.8414361223395879,False,0.1444271755727709,False,False
BLZ,Belize,2004,965854392.5,-0.09030160105654161,-1.1297268876780087,False,0.2165564795068473,False,False
BLZ,Belize,2005,1023162269.1,0.05933386755291892,0.17755414506482703,False,0.13035261497563866,False,False
BLZ,Belize,2006,1054232125.7,0.03036649956544024,-0.07551747686023498,False,0.1322227439798238,False,False
BLZ,Belize,2007,1075497698.7,0.020171623005587946,-0.16458438647531815,False,0.1233762213076777,False,False
BLZ,Belize,2008,1275782808.0,0.18622551172549517,1.286135159859565,False,0.09901193908247907,False,False
BLZ,Belize,2009,1291168230.7,0.012059594002618024,-0.23545462700846329,False,0.07190747942575314,False,False
BLZ,Belize,2010,1303876871.3,0.009842745738183112,-0.2548219849984887,False,0.07561358362456984,False,False
BLZ,Belize,2011,1274688747.1,-0.022385644566958796,-0.536383327060416,False,0.08268942655613876,False,False
BLZ,Belize,2012,1196357127.5,-0.06145156594361523,-0.8776803371671293,False,0.09501320174370674,False,False
BLZ,Belize,2013,1249160027.9,0.044136403074173325,0.044782434965133414,False,0.040013717887242305,False,False
BLZ,Belize,2014,1286836300.3,0.030161285630743828,-0.07731031573043173,False,0.042520578904638034,False,False
BLZ,Belize,2015,1280311151.2,-0.005070690886229023,-0.3851123032851901,False,0.04218458696582671,False,False
BLZ,Belize,2016,1290777702.5,0.00817500596647136,-0.26939209054478697,False,0.0408524158382838,False,False
BLZ,Belize,2017,1339403309.2,0.037671557701857594,-0.01169728747888961,False,0.02074264450874242,False,False
BLZ,Belize,2018,1349377447.4,0.007446702670876215,-0.2757548673199949,False,0.01766380114945304,False,False
BLZ,Belize,2019,1377889086.7,0.021129476674548453,-0.1562161570360578,False,0.01621462015165059,False,False
BLZ,Belize,2020,1527863210.8,0.10884339352682093,0.6100910619283924,False,0.042182561863221446,False,False
BLZ,Belize,2021,1452131243.3,-0.04956724330075746,-0.7738536861573172,False,0.057169924550680616,False,False
BLZ,Belize,2022,1471192939.9,0.013126703724576583,-0.2261318888078512,False,0.05687411846717112,False,False
BLZ,Belize,2023,1518303204.9,0.0320218128583476,-0.06105593447877811,False,0.05655791051577695,False,False
BLZ,Belize,2024,1558943630.7,0.026767002578168553,-0.106964260050098,False,0.05651487497991352,False,False
BOL,Bolivia,1970,716253874.1,,,False,,False,False
BOL,Bolivia,1971,693954454.3,-0.03113340200500858,-1.193890669504376,False,,False,False
BOL,Bolivia,1972,809516354.4,0.166526634974292,1.192855673772055,False,,False,False
BOL,Bolivia,1973,851175724.6,0.051462048880874356,-0.19655001640213285,False,0.09927349234862101,False,False
BOL,Bolivia,1974,946414912.0,0.11189133412463859,0.533134029935806,False,0.08476641800535843,False,False
BOL,Bolivia,1975,1080565198.2,0.14174574438658039,0.8936262448129384,False,0.07929939178176898,False,False
BOL,Bolivia,1976,1360672695.7,0.2592231343065663,2.3121665582428546,False,0.07641923962733771,False,False
BOL,Bolivia,1977,1803420861.4,0.32538917485385976,3.1111219654093047,True,0.11182277226066376,False,False
BOL,Bolivia,1978,2238360353.6,0.2411747038693759,2.0942316331757587,False,0.087778469857851,False,False
BOL,Bolivia,1979,2633582875.2,0.17656787074715452,1.3141036666850883,False,0.07196319513703986,False,False
BOL,Bolivia,1980,2784672649.8,0.057370427193610185,-0.12520630652468917,False,0.10137062963761415,False,False
BOL,Bolivia,1981,3310315978.8,0.18876305947047411,1.4613606566956545,False,0.09799653428939759,False,False
BOL,Bolivia,1982,3422096975.7,0.03376747042151562,-0.4102121763364399,False,0.08953107267479789,False,False
BOL,Bolivia,1983,4164917350.3,0.2170658458467718,1.8031170021891882,False,0.08310701486538334,False,False
BOL,Bolivia,1984,4412205630.3,0.05937411458649655,-0.1010117670966639,False,0.08485712140217916,False,False
BOL,Bolivia,1985,4898177366.7,0.1101425856181042,0.5120178793619894,False,0.07959623562868907,False,False
BOL,Bolivia,1986,5670015389.5,0.15757657696254523,1.0847836600352292,False,0.07406930246173218,False,False
BOL,Bolivia,1987,5934538201.2,0.04665292658461828,-0.25462020211276465,False,0.07065648175985777,False,False
BOL,Bolivia,1988,4997498695.1,-0.15789594309301513,-2.7245492489010386,True,0.12070253689924794,False,False
BOL,Bolivia,1989,4229853023.5,-0.1536059773967864,-2.672747882804322,True,0.14803930212649083,False,False
BOL,Bolivia,1990,4369976028.0,0.03312715683535861,-0.4179439674140188,False,0.13741424862811413,False,False
BOL,Bolivia,1991,4158857030.9,-0.04831124833346567,-1.4013132853065928,False,0.09804348543834956,False,False
BOL,Bolivia,1992,4332374230.3,0.041722328541418996,-0.314157208326136,False,0.09676931705740571,False,False
BOL,Bolivia,1993,4400366539.0,0.01569400635440754,-0.62844938266169,False,0.08144386768957132,False,False
BOL,Bolivia,1994,4965186858.3,0.12835756164720724,0.7319638436283135,False,0.0633914960481016,False,False
BOL,Bolivia,1995,5359275052.5,0.07937026449291151,0.14044188432474716,False,0.06650757731527888,False,False
BOL,Bolivia,1996,5275484513.9,-0.01563467778368899,-1.0067434650112481,False,0.05602634147189119,False,False
BOL,Bolivia,1997,5313085255.3,0.007127447972016476,-0.7318906356640716,False,0.05932788283739638,False,False
BOL,Bolivia,1998,5688227905.2,0.07060730853618069,0.034629129224382715,False,0.05808295479674202,False,False
BOL,Bolivia,1999,5655151008.4,-0.005814973898947029,-0.8881704712127109,False,0.04453541468553685,False,False
BOL,Bolivia,2000,5892765188.4,0.04201730062505038,-0.3105954183318866,False,0.0358721011808028,False,False
BOL,Bolivia,2001,4794042371.9,-0.18645284198034107,-3.069374004760907,True,0.10068318533377577,False,False
BOL,Bolivia,2002,5107005795.5,0.06528173915074631,-0.029677158737515835,False,0.10696936114016416,False,False
BOL,Bolivia,2003,5864138345.8,0.14825370884974154,0.9722099616937031,False,0.1245028120842235,False,False
BOL,Bolivia,2004,6284467791.5,0.07167795521076803,0.04755719538567765,False,0.12643677419372631,False,False
BOL,Bolivia,2005,6967641266.1,0.10870824662734702,0.4946982259129363,False,0.13167391620776622,False,False
BOL,Bolivia,2006,6255767963.5,-0.1021684778841172,-2.0516397127092056,False,0.09566934593470316,False,False
BOL,Bolivia,2007,5064781761.7,-0.19038209357331448,-3.1168197455118536,True,0.14608013698052075,False,False
BOL,Bolivia,2008,5701040187.5,0.12562405563284118,0.6989567391887066,False,0.14087594036831774,False,False
BOL,Bolivia,2009,5780325836.3,0.013907225031291715,-0.6500247797644838,False,0.13609127713230423,False,False
BOL,Bolivia,2010,5776504655.7,-0.0006610666436835944,-0.8259370046856654,False,0.12034893045322989,False,False
BOL,Bolivia,2011,6181999152.8,0.07019720770065963,0.029677158737515835,False,0.11945544409480804,False,False
BOL,Bolivia,2012,6617099947.7,0.07038189170616915,0.031907219409100504,False,0.05059181298622986,False,False
BOL,Bolivia,2013,8141786767.5,0.230416168994086,1.9643222485321692,False,0.09170390216356951,False,False
BOL,Bolivia,2014,8884014490.4,0.09116275629604909,0.2828363061784847,False,0.08468775925293703,False,False
BOL,Bolivia,2015,9895204080.3,0.11382124500052138,0.5564377173996763,False,0.0668737050486429,False,False
BOL,Bolivia,2016,10994252972.4,0.11106884539026907,0.5232024726562327,False,0.0623426531166319,False,False
BOL,Bolivia,2017,12990057752.2,0.18153164064991723,1.3740412233370947,False,0.05841782419053148,False,False
BOL,Bolivia,2018,13248377783.1,0.01988598017250931,-0.5778312691858096,False,0.05787111581114861,False,False
BOL,Bolivia,2019,14301151537.3,0.07946435189544077,0.14157799037515018,False,0.05872448435744916,False,False
BOL,Bolivia,2020,15420130053.6,0.07824394513836896,0.1268415701595858,False,0.058960902886766246,False,False
BOL,Bolivia,2021,16025613524.0,0.039265782343946176,-0.343820021019639,False,0.06241894592760762,False,False
BOL,Bolivia,2022,15930334885.1,-0.005945397270270547,-0.8897453343430703,False,0.037122435397097274,False,False
BOL,Bolivia,2023,16311190351.2,0.023907561821328915,-0.5292706423580763,False,0.03655783536451988,False,False
BOL,Bolivia,2024,15717587538.6,-0.036392366211110416,-1.257392699455173,False,0.043680343708157064,False,False
BRA,Brazil,1970,5984162468.6,,,False,,False,False
BRA,Brazil,1971,7726273573.1,0.29112028853514205,2.6586552927921243,True,,False,False
BRA,Brazil,1972,11863655548.9,0.5354951435068023,5.41831324499412,True,,False,False
BRA,Brazil,1973,15066000213.8,0.26992899884023713,2.4193478929749768,False,0.14758811926801355,False,False
BRA,Brazil,1974,22464958636.0,0.4911030344618461,4.917005380258452,True,0.13588451890649925,False,False
BRA,Brazil,1975,27781563139.4,0.2366621096234811,2.0436740725948477,False,0.1377840657119785,False,False
BRA,Brazil,1976,33801318618.9,0.21668166939687938,1.8180404624338005,False,0.1511200939360812,False,False
BRA,Brazil,1977,42500176105.4,0.2573526075883925,2.2773261692907565,False,0.11184499440573646,False,False
BRA,Brazil,1978,55032094032.5,0.29486743527887915,2.7009707892478505,True,0.11103707002975573,False,False
BRA,Brazil,1979,61795286977.7,0.12289543154955895,0.758938301074031,False,0.06433564091289534,False,False
BRA,Brazil,1980,71983934096.8,0.16487741407814438,1.2330292706529251,False,0.0691081387804047,False,False
BRA,Brazil,1981,81914155928.9,0.13795052961048748,0.9289513782780682,False,0.07619170001711514,False,False
BRA,Brazil,1982,94428719113.5,0.1527765627648343,1.0963776885617038,False,0.06901370545800471,False,False
BRA,Brazil,1983,99022210538.2,0.048645067600448844,-0.07955061526646816,False,0.045724846938167876,False,False
BRA,Brazil,1984,104364922436.4,0.053954682178488866,-0.019590599760310443,False,0.055934426829071404,False,False
BRA,Brazil,1985,104173244270.1,-0.0018366148493694778,-0.6496263557894971,False,0.06518997357712182,False,False
BRA,Brazil,1986,109645181057.1,0.05252727632070653,-0.035709901097207626,False,0.05622547878029816,False,False
BRA,Brazil,1987,120476573202.5,0.09878584759470033,0.4866754076882811,False,0.03567244690569443,False,False
BRA,Brazil,1988,118039405885.0,-0.02022938777818284,-0.8573308762972707,False,0.047772605374256705,False,False
BRA,Brazil,1989,114930095027.7,-0.02634129538341845,-0.9263509660600587,False,0.053633715534451655,False,False
BRA,Brazil,1990,120311895094.7,0.046826725982458184,-0.10008464650503276,False,0.0529597729891353,False,False
BRA,Brazil,1991,121336709129.8,0.008517977663749399,-0.5326947935223664,False,0.051993290006569,False,False
BRA,Brazil,1992,129535948557.2,0.06757426904193409,0.13421164473727157,False,0.04113654019208155,False,False
BRA,Brazil,1993,144599577124.3,0.11628917481889789,0.6843356627495153,False,0.05474065381916998,False,False
BRA,Brazil,1994,152903103557.7,0.05742427881557477,0.019590599760310443,False,0.038904179578192095,False,False
BRA,Brazil,1995,160964228343.5,0.05272047851375383,-0.03352812192648367,False,0.03851814129053506,False,False
BRA,Brazil,1996,181793526989.2,0.1294032771135334,0.8324296091892103,False,0.03555349070301661,False,False
BRA,Brazil,1997,198980293495.1,0.09454003555869739,0.4387286213870913,False,0.03433388542321095,False,False
BRA,Brazil,1998,241998415763.8,0.21619287776233653,1.8125206730864374,False,0.06696558669224069,False,False
BRA,Brazil,1999,245114967226.0,0.01287839613479913,-0.48345378830537566,False,0.07780439829649845,False,False
BRA,Brazil,2000,242511685521.8,-0.010620655823925018,-0.7488221119597117,False,0.09159497839862302,False,False
BRA,Brazil,2001,229959717402.1,-0.051758199167568186,-1.2133770623268618,False,0.106049825864676,False,False
BRA,Brazil,2002,231944181034.5,0.008629614155117649,-0.5314341133627973,False,0.1044315926558145,False,False
BRA,Brazil,2003,235907984168.4,0.01708947004499506,-0.43589929009429657,False,0.028332719905519055,False,False
BRA,Brazil,2004,220693592600.6,-0.06449290650942696,-1.3571866060256241,False,0.03630148723914194,False,False
BRA,Brazil,2005,188364545589.9,-0.14648838069896963,-2.2831389198100607,False,0.06600734403889096,False,False
BRA,Brazil,2006,194303018016.9,0.03152648715501383,-0.2728660308894578,False,0.07458499551397169,False,False
BRA,Brazil,2007,238444452622.6,0.22717832721394315,1.936576329062806,False,0.13935027581867745,False,False
BRA,Brazil,2008,262957236462.6,0.10280291099410821,0.5320389986189484,False,0.1451369088223744,False,False
BRA,Brazil,2009,281651138432.4,0.0710910345015694,0.17392550878370697,False,0.13538214552699396,False,False
BRA,Brazil,2010,352364412862.6,0.25106688658804077,2.206343252713863,False,0.0971868352151254,True,False
BRA,Brazil,2011,404046105342.1,0.14667114666784653,1.027430905614218,False,0.07771710216165846,True,False
BRA,Brazil,2012,440496598192.8,0.09021369682511327,0.38987246926194935,False,0.07193738933993656,True,False
BRA,Brazil,2013,483734834011.9,0.09815793356064728,0.47958454738853923,False,0.07244287659966965,True,False
BRA,Brazil,2014,556919631071.7,0.15129114530131105,1.0796032781338099,False,0.06414342885724798,True,False
BRA,Brazil,2015,543397356309.8,-0.024280477841800208,-0.9030787209781181,False,0.07082688651587757,True,False
BRA,Brazil,2016,543257228545.3,-0.0002578734748575062,-0.6317980641301629,False,0.07312904552626565,True,False
BRA,Brazil,2017,543000470110.9,-0.0004726277367491649,-0.6342232248803036,False,0.07589356019827523,True,False
BRA,Brazil,2018,557765380774.6,0.027191340480210657,-0.3218216486696504,False,0.06983464478349251,True,False
BRA,Brazil,2019,568708887352.2,0.01962026858390198,-0.40731967901227417,False,0.02011903279593214,True,False
BRA,Brazil,2020,549329010779.0,-0.03407697154765588,-1.0137078270790572,False,0.023754125664273686,True,False
BRA,Brazil,2021,571193915507.8,0.039802931029973454,-0.17940242900564465,False,0.028844015885128478,True,False
BRA,Brazil,2022,579257850288.2,0.01411768326213858,-0.46945885999566683,False,0.02819823446072943,True,False
BRA,Brazil,2023,607387151485.1,0.048560932204724905,-0.08050073312494486,False,0.03216468074308453,True,False
BRA,Brazil,2024,605463780812.8,-0.003166630488638411,-0.6646458562036751,False,0.033398413491072886,True,False
BTN,Bhutan,1981,325908.8,,,False,,False,False
BTN,Bhutan,1982,1143925.1,2.5099546253430414,19.56077674715068,True,,True,True
BTN,Bhutan,1983,1764110.8,0.542155863176706,3.434019306597603,True,,False,False
BTN,Bhutan,1984,2731924.9,0.5486129896149379,3.4869375794588526,True,1.1342497281540922,True,True
BTN,Bhutan,1985,8833074.5,2.233278667360146,17.293326360551823,True,1.060411832152707,True,True
BTN,Bhutan,1986,20953606.6,1.3721759167773353,10.236306376072216,True,0.9191546813876255,True,True
BTN,Bhutan,1987,40242793.9,0.9205664527461346,6.535218427286459,True,0.7076521755055069,False,False
BTN,Bhutan,1988,67083431.5,0.6669675486919908,4.456892080354054,True,0.6838251129359695,False,False
BTN,Bhutan,1989,73855715.5,0.10095315413314832,-0.18178186558492787,False,0.8012047753606367,False,False
BTN,Bhutan,1990,83545689.9,0.13120141527841556,0.06611257355538773,False,0.5396667075008214,False,False
BTN,Bhutan,1991,86339685.4,0.033442724613852226,-0.735052018253727,False,0.39811837178614784,False,False
BTN,Bhutan,1992,89198882.7,0.033115678922777336,-0.7377322651536369,False,0.2683087548672954,False,False
BTN,Bhutan,1993,96619573.0,0.08319263734454818,-0.32733513646579165,False,0.04292741138925444,False,False
BTN,Bhutan,1994,104507960.6,0.08164378453628629,-0.34002849415571157,False,0.04098899577802235,False,False
BTN,Bhutan,1995,105769087.6,0.012067281695668175,-0.9102307965686631,False,0.031986896728933525,False,False
BTN,Bhutan,1996,113040448.6,0.06874750614753333,-0.4457177330453159,False,0.03167417678537721,False,False
BTN,Bhutan,1997,119619860.0,0.05820404537920432,-0.5321248584404161,False,0.029071760518186877,False,False
BTN,Bhutan,1998,171042023.7,0.4298798184515513,2.513880228110772,True,0.16961782290697217,False,False
BTN,Bhutan,1999,192034098.7,0.12273051116852529,-0.0033092690175761156,False,0.1676669367319605,False,False
BTN,Bhutan,2000,211571982.8,0.10174174395206004,-0.1753191129019866,False,0.15511099149279456,False,False
BTN,Bhutan,2001,272712510.2,0.28898215439894237,1.359177574666938,False,0.15531696060676645,False,False
BTN,Bhutan,2002,386049931.1,0.4155930390464355,2.396795376497517,False,0.1558063023454108,False,False
BTN,Bhutan,2003,493626169.2,0.2786588713886704,1.2745748783457143,False,0.12998295662406328,False,False
BTN,Bhutan,2004,601316819.9,0.21816236135642875,0.7787861005258205,False,0.11422719307047993,False,False
BTN,Bhutan,2005,656602174.2,0.09194047542058459,-0.2556437290445541,False,0.11766777913675769,False,False
BTN,Bhutan,2006,721112613.6,0.09824889702596407,-0.20394414115036283,False,0.13502045599651855,False,False
BTN,Bhutan,2007,801238273.2,0.11111393434097594,-0.09851093312534252,False,0.08410890200730471,False,False
BTN,Bhutan,2008,693075804.2,-0.1349941367229236,-2.1154474423446827,False,0.12913826346172866,False,False
BTN,Bhutan,2009,786548880.3,0.13486703118700483,0.09615350038419264,False,0.11036679233673924,False,False
BTN,Bhutan,2010,934629272.1,0.18826597495570807,0.5337753905370122,False,0.12475400005878065,False,False
BTN,Bhutan,2011,1070492249.6,0.14536563486261467,0.1821930071651952,False,0.12825460360913712,False,False
BTN,Bhutan,2012,1449649027.4,0.3541891853413004,1.8935706191408417,False,0.17596394164634746,False,False
BTN,Bhutan,2013,1628150561.0,0.12313431059940694,0.0,False,0.09547315818899128,False,False
BTN,Bhutan,2014,1941155641.3,0.1922457835273872,0.5663912294781072,False,0.09064121443306604,False,False
BTN,Bhutan,2015,2111104022.8,0.08755010566086541,-0.2916242518249347,False,0.10424829169101851,False,False
BTN,Bhutan,2016,2389670352.4,0.13195291496367467,0.07227136040587022,False,0.10554283556194077,False,False
BTN,Bhutan,2017,2707950876.9,0.1331901382047711,0.08241081139678944,False,0.03765744000666551,False,False
BTN,Bhutan,2018,2651977085.0,-0.020670165170823762,-1.1785249305977417,False,0.07942032571939048,False,False
BTN,Bhutan,2019,2803804731.6,0.057250738499499576,-0.5399375215597302,False,0.06366769345776578,False,False
BTN,Bhutan,2020,3236756638.4,0.15441585568369276,0.25636254053978347,False,0.07260802041619065,False,False
BTN,Bhutan,2021,3268867963.8,0.009920834028434466,-0.9278216404871801,False,0.07593030360610782,False,False
BTN,Bhutan,2022,3160243054.4,-0.03323013061491953,-1.2814579743992702,False,0.07603951098888066,False,False
BTN,Bhutan,2023,3266699740.1,0.033686233579971026,-0.7330563822635536,False,0.06999761506488832,False,False
BTN,Bhutan,2024,3400087106.3,0.040832453795069945,-0.6744907594765952,False,0.06962870139785146,False,False
BWA,Botswana,1970,17358400.0,,,False,,False,False
BWA,Botswana,1971,33201565.7,0.9127088729375978,5.839918251228376,True,,False,False
BWA,Botswana,1972,74756512.0,1.2515959842219129,8.131683372789038,True,,False,False
BWA,Botswana,1973,114920842.5,0.5372686529301955,3.3009583061800045,True,0.35731950437113036,False,False
BWA,Botswana,1974,134055048.0,0.16649900125819217,0.7935836449990761,False,0.4688459358586362,False,False
BWA,Botswana,1975,147979450.1,0.10387077777182996,0.37005270082299335,False,0.48995134274410573,False,False
BWA,Botswana,1976,166353134.3,0.12416375508615318,0.5072864169278531,False,0.4887822348076656,False,False
BWA,Botswana,1977,185561932.5,0.11547001071442975,0.44849391799990046,False,0.18477202948989963,False,False
BWA,Botswana,1978,125537379.1,-0.32347450035313685,-2.519921484264194,True,0.2030628922516139,False,False
BWA,Botswana,1979,130018668.0,0.03569684927411387,-0.09098174495077097,False,0.19028138377402232,False,False
BWA,Botswana,1980,135629101.5,0.043150984287886995,-0.04057225439437984,False,0.1847410353110871,False,False
BWA,Botswana,1981,159540360.1,0.1762988793374849,0.8598565070520315,False,0.19477048368469144,False,False
BWA,Botswana,1982,204807763.8,0.2837363766236103,1.586415590680145,False,0.22917214004397146,False,False
BWA,Botswana,1983,228122753.2,0.11383840615909291,0.43745999464433394,False,0.10304611989296997,False,False
BWA,Botswana,1984,266914783.7,0.1700489317959013,0.8175904800759621,False,0.08864041423156005,False,False
BWA,Botswana,1985,345662733.4,0.29503030371112415,1.6627921400464571,False,0.0784565223662131,False,False
BWA,Botswana,1986,407035314.5,0.17755047093543586,0.8683205467723735,False,0.07833282724647113,False,False
BWA,Botswana,1987,543402800.4,0.3350261784226587,1.933269085371487,False,0.09275431865935556,False,False
BWA,Botswana,1988,532601060.4,-0.019877961600582084,-0.46681313233305427,False,0.13843198020101818,False,False
BWA,Botswana,1989,549840386.8,0.03236817888994192,-0.11349228144980329,False,0.1563174243820737,False,False
BWA,Botswana,1990,552920438.5,0.005601719651634918,-0.29450370285662947,False,0.14909652233205625,False,False
BWA,Botswana,1991,612559218.7,0.10786141377192027,0.3970398599486128,False,0.14391873677362121,False,False
BWA,Botswana,1992,606348584.4,-0.010138830843458013,-0.4009510814013797,False,0.05130421886729479,False,False
BWA,Botswana,1993,663983873.0,0.09505306037290717,0.31042181928829876,False,0.052920558409832674,False,False
BWA,Botswana,1994,700397765.1,0.05484153091772459,0.03848648264847793,False,0.05240938821394116,False,False
BWA,Botswana,1995,717153185.0,0.023922720395328056,-0.17060571707204525,False,0.04900273448767098,False,False
BWA,Botswana,1996,626530347.7,-0.12636468636752962,-1.1869425016833588,False,0.08427238627032833,False,False
BWA,Botswana,1997,574727348.0,-0.08268234713636691,-0.8915353936975641,False,0.09376986746769772,False,False
BWA,Botswana,1998,532169048.7,-0.07404954618585513,-0.8331550320344137,False,0.0766767398883442,False,False
BWA,Botswana,1999,510191242.4,-0.041298542922945436,-0.6116724070694146,False,0.055921536725333225,False,False
BWA,Botswana,2000,452434627.4,-0.11320581421254128,-1.0979540354959347,False,0.033578079963320524,False,False
BWA,Botswana,2001,400352880.4,-0.1151144139857232,-1.1108611725499824,False,0.030566249076387324,False,False
BWA,Botswana,2002,491350071.0,0.22729245886549654,1.204706762769726,False,0.1433605449454386,False,False
BWA,Botswana,2003,514126449.3,0.0463546860869386,-0.018906833083069455,False,0.1428109130516271,False,False
BWA,Botswana,2004,515796292.8,0.00324792373991567,-0.3104215327006349,False,0.1409043553629191,False,False
BWA,Botswana,2005,460538960.4,-0.1071301464770823,-1.056866596810093,False,0.13959945269367238,False,False
BWA,Botswana,2006,364731487.2,-0.2080333727178839,-1.7392368813430021,False,0.1645319310770468,False,False
BWA,Botswana,2007,425189546.8,0.16576046138524902,0.7885891796879627,False,0.14352574947945207,False,False
BWA,Botswana,2008,448508779.9,0.054844323609321455,0.03850536856353298,False,0.14455293064015096,False,False
BWA,Botswana,2009,1643300883.2,2.66392132516646,17.682704491315686,True,1.2105155084451473,True,True
BWA,Botswana,2010,1806938426.7,0.09957856480996252,0.3410260909792638,False,1.187312159539645,False,False
BWA,Botswana,2011,2395188968.7,0.32555096139845663,1.8691917830126317,False,1.1238434599438332,False,False
BWA,Botswana,2012,2517445031.3,0.05104234538386154,0.01279403048100554,False,1.1375922176638062,False,False
BWA,Botswana,2013,2378002492.2,-0.0553905000372511,-0.7069709732695305,False,1.152711090082658,False,False
BWA,Botswana,2014,2490383552.1,0.0472585963507679,-0.01279403048100554,False,0.14141591156171965,False,False
BWA,Botswana,2015,2223000319.7,-0.107366285877744,-1.0584635180981636,False,0.16717028684048807,False,False
BWA,Botswana,2016,2121220930.7,-0.04578469382034778,-0.6420105456836599,False,0.06910131281925139,False,False
BWA,Botswana,2017,1732142195.8,-0.18342207040716152,-1.57279996959932,False,0.08485958230153672,False,False
BWA,Botswana,2018,1773968857.7,0.02414736041961163,-0.1690865617090438,False,0.0948962142429857,False,False
BWA,Botswana,2019,1564146563.7,-0.11827845403782367,-1.1322583764954026,False,0.07864332340471714,False,False
BWA,Botswana,2020,1602987277.9,0.024831889224064874,-0.16445735278810195,False,0.09097835163841526,False,False
BWA,Botswana,2021,1997456430.5,0.24608376999521542,1.3317852794836713,False,0.16536442853645109,False,False
BWA,Botswana,2022,2002717072.9,0.002633670662184784,-0.314575493510829,False,0.13163917331355265,False,False
BWA,Botswana,2023,2184503342.8,0.0907698208398291,0.28145589334323484,False,0.13351266698203962,False,False
BWA,Botswana,2024,2317990593.0,0.06110645270466919,0.0808537747718407,False,0.09612043347544134,False,False
CAF,Central African Republic,1970,24142239.5,,,False,,False,False
CAF,Central African Republic,1971,28420020.5,0.17719072830836602,1.591507377562826,False,,False,False
CAF,Central African Republic,1972,36809736.2,0.29520442112277867,2.958093102611752,True,,False,False
CAF,Central African Republic,1973,56151760.7,0.5254594706929738,5.624421529075776,True,0.17712318522543566,False,False
CAF,Central African Republic,1974,68570794.0,0.22116908081209985,2.100771915511701,False,0.15498486618165308,False,False
CAF,Central African Republic,1975,79160192.1,0.15443015141402605,1.3279423730629012,False,0.15011595256309956,False,False
CAF,Central African Republic,1976,94577875.7,0.19476561629011013,1.795022668563467,False,0.14744422129007795,False,False
CAF,Central African Republic,1977,131960067.2,0.3952530253330695,4.116645055899629,True,0.15681865255473265,False,False
CAF,Central African Republic,1978,142360554.6,0.0788154145468638,0.4523319456483732,False,0.11722491638408776,False,False
CAF,Central African Republic,1979,157822458.1,0.10861086867387071,0.7973600632359704,False,0.12483712368893707,False,False
CAF,Central African Republic,1980,194665446.9,0.23344579246545138,2.2429349009747157,False,0.1247835318055543,False,False
CAF,Central African Republic,1981,233383987.6,0.19889785946393346,1.842873595003489,False,0.12473583973419251,False,False
CAF,Central African Republic,1982,253472380.5,0.08607442655590303,0.5363905150646522,False,0.07041136484960202,False,False
CAF,Central African Republic,1983,257907897.6,0.017499015440066934,-0.2577052859000476,False,0.087300316218052,False,False
CAF,Central African Republic,1984,263621787.4,0.022154768633188215,-0.20379217038491756,False,0.09996788482399517,False,False
CAF,Central African Republic,1985,343526726.1,0.3031044569118191,3.0495746576687237,True,0.12331808830607549,False,False
CAF,Central African Republic,1986,461863128.5,0.34447509730451786,3.528642173043431,True,0.15743274822141362,False,False
CAF,Central African Republic,1987,617836345.5,0.33770441365725956,3.450238392935337,True,0.1697625147873846,False,False
CAF,Central African Republic,1988,668836055.3,0.08254566143843012,0.4955277988697384,False,0.1535179939852808,False,False
CAF,Central African Republic,1989,693537146.4,0.03693145862018543,-0.0326797077704301,False,0.14887745131705535,False,False
CAF,Central African Republic,1990,698505035.4,0.007163118840551208,-0.37739384416499916,False,0.16590548155740115,False,False
CAF,Central African Republic,1991,794180184.0,0.1369713083674644,1.1257708697880964,False,0.1310708419870437,False,False
CAF,Central African Republic,1992,813886188.5,0.024813014599216032,-0.17300997126709747,False,0.052364368996343606,False,False
CAF,Central African Republic,1993,875128942.6,0.07524731954583364,0.41101379368024193,False,0.051594177734210635,False,False
CAF,Central African Republic,1994,888050750.8,0.014765604896587403,-0.2893578826482205,False,0.054534904442209715,False,False
CAF,Central African Republic,1995,945983160.3,0.0652354715626462,0.29507768314178,False,0.04850444558612069,False,False
CAF,Central African Republic,1996,932746933.3,-0.013992032369585128,-0.6223681938829422,False,0.03684936879607379,False,False
CAF,Central African Republic,1997,882958613.1,-0.053378165526475674,-1.0784553313452603,False,0.05393593171769131,False,False
CAF,Central African Republic,1998,918825268.8,0.04062099306566003,0.010044699753966218,False,0.04637242735185385,False,False
CAF,Central African Republic,1999,924194362.5,0.005843432785661351,-0.3926756651227987,False,0.04634613955685907,False,False
CAF,Central African Republic,2000,869008795.3,-0.05971207944908885,-1.1518013655545611,False,0.04181776280900941,False,False
CAF,Central African Republic,2001,834810718.1,-0.03935297017125594,-0.9160450948178172,False,0.04301548348170329,False,False
CAF,Central African Republic,2002,1068420600.7,0.2798357490326524,2.780125551639909,True,0.13672900705752336,False,False
CAF,Central African Republic,2003,1049087826.0,-0.01809472289034275,-0.6698769038152543,False,0.13973550154722686,False,False
CAF,Central African Republic,2004,1101576591.6,0.050032765893520015,0.119032005270992,False,0.13892797591696412,False,False
CAF,Central African Republic,2005,1043682987.1,-0.0525552239775825,-1.0689257577301408,False,0.1376419945891264,False,False
CAF,Central African Republic,2006,1047458554.1,0.0036175419611761406,-0.41845123873392615,False,0.13237948965686291,False,False
CAF,Central African Republic,2007,1027670389.6,-0.018891596638878405,-0.6791046151379362,False,0.03776602673318893,False,False
CAF,Central African Republic,2008,996791752.1,-0.030047219237307132,-0.8082855112990303,False,0.03898826461023717,False,False
CAF,Central African Republic,2009,549290216.0,-0.44894185285664945,-5.659039800498604,True,0.19090677796229033,False,False
CAF,Central African Republic,2010,655032073.2,0.19250635478276945,1.7688606660749961,False,0.23540861730572954,False,False
CAF,Central African Republic,2011,620505554.4,-0.05270966142364475,-1.0707141265555582,False,0.2329166661110144,False,False
CAF,Central African Republic,2012,626782829.0,0.010116387444863095,-0.3431953149889433,False,0.234911029623792,False,False
CAF,Central African Republic,2013,650766057.0,0.03826401568508819,-0.017248841916812734,False,0.23945386656102538,False,False
CAF,Central African Republic,2014,712774619.5,0.09528548982080665,0.6430536256761907,False,0.0927531646809443,False,False
CAF,Central African Republic,2015,740289908.2,0.03860307023740761,-0.0133226270839185,False,0.05375217127261394,False,False
CAF,Central African Republic,2016,743898467.8,0.004874522210864818,-0.4038955441791059,False,0.03589993709866796,False,False
CAF,Central African Republic,2017,772718360.0,0.0387417012502147,-0.011717295036143572,False,0.03258489657425204,False,False
CAF,Central African Republic,2018,835250129.2,0.08092439941507279,0.4767537610030623,False,0.03635186338743756,False,False
CAF,Central African Republic,2019,867729783.4,0.038886140887052445,-0.010044699753966218,False,0.026984055582946545,False,False
CAF,Central African Republic,2020,907746512.3,0.04611657876165509,0.07368298429388297,False,0.02706763341014854,False,False
CAF,Central African Republic,2021,1111435661.5,0.2243899000877494,2.1380686523572034,False,0.07940575983052553,False,False
CAF,Central African Republic,2022,1045511289.2,-0.05931460954836376,-1.1471987073416559,False,0.1026452146292052,False,False
CAF,Central African Republic,2023,1083496566.5,0.03633177153836886,-0.03962401894282555,False,0.10298277279043919,False,False
CAF,Central African Republic,2024,1045905200.4,-0.03469449489944465,-0.8621004579275694,False,0.11119829757136766,False,False
CHN,China,1981,5798013609.4,,,False,,False,False
CHN,China,1982,8359968254.8,0.4418676495078322,2.569628385488401,True,,False,False
CHN,China,1983,9611696896.0,0.14972887492500964,-0.053024584933531696,False,,False,False
CHN,China,1984,12088935352.5,0.2577316454424323,0.9165618293170468,False,0.14771353472592666,False,False
CHN,China,1985,16699215995.6,0.3813636609568427,2.0264585665479835,False,0.13022928883259197,False,False
CHN,China,1986,23719315917.2,0.42038500031676307,2.3767695847559542,False,0.12353360539621842,False,False
CHN,China,1987,35339526722.2,0.4899049721992037,3.0008796879817132,True,0.13566063141894852,False,False
CHN,China,1988,42438957562.4,0.2008920746451366,0.4062890337872178,False,0.11859356645246351,False,False
CHN,China,1989,44932469163.1,0.05875525092796319,-0.8697331699086494,False,0.17654428922703547,False,False
CHN,China,1990,55301409898.8,0.23076721419563828,0.6744907594765952,False,0.17421187993671067,False,False
CHN,China,1991,60259186451.5,0.08965009322135886,-0.5923771427013812,False,0.17039684717502995,False,False
CHN,China,1992,72538895534.7,0.20378152786850845,0.43222887381698777,False,0.0770460931049035,False,False
CHN,China,1993,86092752669.9,0.186849510669987,0.2802230154219461,False,0.07527111175098652,False,False
CHN,China,1994,100667359411.3,0.16928958930239468,0.1225801965224125,False,0.05336264165031734,False,False
CHN,China,1995,118314843047.0,0.17530492245850104,0.17658237884986416,False,0.04411237179702517,False,False
CHN,China,1996,129037039407.6,0.09062427067025447,-0.5836315409451179,False,0.04369669523484667,False,False
CHN,China,1997,146904623209.9,0.13846864345562193,-0.1541124311223841,False,0.03875099290178233,False,False
CHN,China,1998,144214433291.8,-0.018312493230769333,-1.561602807652731,False,0.07972482170426189,False,False
CHN,China,1999,148825573986.7,0.03197419696244941,-1.110157984567315,False,0.07829604128403093,False,False
CHN,China,2000,145906872763.7,-0.01961155697112138,-1.5732650506475783,False,0.06922800801907132,False,False
CHN,China,2001,184315443994.2,0.263240315572411,0.9660154840059668,False,0.12133248209644615,False,False
CHN,China,2002,185465746540.1,0.0062409449852514065,-1.3411762389328643,False,0.11956897847570999,False,False
CHN,China,2003,207180503978.3,0.11708230680485787,-0.3461065935668095,False,0.11469657619039725,False,False
CHN,China,2004,247359209017.2,0.19393091660356387,0.34379578262130195,False,0.12053895814876728,False,False
CHN,China,2005,285857036926.9,0.15563531296311295,0.0,False,0.09552069824668734,False,False
CHN,China,2006,326419519861.6,0.14189779398389502,-0.12332750080342139,False,0.07092438256730313,False,False
CHN,China,2007,377749152515.9,0.15725049983549866,0.014500213655986116,False,0.027899660537750615,True,False
CHN,China,2008,386423097229.7,0.022962181797177905,-1.1910626449515396,False,0.0651759104799398,False,False
CHN,China,2009,454495613318.6,0.17616057781462247,0.18426395780012117,False,0.061494223394973166,True,False
CHN,China,2010,742737476056.6,0.6342016386766387,4.296291710913091,True,0.23565618675891992,True,True
CHN,China,2011,1054209569422.7,0.4193569106271464,2.3675399900806715,False,0.2432991608044713,True,False
CHN,China,2012,1148164368937.8,0.08912345537382205,-0.5971049927348161,False,0.2537157529419319,True,False
CHN,China,2013,1480476659937.3,0.2894291967159124,1.201124113530113,False,0.21418981839526316,True,False
CHN,China,2014,1778380562695.9,0.2012216138356524,0.40924744606272256,False,0.21018985942119098,True,False
CHN,China,2015,1333768986063.5,-0.25000924209292974,-3.641642225590987,True,0.254131114372551,True,True
CHN,China,2016,1413904270462.7,0.0600818321887302,-0.857823890529269,False,0.20489065470704582,True,False
CHN,China,2017,1710819944231.6,0.2099970132148583,0.4880279067577419,False,0.21348625412969796,True,False
CHN,China,2018,1961562462976.8,0.1465627751129701,-0.08144799804791676,False,0.19047353244573023,True,False
CHN,China,2019,2114161989828.3,0.07779488531806433,-0.6988063432309748,False,0.1773393265949582,True,False
CHN,China,2020,2326232537961.7,0.10030950757497226,-0.49668308511733145,False,0.06032971192827419,True,False
CHN,China,2021,2724353650084.8,0.17114415933324656,0.13922945373660758,False,0.053269772512876984,True,False
CHN,China,2022,2530502272052.6,-0.07115499781981893,-2.0359922543220756,False,0.09471199223017884,True,False
CHN,China,2023,2447537483872.8,-0.032785897525594354,-1.6915366612472973,False,0.0993820208235483,True,False
CHN,China,2024,2419835436491.8,-0.011318334270070673,-1.498813293319778,False,0.10091956403186245,True,False
CIV,Cote d'Ivoire,1970,373548111.5,,,False,,False,False
CIV,Cote d'Ivoire,1971,514353853.5,0.3769413836268316,1.9871874871139315,False,,False,False
CIV,Cote d'Ivoire,1972,579832810.3,0.12730332698868363,0.2159448090208491,False,,False,False
CIV,Cote d'Ivoire,1973,863195403.9,0.48869706675169167,2.7801212173949827,True,0.18502879378296236,False,False
CIV,Cote d'Ivoire,1974,1066224826.3,0.23520679267138522,0.9815461203961726,False,0.15848320058332752,False,False
CIV,Cote d'Ivoire,1975,1464541780.7,0.37357688976558023,1.9633155855397708,False,0.14043931516255725,False,False
CIV,Cote d'Ivoire,1976,1827774833.5,0.24801822494021786,1.0724463457370055,False,0.13928083524559376,False,False
CIV,Cote d'Ivoire,1977,2572851391.8,0.407641326843994,2.2050110448421196,False,0.10804057017154708,False,False
CIV,Cote d'Ivoire,1978,3835985363.7,0.490947116466099,2.796085866918618,True,0.10876170471320602,False,False
CIV,Cote d'Ivoire,1979,4772153135.7,0.24404883836600955,1.0442825833653149,False,0.10645409903573956,False,False
CIV,Cote d'Ivoire,1980,7462430659.4,0.5637450113606588,3.3126046223080743,True,0.14330523265751394,False,False
CIV,Cote d'Ivoire,1981,8140846170.9,0.09091079602132557,-0.042269042189521176,False,0.1915600944203778,False,False
CIV,Cote d'Ivoire,1982,8961395038.8,0.10079405146274678,0.027855056964621355,False,0.21939451534299345,False,False
CIV,Cote d'Ivoire,1983,8858429060.0,-0.011489949762753415,-0.7688272186306537,False,0.22399344238399954,False,False
CIV,Cote d'Ivoire,1984,8545882464.0,-0.03528239531897315,-0.9376404018163724,False,0.2434978203905877,False,False
CIV,Cote d'Ivoire,1985,9658933260.7,0.13024410309746104,0.23681033017066833,False,0.07351900019260994,False,False
CIV,Cote d'Ivoire,1986,11449812391.0,0.18541168905128247,0.6282377591640601,False,0.09426695791731171,False,False
CIV,Cote d'Ivoire,1987,13577082328.8,0.18579081168806888,0.6309277264052354,False,0.10711019627738623,False,False
CIV,Cote d'Ivoire,1988,13342278908.3,-0.01729410007346943,-0.8100090755913061,False,0.10851993480698222,False,False
CIV,Cote d'Ivoire,1989,14820639273.8,0.11080268788117875,0.0988687646203409,False,0.08312826243569994,False,False
CIV,Cote d'Ivoire,1990,17251135160.0,0.16399399791725888,0.4762740357090791,False,0.08560381984361248,False,False
CIV,Cote d'Ivoire,1991,18174037181.8,0.05349804596858765,-0.30772159574105423,False,0.08290095276693182,False,False
CIV,Cote d'Ivoire,1992,18546521961.1,0.020495433984971445,-0.5418831479544616,False,0.07206685839647835,False,False
CIV,Cote d'Ivoire,1993,19070886308.1,0.028272920825792358,-0.48669998875875653,False,0.06086340142355098,False,False
CIV,Cote d'Ivoire,1994,17395169456.9,-0.08786780142925332,-1.3107466373067178,False,0.08990475504339193,False,False
CIV,Cote d'Ivoire,1995,18898425486.5,0.08641801583621334,-0.07414640942402347,False,0.06564580679347516,False,False
CIV,Cote d'Ivoire,1996,19523620342.2,0.03308184886336729,-0.45257947568178725,False,0.06365887238639395,False,False
CIV,Cote d'Ivoire,1997,15608687763.3,-0.2005228799925972,-2.1100617967920265,False,0.11547438854197753,False,False
CIV,Cote d'Ivoire,1998,14851815127.1,-0.04849047195239564,-1.0313549153152206,False,0.11112274637851806,False,False
CIV,Cote d'Ivoire,1999,13221902540.7,-0.10974500910840923,-1.4659707423196597,False,0.11370826142445112,False,False
CIV,Cote d'Ivoire,2000,12059905375.8,-0.08788426335189747,-1.310863438648402,False,0.08546383409175544,False,False
CIV,Cote d'Ivoire,2001,11620368633.5,-0.03644611865545777,-0.9458973016930696,False,0.06515699285273581,False,False
CIV,Cote d'Ivoire,2002,11708673980.2,0.007599186349857012,-0.633385158930624,False,0.04578118930413187,False,False
CIV,Cote d'Ivoire,2003,11680518563.4,-0.00240466314525567,-0.7043649022020902,False,0.05167729199809914,False,False
CIV,Cote d'Ivoire,2004,13178855340.3,0.12827656313093172,0.2228501559628468,False,0.07992756017409866,False,False
CIV,Cote d'Ivoire,2005,12010684931.6,-0.08863974742387659,-1.316223781734427,False,0.08013998485677055,False,False
CIV,Cote d'Ivoire,2006,13644008874.8,0.13598924228731857,0.27757348888813504,False,0.095301192294387,False,False
CIV,Cote d'Ivoire,2007,14385487798.1,0.0543446526679916,-0.3017147154691196,False,0.09408349745288336,False,False
CIV,Cote d'Ivoire,2008,12967578597.9,-0.09856524993106419,-1.3866476340869291,False,0.11403938599833462,False,False
CIV,Cote d'Ivoire,2009,14894754579.1,0.14861494508404927,0.3671559184890199,False,0.11884831903800121,False,False
CIV,Cote d'Ivoire,2010,11702345832.3,-0.21433107406009366,-2.208034289324257,False,0.15736104050642363,False,False
CIV,Cote d'Ivoire,2011,12789988721.2,0.09294229588549374,-0.027855056964621355,False,0.1493930798343119,False,False
CIV,Cote d'Ivoire,2012,9542138431.7,-0.2539369158407886,-2.4890473616438116,False,0.1800698838007577,False,False
CIV,Cote d'Ivoire,2013,9853173126.4,0.03259591096129033,-0.4560273231881045,False,0.18348897660939736,False,False
CIV,Cote d'Ivoire,2014,9803934265.8,-0.0049972592553024775,-0.7227600016473216,False,0.154890835525996,False,False
CIV,Cote d'Ivoire,2015,11386054127.4,0.16137601688324854,0.4576988240593632,False,0.15818923462379705,False,False
CIV,Cote d'Ivoire,2016,11454555251.3,0.006016230305383452,-0.6446166167511,False,0.15079365910708875,False,False
CIV,Cote d'Ivoire,2017,13445697856.3,0.17382976128855132,0.5460611670842863,False,0.08685754126398008,False,False
CIV,Cote d'Ivoire,2018,16193842633.1,0.2043884078142031,0.7628821904487345,False,0.09955184139257588,False,False
CIV,Cote d'Ivoire,2019,19827818563.5,0.22440479463300456,0.9049033192467031,False,0.08637512352226186,False,False
CIV,Cote d'Ivoire,2020,25111277382.6,0.26646697427552835,1.2033447056273372,False,0.10028409800936326,False,False
CIV,Cote d'Ivoire,2021,29772502067.3,0.18562276278027334,0.6297353785657157,False,0.036488358459486475,False,False
CIV,Cote d'Ivoire,2022,31623476790.3,0.06217061363589527,-0.24618762056173446,False,0.07679156191783712,False,False
CIV,Cote d'Ivoire,2023,36355703861.6,0.1496428461260002,0.3744491261788992,False,0.07787477023647552,False,False
CIV,Cote d'Ivoire,2024,40560965965.1,0.1156699405273165,0.13340310496892396,False,0.07673217201065977,False,False
CMR,Cameroon,1970,145926448.1,,,False,,False,False
CMR,Cameroon,1971,180102180.3,0.23419834200706502,0.8850378467623101,False,,False,False
CMR,Cameroon,1972,221568381.9,0.2302370883624445,0.8601424682937419,False,,False,False
CMR,Cameroon,1973,265900308.6,0.20008236879216912,0.6706284346910122,False,0.01865877037391292,False,False
CMR,Cameroon,1974,323585813.7,0.21694410737513525,0.7765997764229593,False,0.01540462175101302,False,False
CMR,Cameroon,1975,441409824.4,0.36411982760540895,1.7015582833069058,False,0.06565850640320219,False,False
CMR,Cameroon,1976,610919470.0,0.38401874228878174,1.8266174329094742,False,0.0876513502710727,False,False
CMR,Cameroon,1977,1112883432.3,0.8216532406472492,4.577028652431319,True,0.2513841732770794,False,False
CMR,Cameroon,1978,1529103944.1,0.3740018942862646,1.763664326530275,False,0.22822810693934178,False,False
CMR,Cameroon,1979,2172010618.9,0.4204466787759169,2.0555568917365488,False,0.1961466284961014,False,False
CMR,Cameroon,1980,2572800048.4,0.18452461788744712,0.5728522931862262,False,0.23385449341883785,False,False
CMR,Cameroon,1981,2646367541.9,0.02859432995803579,-0.40712623911182466,False,0.29892479233959895,False,False
CMR,Cameroon,1982,2802933669.6,0.05916265417448052,-0.21501281523356242,False,0.1784918508633398,False,False
CMR,Cameroon,1983,2895588378.1,0.03305633290752197,-0.37908379040213896,False,0.16649523994884874,False,False
CMR,Cameroon,1984,2895906089.6,0.00010972260505082154,-0.5861440814921396,False,0.07211149153766425,False,False
CMR,Cameroon,1985,3161506000.8,0.09171565063999942,-0.010426277737881396,False,0.03456626458755585,False,False
CMR,Cameroon,1986,4137225986.0,0.30862506190185934,1.3527891008309014,False,0.12217764762803665,False,False
CMR,Cameroon,1987,4588512728.7,0.10907954852529533,0.0987009956774583,False,0.12017933298737218,False,False
CMR,Cameroon,1988,4812725442.2,0.048863918824416874,-0.2797375052658816,False,0.11788392791807413,False,False
CMR,Cameroon,1989,5364587527.1,0.11466726941475658,0.13381826884394069,False,0.1006517162371625,False,False
CMR,Cameroon,1990,6562505108.0,0.2233009667282979,0.8165508711182861,False,0.10379243992915255,False,False
CMR,Cameroon,1991,6767223905.9,0.031195221113113902,-0.39078036089492385,False,0.07533713346184617,False,False
CMR,Cameroon,1992,7514931937.2,0.11048962494769987,0.10756293418347605,False,0.07535688745214442,False,False
CMR,Cameroon,1993,7745306458.5,0.030655569900721602,-0.39417191881542535,False,0.07913561673100374,False,False
CMR,Cameroon,1994,9358516039.0,0.20828221441510575,0.7221621859932206,False,0.0927643834706186,False,False
CMR,Cameroon,1995,10953419023.3,0.17042263727000262,0.48422526343152655,False,0.0803368560249402,False,False
CMR,Cameroon,1996,11074529701.3,0.011056883493854697,-0.5173442171226391,False,0.08561965067249501,False,False
CMR,Cameroon,1997,10751459761.8,-0.02917233943235309,-0.7701737049804638,False,0.10455127394410053,False,False
CMR,Cameroon,1998,11317978713.1,0.05269228215063837,-0.2556773055230798,False,0.10248751599268717,False,False
CMR,Cameroon,1999,10765384769.6,-0.04882443742895537,-0.8936816802880322,False,0.08703351350280152,False,False
CMR,Cameroon,2000,10561281361.4,-0.018959230215009226,-0.7059871513999101,False,0.03959954512307942,False,False
CMR,Cameroon,2001,9748844313.0,-0.07692599227299657,-1.070292144085953,False,0.048350281444486734,False,False
CMR,Cameroon,2002,10285903206.0,0.05508949325242951,-0.2406114998458316,False,0.05958078868624957,False,False
CMR,Cameroon,2003,11408147625.6,0.10910509238949184,0.0988615317662254,False,0.07668723390143241,False,False
CMR,Cameroon,2004,10855782708.2,-0.04841845806417222,-0.8911302127872245,False,0.07661764093522073,False,False
CMR,Cameroon,2005,7700089817.9,-0.2906923411350454,-2.4137542488142976,False,0.15412484119027164,False,False
CMR,Cameroon,2006,3418558775.7,-0.5560365065154106,-4.081368598766734,True,0.2757278452158662,False,False
CMR,Cameroon,2007,3085552120.7,-0.09741141716418555,-1.1990373473748568,False,0.255596274810515,False,False
CMR,Cameroon,2008,2835553588.4,-0.08102230087861362,-1.096036305457538,False,0.21305007355838773,False,False
CMR,Cameroon,2009,3237320906.9,0.14168919964820792,0.30364359195259627,False,0.26158317166858774,False,False
CMR,Cameroon,2010,3190178368.7,-0.014562207317637577,-0.6783530842621783,False,0.2606457945391742,False,False
CMR,Cameroon,2011,3094521348.4,-0.029984850138326302,-0.7752801090004227,False,0.0947614264739026,False,False
CMR,Cameroon,2012,3887899904.7,0.25638167166311865,1.0244539097125975,False,0.14020675652963868,False,False
CMR,Cameroon,2013,5177990160.0,0.3318218799152821,1.498574656495814,False,0.16053391851725843,False,False
CMR,Cameroon,2014,5765541169.1,0.11347086242821303,0.1262991833713682,False,0.16082664172162217,False,False
CMR,Cameroon,2015,7304904667.0,0.2669937570041312,1.0911479173694998,False,0.1454926461334678,False,False
CMR,Cameroon,2016,7890233642.2,0.08012821547750382,-0.08325008800867245,False,0.1077315915923901,False,False
CMR,Cameroon,2017,10049854104.8,0.2737080497907589,1.1333453818764434,False,0.10986371156951676,False,False
CMR,Cameroon,2018,11004928184.8,0.09503362636317658,0.010426277737881396,False,0.09613814829024439,False,False
CMR,Cameroon,2019,12928642115.2,0.17480476910853748,0.5117657444021511,False,0.09158649611776448,False,False
CMR,Cameroon,2020,14723493939.9,0.13882755889652332,0.2856589749738238,False,0.07732381424526406,False,False
CMR,Cameroon,2021,15377892944.4,0.04444590442806562,-0.3075034981419284,False,0.08674573129120065,False,False
CMR,Cameroon,2022,15122663059.8,-0.01659719478623012,-0.6911424150535062,False,0.07583383721668686,False,False
CMR,Cameroon,2023,15402026302.1,0.01847315126940985,-0.47073503486352636,False,0.08140724384475972,False,False
CMR,Cameroon,2024,15770789430.1,0.023942507353705844,-0.4363616516082464,False,0.0585119871901329,False,False
COD,"Congo, Dem. Rep.",1970,345217589.6,,,False,,False,False
COD,"Congo, Dem. Rep.",1971,410049468.9,0.18780004626971625,1.091614344752519,False,,False,False
COD,"Congo, Dem. Rep.",1972,676590008.1,0.6500204473255935,4.991155048670617,True,,False,False
COD,"Congo, Dem. Rep.",1973,1046506468.9,0.5467365115822496,4.119796037748592,True,0.24260759010727131,False,False
COD,"Congo, Dem. Rep.",1974,1538500031.9,0.4701295000279766,3.4734979533736916,True,0.1981350474348861,False,False
COD,"Congo, Dem. Rep.",1975,2038607507.3,0.3250617257267019,2.24962793503965,False,0.18244359038887356,False,False
COD,"Congo, Dem. Rep.",1976,2918448483.2,0.43158919642422533,3.1483511569517373,True,0.12216465766805862,False,False
COD,"Congo, Dem. Rep.",1977,3661969554.0,0.2547658713457055,1.6565741778943515,False,0.11618556450816044,False,False
COD,"Congo, Dem. Rep.",1978,4491696535.0,0.22657943185073237,1.4187781657363228,False,0.10684251986172826,False,False
COD,"Congo, Dem. Rep.",1979,4527133846.0,0.007889515848603423,-0.4262079643406983,False,0.15636035029708395,False,False
COD,"Congo, Dem. Rep.",1980,4770687541.2,0.0537986513067632,-0.038893726388787506,False,0.16992041772141,False,False
COD,"Congo, Dem. Rep.",1981,5090789469.0,0.06709765102735754,0.0733038110054647,False,0.11096229675141873,False,False
COD,"Congo, Dem. Rep.",1982,5078792918.5,-0.0023565206483301404,-0.512649056690477,False,0.09203177934698367,False,False
COD,"Congo, Dem. Rep.",1983,5335734298.6,0.050591032992124196,-0.06595492522811754,False,0.030644740335715907,False,False
COD,"Congo, Dem. Rep.",1984,5289765975.5,-0.008615182190024329,-0.5654505024469417,False,0.03493767012181053,False,False
COD,"Congo, Dem. Rep.",1985,6171267764.4,0.16664287096683483,0.9131209981043622,False,0.0706506309899824,False,False
COD,"Congo, Dem. Rep.",1986,7190751346.9,0.1651984035405274,0.900934691503653,False,0.0867510662561402,False,False
COD,"Congo, Dem. Rep.",1987,8749837481.9,0.21681825163821533,1.3364275826161531,False,0.0934534075125315,False,False
COD,"Congo, Dem. Rep.",1988,8553690732.6,-0.02241718771414325,-0.6818916682069484,False,0.1107471109254382,False,False
COD,"Congo, Dem. Rep.",1989,9243644818.9,0.08066156561756821,0.1877363131801164,False,0.0940915271727014,False,False
COD,"Congo, Dem. Rep.",1990,10250731587.0,0.10894909830815469,0.4263852020832714,False,0.09062703457920926,False,False
COD,"Congo, Dem. Rep.",1991,10831930650.9,0.05669830089367256,-0.014430717907503669,False,0.08697486731193772,False,False
COD,"Congo, Dem. Rep.",1992,10995017088.9,0.015056082175567642,-0.3657469439368252,False,0.05220366734909046,False,False
COD,"Congo, Dem. Rep.",1993,11263657313.4,0.024432906500091223,-0.28663899447496516,False,0.038982207481087085,False,False
COD,"Congo, Dem. Rep.",1994,12311690430.3,0.09304554353346584,0.29221423291094123,False,0.04118020217396348,False,False
COD,"Congo, Dem. Rep.",1995,13229233701.9,0.07452618117670151,0.13597489956295072,False,0.032924957039574,False,False
COD,"Congo, Dem. Rep.",1996,12819900506.7,-0.030941565053855702,-0.7538079149494786,False,0.04946985685467103,False,False
COD,"Congo, Dem. Rep.",1997,12326993316.6,-0.03844859715115534,-0.8171412882972741,False,0.05966029928111516,False,False
COD,"Congo, Dem. Rep.",1998,13192158065.4,0.07018457190488903,0.09934674114054844,False,0.06305502163454296,False,False
COD,"Congo, Dem. Rep.",1999,12155730264.7,-0.07856393135694084,-1.15557589271844,False,0.06907584299864304,False,False
COD,"Congo, Dem. Rep.",2000,11804397525.6,-0.028902643563938235,-0.7366064731181274,False,0.05498502785531997,False,False
COD,"Congo, Dem. Rep.",2001,11612181086.8,-0.01628346032765704,-0.6301442343946346,False,0.05473494424520027,False,False
COD,"Congo, Dem. Rep.",2002,10051613856.0,-0.13439053517464983,-1.6265592449273971,False,0.07614788867342928,False,False
COD,"Congo, Dem. Rep.",2003,11433512788.0,0.13748030433691194,0.667089850746242,False,0.10163989774958113,False,False
COD,"Congo, Dem. Rep.",2004,11524216857.1,0.007933175987278274,-0.42583962385310326,False,0.09732892030188581,False,False
COD,"Congo, Dem. Rep.",2005,10683990345.3,-0.07290964082147955,-1.107873246871476,False,0.10171459759236033,False,False
COD,"Congo, Dem. Rep.",2006,11326304418.6,0.060119304917058525,0.014430717907503669,False,0.10718454543537889,False,False
COD,"Congo, Dem. Rep.",2007,12459468772.6,0.10004713913031704,0.35128347122219955,False,0.08227431827269677,False,False
COD,"Congo, Dem. Rep.",2008,12296407089.8,-0.013087370398856435,-0.6031802952386172,False,0.0667563170549557,False,False
COD,"Congo, Dem. Rep.",2009,13093042023.2,0.06478599216683545,0.053801409554583936,False,0.06972510059967808,False,False
COD,"Congo, Dem. Rep.",2010,5682022045.6,-0.5660273574672842,-5.2680803763940975,True,0.27986293455575567,False,False
COD,"Congo, Dem. Rep.",2011,5135330445.3,-0.0962142694823479,-1.3044836687506403,False,0.2701392619073896,False,False
COD,"Congo, Dem. Rep.",2012,5277359181.5,0.02765717566042669,-0.25943732011703036,False,0.2582762089375436,False,False
COD,"Congo, Dem. Rep.",2013,6288532451.7,0.1916059217164352,1.123722763560128,False,0.2927085621257381,False,False
COD,"Congo, Dem. Rep.",2014,5637945726.3,-0.10345604962635191,-1.3655792334982368,False,0.2820048350609971,False,False
COD,"Congo, Dem. Rep.",2015,5484009515.5,-0.027303599267001766,-0.723116072631633,False,0.12059403347540272,False,False
COD,"Congo, Dem. Rep.",2016,5218340595.9,-0.048444284943181426,-0.9014703038916135,False,0.11286307053957641,False,False
COD,"Congo, Dem. Rep.",2017,5291550589.1,0.014029362755187291,-0.37440890295492657,False,0.11243377881860246,False,False
COD,"Congo, Dem. Rep.",2018,6605921744.5,0.24839054890781087,1.6027885178707322,False,0.1362948985598844,False,False
COD,"Congo, Dem. Rep.",2019,7215429285.1,0.09226684241415173,0.2856446901040567,False,0.120352414461837,False,False
COD,"Congo, Dem. Rep.",2020,8476182135.2,0.17473012350124173,0.9813494241295737,False,0.11939262523737207,False,False
COD,"Congo, Dem. Rep.",2021,10483933522.9,0.23686977883146043,1.5055930852360329,False,0.09950718345826114,False,False
COD,"Congo, Dem. Rep.",2022,10683388144.1,0.019024788812742166,-0.33226479334758485,False,0.09776972386754387,False,False
COD,"Congo, Dem. Rep.",2023,12008049639.2,0.12399263952902029,0.5533006328773862,False,0.08245509226199509,False,False
COD,"Congo, Dem. Rep.",2024,12484889882.1,0.03971004927755839,-0.15775277490479134,False,0.09124952949285002,False,False
COG,"Congo, Rep.",1970,118823126.3,,,False,,False,False
COG,"Congo, Rep.",1971,139971709.7,0.17798373143797686,0.7934936559851737,False,,False,False
COG,"Congo, Rep.",1972,158183945.8,0.1301136932529734,0.46435879386101003,False,,False,False
COG,"Congo, Rep.",1973,189108209.7,0.19549559055189514,0.9138980582695847,False,0.033845231717004,False,False
COG,"Congo, Rep.",1974,260490120.6,0.37746595461529564,2.1650520777258335,False,0.10838300536448386,False,False
COG,"Congo, Rep.",1975,357190252.8,0.37122379911094416,2.1221335619030084,False,0.1156195668803211,False,False
COG,"Congo, Rep.",1976,381343477.1,0.06762005432864937,0.0346780162626671,False,0.14072347378263592,False,False
COG,"Congo, Rep.",1977,578772687.5,0.5177201715927815,3.1293828808226016,True,0.17551576545131245,False,False
COG,"Congo, Rep.",1978,782939134.2,0.35275756978425155,1.995167299208482,False,0.1645309692716305,False,False
COG,"Congo, Rep.",1979,1056884917.1,0.3498940989581716,1.9754792414739961,False,0.1633081417749557,False,False
COG,"Congo, Rep.",1980,1527071937.9,0.444880055711413,2.628563946752211,True,0.1708944528339232,False,False
COG,"Congo, Rep.",1981,1493614161.3,-0.021909757994774348,-0.5808924648217566,False,0.20807545778257933,False,False
COG,"Congo, Rep.",1982,1959124338.3,0.31166695460013116,1.7126449851264476,False,0.17974877402978431,False,False
COG,"Congo, Rep.",1983,2024885249.4,0.033566481623654054,-0.1994604632968726,False,0.20558369855288536,False,False
COG,"Congo, Rep.",1984,2062648691.1,0.018649670005344454,-0.30202237720949876,False,0.20807538001562717,False,False
COG,"Congo, Rep.",1985,3041335207.5,0.4744804680617094,2.832084311621803,True,0.21846235070841521,False,False
COG,"Congo, Rep.",1986,3504475080.8,0.15228175840594194,0.6167773701630346,False,0.19407255276448868,False,False
COG,"Congo, Rep.",1987,4282641894.3,0.22204946405906822,1.096471664370945,False,0.1848862470656792,False,False
COG,"Congo, Rep.",1988,4050960428.6,-0.05409779090060218,-0.8022042534517185,False,0.2052984016590794,False,False
COG,"Congo, Rep.",1989,4230144754.0,0.0442325538741255,-0.12612489991173478,False,0.20108721518200112,False,False
COG,"Congo, Rep.",1990,4916034648.2,0.16214336248220018,0.6845817384281758,False,0.10977907037342315,False,False
COG,"Congo, Rep.",1991,4786605644.8,-0.026327927417555963,-0.6112699961324374,False,0.11932301861612075,False,False
COG,"Congo, Rep.",1992,4725658540.0,-0.012732844383412045,-0.5177957489902801,False,0.0858271679802876,False,False
COG,"Congo, Rep.",1993,5092940382.6,0.07772077467958582,0.10412645052570244,False,0.07604977380175128,False,False
COG,"Congo, Rep.",1994,5414066741.8,0.06305323351067016,0.0032784185756480552,False,0.07621995015179867,False,False
COG,"Congo, Rep.",1995,6009994883.9,0.11007033539115052,0.3265488384801301,False,0.05919572754651882,False,False
COG,"Congo, Rep.",1996,5220897392.4,-0.1312975313196839,-1.3329981880764827,False,0.09650262964813486,False,False
COG,"Congo, Rep.",1997,5032532283.5,-0.03607906739829836,-0.6783148583218415,False,0.09909474728072584,False,False
COG,"Congo, Rep.",1998,5100294660.3,0.01346486678727743,-0.337670969878765,False,0.09319256076249335,False,False
COG,"Congo, Rep.",1999,5028225458.1,-0.014130399712192432,-0.527404769536103,False,0.08712784366892914,False,False
COG,"Congo, Rep.",2000,4675949721.5,-0.0700596541534384,-0.9119515162523743,False,0.05588285678277921,False,False
COG,"Congo, Rep.",2001,4820677198.8,0.03095146139714533,-0.21744027602184932,False,0.03999465213338651,False,False
COG,"Congo, Rep.",2002,5012243895.3,0.039738544731368064,-0.1570238742110613,False,0.0442336710724167,False,False
COG,"Congo, Rep.",2003,5537629589.3,0.10482045666066964,0.2904528131239874,False,0.0651241371410595,False,False
COG,"Congo, Rep.",2004,6834196169.1,0.23413746963236237,1.1795838614480862,False,0.11201466769251994,False,False
COG,"Congo, Rep.",2005,6294723995.9,-0.07893718000650307,-0.9729897639420847,False,0.11478456533347278,False,False
COG,"Congo, Rep.",2006,6685623799.7,0.062099593890790006,-0.0032784185756480552,False,0.11323195462089335,False,False
COG,"Congo, Rep.",2007,5281147795.4,-0.2100740404153495,-1.8746333411469782,False,0.17140255873785623,False,False
COG,"Congo, Rep.",2008,5237381716.0,-0.008287228666109425,-0.4872295081505183,False,0.1651570070736907,False,False
COG,"Congo, Rep.",2009,5054247770.7,-0.03496669810041397,-0.6706666606313489,False,0.10113357912002055,False,False
COG,"Congo, Rep.",2010,2796299602.2,-0.4467426748624317,-3.5018703629101533,True,0.20460719442364583,False,False
COG,"Congo, Rep.",2011,3191826925.7,0.14144669018613643,0.542279859405903,False,0.22505359938321676,False,False
COG,"Congo, Rep.",2012,3585365797.8,0.12329580558748288,0.41748177847015433,False,0.23766126371234345,False,False
COG,"Congo, Rep.",2013,4201103943.7,0.17173649234837352,0.7505401875031403,False,0.2574368731460772,False,False
COG,"Congo, Rep.",2014,5724086140.7,0.3625195228230125,2.0622865075754744,False,0.3045016550876287,False,False
COG,"Congo, Rep.",2015,6776694503.4,0.18389107655379844,0.8341101521053897,False,0.09581804222774062,False,False
COG,"Congo, Rep.",2016,6666379338.7,-0.016278609673883393,-0.5421749852360022,False,0.1360306801401429,False,False
COG,"Congo, Rep.",2017,7327526314.8,0.09917632083459105,0.25164603674860536,False,0.13828967402626602,False,False
COG,"Congo, Rep.",2018,7043574267.9,-0.03875141960616091,-0.6966888623717816,False,0.16362109616987863,False,False
COG,"Congo, Rep.",2019,8397253562.3,0.19218641600319097,0.891145523487322,False,0.10843955580685961,False,False
COG,"Congo, Rep.",2020,8223877439.2,-0.02064676525648612,-0.572208641776248,False,0.09957463349057025,False,False
COG,"Congo, Rep.",2021,8150736304.0,-0.00889375306730189,-0.4913997226047019,False,0.0985222121224867,False,False
COG,"Congo, Rep.",2022,7329997141.4,-0.10069509452749936,-1.122588311749822,False,0.11065095860333139,False,False
COG,"Congo, Rep.",2023,6870144773.2,-0.0627356817921173,-0.8615948688641175,False,0.11348584810479476,False,False
COG,"Congo, Rep.",2024,6728317971.4,-0.020643932039577595,-0.5721891617321136,False,0.038342321613632394,False,False
COL,Colombia,1970,2337070268.9,,,False,,False,False
COL,Colombia,1971,2635933295.3,0.12787934978979787,0.6626058838811214,False,,False,False
COL,Colombia,1972,2964726928.6,0.12473518730016986,0.6189633973381458,False,,False,False
COL,Colombia,1973,3326835665.2,0.12213898457454042,0.5829268556867873,False,0.0028745381993834323,False,False
COL,Colombia,1974,3515017082.7,0.056564686818904475,-0.32727591430554814,False,0.034257073035872714,False,False
COL,Colombia,1975,3934674960.3,0.11938999661351501,0.5447695815345702,False,0.03011459887018954,False,False
COL,Colombia,1976,4123797359.3,0.048065571084829894,-0.44524772564645176,False,0.03838072612755145,False,False
COL,Colombia,1977,5232469210.6,0.26884731588464694,2.6193090070752905,True,0.08847885692142599,False,False
COL,Colombia,1978,5286643740.9,0.01035353064099298,-0.9687089726423167,False,0.10186217865105314,False,False
COL,Colombia,1979,6056966897.1,0.14571119106067476,0.9101204112848222,False,0.10000277560195903,False,False
COL,Colombia,1980,7135607164.5,0.17808257593688337,1.3594507921089258,False,0.10352011427144528,False,False
COL,Colombia,1981,8925377457.4,0.2508224250073905,2.36911485834911,False,0.10300778094069947,False,False
COL,Colombia,1982,10519983135.4,0.1786597469531015,1.3674622032212298,False,0.0883990262238241,False,False
COL,Colombia,1983,11639494606.6,0.10641761082608747,0.3647066318537873,False,0.05311886930840322,False,False
COL,Colombia,1984,12274130804.8,0.0545243775309745,-0.35559638786113934,False,0.07536858235636631,False,False
COL,Colombia,1985,14474612765.2,0.17927802753572308,1.376044234873811,False,0.07546709426445794,False,False
COL,Colombia,1986,15583214225.9,0.07658936917230075,-0.049323698725604694,False,0.05767747829619215,False,False
COL,Colombia,1987,17237208187.3,0.10613946118067141,0.3608457810876299,False,0.047102665339003945,False,False
COL,Colombia,1988,17214277533.7,-0.0013302997417466988,-1.1308861539843196,False,0.06664915958212125,False,False
COL,Colombia,1989,17075305862.5,-0.008073046976728393,-1.2244787263898855,False,0.07821960178563224,False,False
COL,Colombia,1990,17411174140.2,0.019669824974416272,-0.839394329579792,False,0.050338664712971354,False,False
COL,Colombia,1991,17383347947.8,-0.001598180121336834,-1.1346044624050695,False,0.0476597861908762,False,False
COL,Colombia,1992,17560822308.2,0.010209446473310901,-0.9707089301412897,False,0.011060729271964914,False,False
COL,Colombia,1993,19227912007.6,0.09493232549944719,0.20528535131766723,False,0.041591911923892465,False,False
COL,Colombia,1994,22219527944.1,0.1555871451521902,1.0472034007803808,False,0.0673929604651047,False,False
COL,Colombia,1995,25347081126.7,0.1407569589447768,0.8413532883507798,False,0.07272685328599879,False,False
COL,Colombia,1996,29206623223.1,0.15226771386842053,1.001128099134826,False,0.0612231767038698,False,False
COL,Colombia,1997,32277648233.6,0.10514823939218942,0.34708714625001136,False,0.02789836496719309,False,False
COL,Colombia,1998,33420800455.2,0.03541621785226656,-0.6208268282057482,False,0.050224650309665636,False,False
COL,Colombia,1999,34845494450.5,0.042628960883500655,-0.5207104882529054,False,0.054242357043211,False,False
COL,Colombia,2000,34329248550.6,-0.014815284100311965,-1.3180642182040694,False,0.06513425829648754,False,False
COL,Colombia,2001,36614196486.3,0.06655980052496857,-0.1885389320880606,False,0.04398358247906361,False,False
COL,Colombia,2002,33581481521.5,-0.082828936746837,-2.2621264065153874,False,0.05945756192091646,False,False
COL,Colombia,2003,37324166936.2,0.11145087247874397,0.4345707227422085,False,0.07537122031652592,False,False
COL,Colombia,2004,38237909040.2,0.024481245771992732,-0.7726094963838249,False,0.07472006569547848,False,False
COL,Colombia,2005,37497341480.0,-0.01936736549640905,-1.3812492958605362,False,0.0752906383398749,False,False
COL,Colombia,2006,38621303304.6,0.02997444032664265,-0.6963613157569963,False,0.07131448608131492,False,False
COL,Colombia,2007,44323265169.8,0.14763773817339998,0.9368618111707633,False,0.06852568614486582,False,False
COL,Colombia,2008,47039916554.3,0.061291770227050124,-0.26166172461017806,False,0.06228470111111292,False,False
COL,Colombia,2009,53678222227.4,0.14112069406919847,0.846402106700705,False,0.07198517331782524,False,False
COL,Colombia,2010,64432098617.3,0.2003396525380956,1.6683897128099685,False,0.06917104437060292,False,False
COL,Colombia,2011,76162726605.4,0.18206186419248982,1.4146852256723361,False,0.053511745686225305,False,False
COL,Colombia,2012,79252462685.4,0.040567561295539845,-0.54932370530961,False,0.07137846751372653,False,False
COL,Colombia,2013,92652963348.3,0.16908623667752187,1.2345772792552125,False,0.06309520497256538,False,False
COL,Colombia,2014,104660028439.7,0.12959180858860564,0.6863756350720689,False,0.0635560854238853,False,False
COL,Colombia,2015,113419683932.3,0.08369628427577669,0.049323698725604694,False,0.05910922303509898,False,False
COL,Colombia,2016,120886231723.7,0.0658311461690968,-0.19865300476258596,False,0.051451216659786726,False,False
COL,Colombia,2017,126232114685.3,0.04422243034110496,-0.49859236630801634,False,0.05045189517759192,False,False
COL,Colombia,2018,133418271143.3,0.05692811592291935,-0.32223134366595263,False,0.03319735104846379,False,False
COL,Colombia,2019,139077632215.0,0.04241818622894211,-0.5236361417633446,False,0.016981400947007307,False,False
COL,Colombia,2020,155866446816.4,0.12071541867671565,0.5631670768128249,False,0.03204085850745143,False,False
COL,Colombia,2021,172248574075.0,0.10510361654613853,0.3464677596996313,False,0.03648716959602888,False,False
COL,Colombia,2022,184496121410.2,0.07110391131520899,-0.12546449027181705,False,0.03282147976449516,False,False
COL,Colombia,2023,196165876816.2,0.06325203650245848,-0.23445228653966682,False,0.03185364727103046,False,False
COL,Colombia,2024,201763641280.4,0.02853587257403012,-0.716329327585793,False,0.036299583373793055,False,False
COM,Comoros,1970,1172240.8,,,False,,False,False
COM,Comoros,1971,1238316.0,0.0563665758775842,0.010157558210473316,False,,False,False
COM,Comoros,1972,1506741.7,0.21676672190297142,1.5205320594717258,False,,False,False
COM,Comoros,1973,1691961.4,0.12292730731485024,0.6369127952801035,False,0.0805857447533068,False,False
COM,Comoros,1974,4294057.5,1.5379169406583388,13.960867384528147,True,0.7060210938724112,True,True
COM,Comoros,1975,4721546.0,0.09955351086938169,0.4168183189114909,False,0.635083819610564,False,False
COM,Comoros,1976,18516825.3,2.9217716612313,26.991646565194234,True,1.242380067475276,True,True
COM,Comoros,1977,24523586.4,0.32439476004561096,2.5339890198269077,True,1.2266881392149223,False,False
COM,Comoros,1978,29353464.9,0.19694829382703993,1.3339159673876864,False,1.2138163495738878,False,False
COM,Comoros,1979,40107759.0,0.36637221999642033,2.929261011208905,True,1.200915306612709,False,False
COM,Comoros,1980,43977472.9,0.0964829249123591,0.3879047870454802,False,1.2013521215780074,False,False
COM,Comoros,1981,54854843.4,0.24733959872441869,1.8084151738300294,False,0.10653398158712775,False,False
COM,Comoros,1982,68943862.9,0.25684185072343135,1.8978911467608517,False,0.09810534927099467,False,False
COM,Comoros,1983,85804560.1,0.24455689731884722,1.7822124467643459,False,0.09604489832506688,False,False
COM,Comoros,1984,104792039.2,0.22128752921606099,1.5631012980915284,False,0.06659881814878515,False,False
COM,Comoros,1985,134214350.2,0.28076857006137934,2.123192106157431,False,0.021531956926296825,False,False
COM,Comoros,1986,166566409.2,0.24104768939975818,1.7491687227282264,False,0.0219183063604317,False,False
COM,Comoros,1987,203347529.5,0.22081955465484104,1.5586947132970628,False,0.024431549384359208,False,False
COM,Comoros,1988,199821386.3,-0.017340477205059823,-0.683889525272326,False,0.11806914548734888,False,False
COM,Comoros,1989,174684281.4,-0.12579787061561387,-1.7051559364302928,False,0.18023776532642938,False,False
COM,Comoros,1990,184825142.1,0.05805250832373976,0.026032789253712742,False,0.15649944811614744,False,False
COM,Comoros,1991,179473164.4,-0.028956978683691736,-0.7932738872068364,False,0.1292433926413967,False,False
COM,Comoros,1992,187894213.8,0.046920939005854034,-0.07878531018926203,False,0.07354403769628089,False,False
COM,Comoros,1993,185123541.7,-0.014745914969735097,-0.659458371440648,False,0.07351864761370606,False,False
COM,Comoros,1994,197159439.1,0.06501548797885826,0.09159823407710661,False,0.04377498622615814,False,False
COM,Comoros,1995,208925905.4,0.059679954222389586,0.041357293927878416,False,0.044084752731131716,False,False
COM,Comoros,1996,220902346.9,0.05732387028344066,0.019171721206165282,False,0.03285540474319303,False,False
COM,Comoros,1997,222230696.3,0.0060132878561101055,-0.4639836702536268,False,0.036478361021108366,False,False
COM,Comoros,1998,229844128.3,0.03425913758431576,-0.198012520893285,False,0.02450439504607361,False,False
COM,Comoros,1999,231531804.5,0.007342698778004753,-0.4514655497413793,False,0.025940348632241657,False,False
COM,Comoros,2000,232285377.4,0.003254727365112453,-0.48995907943517536,False,0.02355422694769332,False,False
COM,Comoros,2001,242747448.1,0.04503973008160611,-0.0964993214363557,False,0.019125926965863856,False,False
COM,Comoros,2002,270536977.6,0.11447918286066638,0.5573627943900707,False,0.04477273301090359,False,False
COM,Comoros,2003,289991668.2,0.07191139182742146,0.15653207356607257,False,0.046514333377550225,False,False
COM,Comoros,2004,304262777.8,0.04921213664027624,-0.05721072581305031,False,0.04067620933680866,False,False
COM,Comoros,2005,288623246.0,-0.0514013968881869,-1.004617067320575,False,0.06094865782955584,False,False
COM,Comoros,2006,293423707.0,0.016632274310988793,-0.3639922003696225,False,0.06235077395747046,False,False
COM,Comoros,2007,287667291.0,-0.01961810127359609,-0.7053362969980301,False,0.0500148524062301,False,False
COM,Comoros,2008,276201185.1,-0.03985891430388577,-0.8959296888575825,False,0.041558877607857855,False,False
COM,Comoros,2009,286766514.0,0.03825229387113138,-0.16041179804729203,False,0.03784347686442017,False,False
COM,Comoros,2010,278373937.8,-0.02926623503886505,-0.796185935136848,False,0.03294200935104938,False,False
COM,Comoros,2011,275725988.2,-0.009512203695959731,-0.6101762214504434,False,0.030264499059898652,False,False
COM,Comoros,2012,252320769.6,-0.0848857909723868,-1.319915876381223,False,0.04490547265768674,False,False
COM,Comoros,2013,142571305.0,-0.4349600897856488,-4.616317454412061,True,0.19016354850780537,False,False
COM,Comoros,2014,136793606.4,-0.04052497520451248,-0.9022015123285815,False,0.17831795331367023,False,False
COM,Comoros,2015,125602671.9,-0.08180890024403942,-1.2909429769517706,False,0.17311906804901753,False,False
COM,Comoros,2016,175006571.8,0.393334784624116,3.183148374228104,True,0.29455828617131796,False,False
COM,Comoros,2017,181646215.0,0.03793939354224851,-0.1633581586952814,False,0.2960154989658201,False,False
COM,Comoros,2018,267255184.8,0.4712950930466677,3.917245349010461,True,0.2573189802177615,False,False
COM,Comoros,2019,270730976.4,0.013005516067353673,-0.3981428125053405,False,0.2480420548202143,False,False
COM,Comoros,2020,304821396.0,0.12591990784841722,0.6650919936808642,False,0.21056676005008776,False,False
COM,Comoros,2021,351494067.2,0.15311481350213363,0.9211671474845129,False,0.18345254045686088,False,False
COM,Comoros,2022,362101264.8,0.03017745842624575,-0.2364468008826729,False,0.18477442142704945,False,False
COM,Comoros,2023,381730460.2,0.05420913238411851,-0.010157558210473316,False,0.06119434284195098,False,False
COM,Comoros,2024,385570286.6,0.010058999216327136,-0.42588807352662855,False,0.06195351726334707,False,False
CPV,Cabo Verde,1981,39376101.9,,,False,,False,False
CPV,Cabo Verde,1982,59016887.4,0.49879964121080245,3.600059609518929,True,,False,False
CPV,Cabo Verde,1983,71696307.0,0.21484392279217368,1.168002797705722,False,,False,False
CPV,Cabo Verde,1984,76251079.2,0.06352868635200415,-0.12799945773361546,False,0.22097811164052503,False,False
CPV,Cabo Verde,1985,94918904.3,0.24482047068522017,1.4247494056062082,False,0.18056824160051935,False,False
CPV,Cabo Verde,1986,113301983.5,0.1936714223111824,0.986662114360163,False,0.15880232053002633,False,False
CPV,Cabo Verde,1987,129541097.3,0.14332594451005343,0.5554573373895807,False,0.07105683166453006,False,False
CPV,Cabo Verde,1988,124352364.0,-0.04005472709547597,-1.0151826694990758,False,0.11219698342965827,False,False
CPV,Cabo Verde,1989,126041739.9,0.013585394323504918,-0.555759547436106,False,0.12051406641521203,False,False
CPV,Cabo Verde,1990,133755465.0,0.061199766887699125,-0.14794645678991553,False,0.09480109461469306,False,False
CPV,Cabo Verde,1991,134240227.2,0.0036242421945151815,-0.6410759764333245,False,0.06980015665021931,False,False
CPV,Cabo Verde,1992,141994227.0,0.05776211767317396,-0.17738963277302597,False,0.04194122471140671,False,False
CPV,Cabo Verde,1993,147571336.8,0.039277017931158564,-0.3357129551381576,False,0.025815779791728888,False,False
CPV,Cabo Verde,1994,175919927.3,0.19210092633652964,0.9732109486137899,False,0.07155827373294132,False,False
CPV,Cabo Verde,1995,214117753.8,0.21713189111805642,1.187599053710584,False,0.09610213259887807,False,False
CPV,Cabo Verde,1996,202637635.8,-0.05361590898587132,-1.1313330501867787,False,0.11272015931580248,False,False
CPV,Cabo Verde,1997,206529452.3,0.01920579306324499,-0.5076213056136992,False,0.11676848978759596,False,False
CPV,Cabo Verde,1998,246754113.6,0.19476477011893945,0.9960265462453359,False,0.12282089635987871,False,False
CPV,Cabo Verde,1999,328538337.0,0.3314401620577483,2.166639766585444,False,0.1562532141616039,False,False
CPV,Cabo Verde,2000,319703769.2,-0.026890523281610235,-0.9024323726009903,False,0.16471591058959292,False,False
CPV,Cabo Verde,2001,345641178.3,0.0811295067458968,0.02275008649411991,False,0.1445198097744028,False,False
CPV,Cabo Verde,2002,387894289.8,0.12224559500640964,0.3749059194034987,False,0.13349201252812867,False,False
CPV,Cabo Verde,2003,441401882.3,0.13794374886928273,0.5093592850469625,False,0.13009700262041035,False,False
CPV,Cabo Verde,2004,464179206.7,0.051602236676732804,-0.2301484946856678,False,0.06546884092630884,False,False
CPV,Cabo Verde,2005,477481514.4,0.02865769838026644,-0.4266665326691886,False,0.04607814073686299,False,False
CPV,Cabo Verde,2006,524173293.2,0.09778761562879046,0.1654253860309287,False,0.04639132590383811,False,False
CPV,Cabo Verde,2007,580581230.6,0.107613146514272,0.24958023050032874,False,0.04406641035338202,False,False
CPV,Cabo Verde,2008,626141362.5,0.07847331174126304,0.0,False,0.032658869169290755,False,False
CPV,Cabo Verde,2009,724585647.4,0.15722373699597259,0.6744907594765952,False,0.04665722662142034,False,False
CPV,Cabo Verde,2010,884895435.6,0.2212433944492731,1.222813733447149,False,0.05751051281208778,False,False
CPV,Cabo Verde,2011,1041521701.0,0.17699974381018269,0.84387059218719,False,0.05646953391295367,False,False
CPV,Cabo Verde,2012,1607699439.1,0.5436062806530038,3.9838247024592617,True,0.17981905119971614,False,False
CPV,Cabo Verde,2013,1968454491.1,0.22439209918612213,1.2497821243155887,False,0.15854368374783473,False,False
CPV,Cabo Verde,2014,1852837788.6,-0.058734760200319314,-1.1751755796983796,False,0.21463496903846926,False,False
CPV,Cabo Verde,2015,1841259211.7,-0.006249104466262367,-0.7256403589908054,False,0.23758804473881506,False,False
CPV,Cabo Verde,2016,1837379413.6,-0.00210714389117328,-0.6901648155257638,False,0.25054871648894544,False,False
CPV,Cabo Verde,2017,2115033204.0,0.15111402051467948,0.6221615524110422,False,0.12005889037758435,False,False
CPV,Cabo Verde,2018,2090969867.7,-0.0113772853563201,-0.7695627963882027,False,0.07969107998597075,False,False
CPV,Cabo Verde,2019,2153271383.5,0.029795511050826118,-0.4169212629792069,False,0.06837509269148549,False,False
CPV,Cabo Verde,2020,2429314534.4,0.1281971018680006,0.4258800744016597,False,0.07552003336556352,False,False
CPV,Cabo Verde,2021,2456644490.0,0.011250068779895539,-0.5757614140220897,False,0.0730069641602917,False,False
CPV,Cabo Verde,2022,2402574451.3,-0.022009712402464854,-0.8606286385120812,False,0.05994028308251376,False,False
CPV,Cabo Verde,2023,2462649634.6,0.025004504342204248,-0.45795583191142447,False,0.05618126170275412,False,False
CPV,Cabo Verde,2024,2359581722.2,-0.04185244662980292,-1.0305799858959366,False,0.06595204848433393,False,False
DJI,Djibouti,1970,2594794.2,,,False,,False,False
DJI,Djibouti,1971,2637248.5,0.01636133609362922,-0.6542987845182645,False,,False,False
DJI,Djibouti,1972,5368001.3,1.0354552481497286,6.962320370735243,True,,False,False
DJI,Djibouti,1973,6284821.9,0.17079366206561852,0.49991497171488697,False,0.5492481836329263,False,False
DJI,Djibouti,1974,8215540.5,0.3072033910777965,1.5194294076915202,False,0.45125647601906305,False,False
DJI,Djibouti,1975,12235670.8,0.4893324182383376,2.8806458967586246,True,0.393711734483733,False,False
DJI,Djibouti,1976,17257778.4,0.410448081032059,2.2910712297854947,False,0.3312428498213311,False,False
DJI,Djibouti,1977,19240608.5,0.11489486387193382,0.08213222172409738,False,0.15735698469518775,False,False
DJI,Djibouti,1978,21045654.3,0.09381438222185134,-0.07542146242464039,False,0.17567891378421682,False,False
DJI,Djibouti,1979,20521872.5,-0.024887883861135163,-0.962591862447503,False,0.22118805275726836,False,False
DJI,Djibouti,1980,25819344.9,0.2581378672925678,1.152717955582927,False,0.167633913598845,False,False
DJI,Djibouti,1981,19839075.3,-0.23161972633937733,-2.5076876507676977,True,0.18306808136503022,False,False
DJI,Djibouti,1982,24412686.7,0.23053551291274132,0.9464203625815972,False,0.2009959029554056,False,False
DJI,Djibouti,1983,33566963.8,0.3749803211950449,2.025988281322486,False,0.24542506580858808,False,False
DJI,Djibouti,1984,62016208.7,0.847537032825114,5.557835993456653,True,0.385529722813932,False,False
DJI,Djibouti,1985,95976961.9,0.547610921594438,3.3162143559068182,True,0.39990559082551574,False,False
DJI,Djibouti,1986,119266842.7,0.24266115887546125,1.0370463845967213,False,0.2570684157747772,False,False
DJI,Djibouti,1987,154398153.6,0.2945605845236312,1.4249381724506616,False,0.24478793816088928,False,False
DJI,Djibouti,1988,158287377.7,0.025189576489857757,-0.5883172845665745,False,0.31546551781402565,False,False
DJI,Djibouti,1989,131250168.3,-0.17081089972469732,-2.053207775927306,False,0.2733657745412094,False,False
DJI,Djibouti,1990,155287776.6,0.18314344744348787,0.5922161922006113,False,0.1890348340128932,False,False
DJI,Djibouti,1991,204846570.0,0.319141625214048,1.60865473003558,False,0.20442057678006859,False,False
DJI,Djibouti,1992,219983628.2,0.07389461390542196,-0.22430007619343303,False,0.18274852299821862,False,False
DJI,Djibouti,1993,232491922.3,0.056860113647311916,-0.3516144477456296,False,0.18064581226111076,False,False
DJI,Djibouti,1994,257722565.5,0.10852266586467985,0.03450696871361029,False,0.1070987588188005,False,False
DJI,Djibouti,1995,272609469.8,0.05776329391692325,-0.34486415706016227,False,0.11149271512468277,False,False
DJI,Djibouti,1996,287861627.6,0.05594874532858207,-0.35842593519718724,False,0.0224566683205151,False,False
DJI,Djibouti,1997,262911137.8,-0.08667528912422506,-1.4243855488907555,False,0.07345858089128708,False,False
DJI,Djibouti,1998,279286678.7,0.06228545902249705,-0.31106588885459546,False,0.07383697324399972,False,False
DJI,Djibouti,1999,269605349.7,-0.034664485413568036,-1.0356613310966714,False,0.06793945388119456,False,False
DJI,Djibouti,2000,297885046.7,0.1048929371448597,0.007378692341143798,False,0.07850854643231783,False,False
DJI,Djibouti,2001,299712992.6,0.006136413761785642,-0.7307189636326424,False,0.07598291530887544,False,False
DJI,Djibouti,2002,358712496.2,0.19685333988420473,0.6946827344349259,False,0.08994440567621716,False,False
DJI,Djibouti,2003,395630618.8,0.1029184179282574,-0.007378692341143798,False,0.09122704735959788,False,False
DJI,Djibouti,2004,460336601.1,0.16355150290506293,0.4457877048014861,False,0.07272642507327765,False,False
DJI,Djibouti,2005,486891630.5,0.05768611345816366,-0.3454409970879999,False,0.07726794158421361,False,False
DJI,Djibouti,2006,566640519.7,0.16379186702820125,0.4475841653267358,False,0.055806468430058424,False,False
DJI,Djibouti,2007,810010699.4,0.42949660541192647,2.433438242240992,False,0.14458838794645465,False,False
DJI,Djibouti,2008,845231817.3,0.04348228724150105,-0.45159915735161354,False,0.15494105829676888,False,False
DJI,Djibouti,2009,898678026.1,0.06323260401001951,-0.30398700969594067,False,0.16255245323263268,False,False
DJI,Djibouti,2010,768541095.7,-0.1448092938966764,-1.8588740382078002,False,0.21006297975270716,False,False
DJI,Djibouti,2011,769520335.7,0.0012741543757111007,-0.7670590668750096,False,0.21241987686566494,False,False
DJI,Djibouti,2012,802385752.1,0.042708964110875325,-0.4573789070883584,False,0.08467223098873486,False,False
DJI,Djibouti,2013,820599815.1,0.022699883381939623,-0.6069250340508321,False,0.08256011932303615,False,False
DJI,Djibouti,2014,943103980.6,0.14928612369364402,0.33916950281514435,False,0.10557497074134799,False,False
DJI,Djibouti,2015,1227496569.6,0.301549558532316,1.477173155586531,False,0.12449330212051699,False,False
DJI,Djibouti,2016,1702240895.4,0.3867581690714652,2.1140148907271223,False,0.15973175157002015,False,False
DJI,Djibouti,2017,2266964232.8,0.3317528905139475,1.7029102286886924,False,0.1493156037266201,False,False
DJI,Djibouti,2018,2321379194.7,0.02400344968512802,-0.5971822930163226,False,0.14884520010250502,False,False
DJI,Djibouti,2019,2552579803.4,0.0995962267723689,-0.03220845974138433,False,0.15770050575807198,False,False
DJI,Djibouti,2020,2900369858.3,0.1362504139681544,0.2417417434861071,False,0.15593548588138106,False,False
DJI,Djibouti,2021,3206547225.4,0.10556493897625185,0.012401175510550826,False,0.11516842480041217,False,False
DJI,Djibouti,2022,3170133063.9,-0.011356190612616834,-0.8614571654579624,False,0.06176798610910586,False,False
DJI,Djibouti,2023,3428806710.3,0.08159709424997175,-0.16673240883596968,False,0.055953184627396756,False,False
DJI,Djibouti,2024,3457016382.4,0.008227256443257502,-0.7150921875034533,False,0.06333751358451635,False,False
DMA,Dominica,1981,14433362.0,,,False,,False,False
DMA,Dominica,1982,20521207.3,0.42178982970149304,3.7877024619548028,True,,False,False
DMA,Dominica,1983,39153669.8,0.9079613215544096,8.761626891429067,True,,False,False
DMA,Dominica,1984,51482178.4,0.3148749188256168,2.6938771431278647,True,0.3161078399217232,False,False
DMA,Dominica,1985,58688420.9,0.1399754774168609,0.9045155312224116,False,0.32905880924669473,False,False
DMA,Dominica,1986,61404138.2,0.04627347709060614,-0.054131111625921144,False,0.33643733971249085,False,False
DMA,Dominica,1987,75382488.2,0.22764508076753698,1.8014459130642375,False,0.3396024987588069,False,False
DMA,Dominica,1988,76660400.7,0.016952378868279494,-0.35410947150714345,False,0.12426804509158945,False,False
DMA,Dominica,1989,80613353.7,0.051564470885944624,0.0,False,0.08654316432552019,False,False
DMA,Dominica,1990,90754904.8,0.1258048528503286,0.7595386724523651,False,0.08498068601719545,False,False
DMA,Dominica,1991,98099584.9,0.08092874006298345,0.3004200333850887,False,0.08149248596552804,False,False
DMA,Dominica,1992,97714468.8,-0.003925766866318403,-0.5677096534422402,False,0.05151357947589507,False,False
DMA,Dominica,1993,98251335.7,0.0054942416061110055,-0.47133540885562786,False,0.05379286986321657,False,False
DMA,Dominica,1994,99698516.3,0.014729373292377446,-0.3768526021228354,False,0.05632554929322129,False,False
DMA,Dominica,1995,104872376.3,0.05189505513233006,0.0033821420767166455,False,0.03555860512413901,False,False
DMA,Dominica,1996,116474724.0,0.11063301995570396,0.604318649190892,False,0.046903018212182734,False,False
DMA,Dominica,1997,105116658.4,-0.09751528237147822,-1.5252054863213236,False,0.07621693420671823,False,False
DMA,Dominica,1998,113898854.9,0.08354714308536271,0.3272083971157238,False,0.08109622680820251,False,False
DMA,Dominica,1999,134177325.7,0.1780392859770532,1.2939388323600478,False,0.10220897010942209,False,False
DMA,Dominica,2000,183329449.5,0.3663221303865949,3.22022339480997,True,0.16765736516985927,False,False
DMA,Dominica,2001,232891070.6,0.2703418421599526,2.2382680388120364,False,0.1783455994426905,False,False
DMA,Dominica,2002,248883164.5,0.06866769884650092,0.1749797443935995,False,0.1261783039685788,False,False
DMA,Dominica,2003,307393729.2,0.23509249738746396,1.8776389603388692,False,0.11041539459211729,False,False
DMA,Dominica,2004,324952433.0,0.05712121664191705,0.056849967402799455,False,0.13370099496759072,False,False
DMA,Dominica,2005,294216801.6,-0.09458501700154986,-1.4952265205601258,False,0.14805529874249115,False,False
DMA,Dominica,2006,272826815.0,-0.07270144493338826,-1.2713400205534169,False,0.13227111656936102,False,False
DMA,Dominica,2007,265526478.1,-0.026758135559365792,-0.8013031041653228,False,0.13374575132080962,False,False
DMA,Dominica,2008,260470785.8,-0.019040256686174817,-0.7223430110410192,False,0.0585411327052945,False,False
DMA,Dominica,2009,271883558.1,0.043815939914133795,-0.07927368868614719,False,0.0536185561467583,False,False
DMA,Dominica,2010,271398373.2,-0.0017845319643109425,-0.5458031024271923,False,0.04218283507491097,False,False
DMA,Dominica,2011,280448697.4,0.03334700976018956,-0.18637924365134134,False,0.03137904482624454,False,False
DMA,Dominica,2012,304777493.7,0.08674954287735637,0.35997151635505487,False,0.041316584343939214,False,False
DMA,Dominica,2013,488948659.0,0.6042807264544416,5.654730752850077,True,0.25408623961361254,False,False
DMA,Dominica,2014,481925897.2,-0.014362984069458351,-0.6744907594765952,False,0.2615742260922774,False,False
DMA,Dominica,2015,496007934.8,0.029220337985190303,-0.2285984068438645,False,0.2576622098549868,False,False
DMA,Dominica,2016,536051362.9,0.08073142643604325,0.2984013566717224,False,0.25323134697666627,False,False
DMA,Dominica,2017,521050824.9,-0.02798339681266393,-0.8138385098449952,False,0.26609667631275274,False,False
DMA,Dominica,2018,505427809.0,-0.029983669832973292,-0.8343029077129495,False,0.04737272148382697,False,False
DMA,Dominica,2019,460210461.4,-0.08946351347280146,-1.4428294303477958,False,0.06476162103800344,False,False
DMA,Dominica,2020,480930079.6,0.045022049557433386,-0.0669342193425863,False,0.06733568888195034,False,False
DMA,Dominica,2021,509985025.6,0.06041407521061193,0.09053855250517347,False,0.061257550086899704,False,False
DMA,Dominica,2022,599233701.7,0.1750025424668078,1.262870509793272,False,0.10002727680458699,False,False
DMA,Dominica,2023,592225919.1,-0.011694573553054921,-0.6471907789598017,False,0.09748706748233757,False,False
DMA,Dominica,2024,569530343.0,-0.03832249715529212,-0.919615801674649,False,0.08259735121266408,False,False
DOM,Dominican Republic,1970,389548000.0,,,False,,False,False
DOM,Dominican Republic,1971,439941275.0,0.12936345456785814,0.6124933935999844,False,,False,False
DOM,Dominican Republic,1972,480997700.0,0.09332251219211019,0.13654874493807642,False,,False,False
DOM,Dominican Republic,1973,516415715.8,0.07363448058067634,-0.12344482544241939,False,0.028261536457786545,False,False
DOM,Dominican Republic,1974,625955086.1,0.2121147109752619,1.7052788498331028,False,0.06118851866472855,False,False
DOM,Dominican Republic,1975,729788380.4,0.16587978371887857,1.0947158412544025,False,0.05575539534078417,False,False
DOM,Dominican Republic,1976,875533547.7,0.19970880766848675,1.541450633880296,False,0.06248939530254255,False,False
DOM,Dominican Republic,1977,1189250133.7,0.35831475198651597,3.635947765978884,True,0.10286424437409217,False,False
DOM,Dominican Republic,1978,1406647193.4,0.1828017954672272,1.3181822770721292,False,0.07721196113246437,False,False
DOM,Dominican Republic,1979,1682577859.2,0.19616195666878578,1.4946121040963258,False,0.07813772391846259,False,False
DOM,Dominican Republic,1980,2081568255.2,0.23713042093024117,2.0356279611693937,False,0.07191909602836379,False,False
DOM,Dominican Republic,1981,2372036370.9,0.1395429215325401,0.7469200347671473,False,0.08338283897114637,False,False
DOM,Dominican Republic,1982,2598219687.8,0.09535406778530198,0.1633767896367477,False,0.05443868041796081,False,False
DOM,Dominican Republic,1983,3002656798.7,0.15565932041814756,0.959747816164648,False,0.054220538258196276,False,False
DOM,Dominican Republic,1984,3184573375.5,0.06058520470230255,-0.2957692047129277,False,0.0669929126517576,False,False
DOM,Dominican Republic,1985,3573469225.6,0.12211866527928272,0.5168211257488301,False,0.03759168104291253,False,False
DOM,Dominican Republic,1986,3762208698.8,0.05281687382331102,-0.3983551879634378,False,0.04287274062064831,False,False
DOM,Dominican Republic,1987,4012437196.7,0.06651106249895511,-0.21751430566938684,False,0.04508455825071876,False,False
DOM,Dominican Republic,1988,4072680854.7,0.015014230764670122,-0.8975642675002481,False,0.03846644068179679,False,False
DOM,Dominican Republic,1989,4159662668.6,0.0213573852219775,-0.8137986881178715,False,0.04292809286760586,False,False
DOM,Dominican Republic,1990,4484666420.4,0.07813223756179855,-0.06404894883550462,False,0.02767712945631876,False,False
DOM,Dominican Republic,1991,4599353573.0,0.025573173531549198,-0.7581263956202633,False,0.02884524425025111,False,False
DOM,Dominican Republic,1992,4716244896.4,0.02541472873192374,-0.7602187647293682,False,0.025537242255369203,False,False
DOM,Dominican Republic,1993,4957324456.8,0.051116845222354934,-0.4208051979204942,False,0.024215459584384418,False,False
DOM,Dominican Republic,1994,4366328681.9,-0.11921668231526128,-2.6701728774345006,True,0.07662472826385675,False,False
DOM,Dominican Republic,1995,4532953461.9,0.03816130029118492,-0.5918917976049263,False,0.0698088721642558,False,False
DOM,Dominican Republic,1996,4414764302.0,-0.02607332303174814,-1.4401527812005008,False,0.06967841088128415,False,False
DOM,Dominican Republic,1997,4309979738.7,-0.023735030033773308,-1.4092740647733022,False,0.0675519995699248,False,False
DOM,Dominican Republic,1998,4473713207.6,0.03798938250911288,-0.5941620864207391,False,0.06447894252538726,False,False
DOM,Dominican Republic,1999,4794696438.9,0.07174872782517872,-0.14834744655929905,False,0.042913158465222465,False,False
DOM,Dominican Republic,2000,4617977128.0,-0.03685724699195814,-1.5825616795841508,False,0.04766086303852659,False,False
DOM,Dominican Republic,2001,5212380882.2,0.12871517933598553,0.6039324873880136,False,0.06847183885034755,False,False
DOM,Dominican Republic,2002,6574924040.6,0.26140514079717625,2.3561918048664716,False,0.11177628955924204,False,False
DOM,Dominican Republic,2003,7276848800.0,0.10675785074711608,0.313971338985421,False,0.10752677320845337,False,False
DOM,Dominican Republic,2004,7818993970.6,0.07450273950999242,-0.11197888798849259,False,0.10731203244114747,False,False
DOM,Dominican Republic,2005,7751825568.3,-0.008590414898970167,-1.2092793350488102,False,0.09820298974877444,False,False
DOM,Dominican Republic,2006,9219827515.2,0.18937499740747366,1.4049857866867816,False,0.10425829787208564,False,False
DOM,Dominican Republic,2007,10747913578.6,0.16573911614732117,1.0928582322822225,False,0.07849010329093012,False,False
DOM,Dominican Republic,2008,10609348066.3,-0.012892317312254598,-1.2660888216410981,False,0.09461542872558351,False,False
DOM,Dominican Republic,2009,11853860787.9,0.1173034114653213,0.45323249199973215,False,0.09573923465131091,False,False
DOM,Dominican Republic,2010,13498619112.4,0.13875296445010643,0.7364881253532058,False,0.07893617253676363,False,False
DOM,Dominican Republic,2011,15097329632.2,0.11843511595429823,0.4681774035333904,False,0.06902514772618683,False,False
DOM,Dominican Republic,2012,22101544978.2,0.46393736618568737,5.030764735015856,True,0.177581902051391,False,False
DOM,Dominican Republic,2013,23957826085.2,0.08398874869747597,0.013290181362438681,False,0.15744879610347756,False,False
DOM,Dominican Republic,2014,26269413480.3,0.09648569059978218,0.1783206226042785,False,0.15992519276991762,False,False
DOM,Dominican Republic,2015,26727445939.7,0.0174359606370158,-0.8655837115749623,False,0.17618462783712027,False,False
DOM,Dominican Republic,2016,28291425524.5,0.05851586374277984,-0.3230962303404393,False,0.18134555779553269,False,False
DOM,Dominican Republic,2017,29455812951.6,0.04115690197694888,-0.552332882163766,False,0.03191574813235813,False,False
DOM,Dominican Republic,2018,31864082651.9,0.08175872464484768,-0.016158771530368366,False,0.03150115675871267,False,False
DOM,Dominican Republic,2019,35095621459.1,0.10141634524687326,0.24343320121604317,False,0.03300644669661659,False,False
DOM,Dominican Republic,2020,40559732187.0,0.1556920920824214,0.9601805878185151,False,0.04434054276094522,False,False
DOM,Dominican Republic,2021,43884654717.7,0.08197594883936832,-0.013290181362438681,False,0.04163813180416533,False,False
DOM,Dominican Republic,2022,48289508484.2,0.10037344021128614,0.22966094560809172,False,0.030295778382939207,False,False
DOM,Dominican Republic,2023,52188404942.6,0.08074003196109758,-0.02961128690599707,False,0.030487606927874337,False,False
DOM,Dominican Republic,2024,53293949023.3,0.021183710862900496,-0.8160921737029795,False,0.04818903903806071,False,False
DZA,Algeria,1970,939559305.4,,,False,,False,False
DZA,Algeria,1971,1260807888.7,0.3419141095763343,2.908977087126353,True,,False,False
DZA,Algeria,1972,1549785827.5,0.22920061128262836,1.896420950493824,False,,False,False
DZA,Algeria,1973,2991368810.9,0.9301820663345821,8.19365317842912,True,0.37641699438541193,False,False
DZA,Algeria,1974,3365980296.4,0.12523079204910625,0.9624132221989049,False,0.3600748139105668,False,False
DZA,Algeria,1975,4632815496.7,0.3763644135572961,3.2184596888807766,True,0.31212758255852935,False,False
DZA,Algeria,1976,6114379902.6,0.31979784365583597,2.7102967061941254,True,0.3133211948545526,False,False
DZA,Algeria,1977,10598959726.9,0.7334480185624439,6.426302591570797,True,0.3270016287722424,False,False
DZA,Algeria,1978,15733600491.0,0.48444761527571045,4.189419785263334,True,0.2238857996567265,False,False
DZA,Algeria,1979,18505548616.7,0.17618015198019177,1.4201142769677897,False,0.20843269364671327,False,False
DZA,Algeria,1980,19363299072.8,0.04635098768841339,0.2538004014552077,False,0.2685218185384728,False,False
DZA,Algeria,1981,18370318142.2,-0.051281598598807876,-0.6232771081331107,False,0.3250031872350613,False,False
DZA,Algeria,1982,17639470178.6,-0.039784175643703734,-0.5199905777273688,False,0.2214837324640794,False,False
DZA,Algeria,1983,16367488197.1,-0.0721099879203374,-0.8103879133423555,False,0.10234217262210858,False,False
DZA,Algeria,1984,15890285871.5,-0.029155501433906772,-0.42450840870308626,False,0.045135469636052084,False,False
DZA,Algeria,1985,18260741782.4,0.1491764169675216,1.1775275592010437,False,0.08964319805481752,False,False
DZA,Algeria,1986,22649736536.7,0.24035139462572008,1.9965934610913219,False,0.1372104156615784,False,False
DZA,Algeria,1987,24448828591.3,0.07943103672243068,0.5509733856723925,False,0.12781030694887494,False,False
DZA,Algeria,1988,26101327226.2,0.06759009449998898,0.44460086692044753,False,0.1003251328675077,False,False
DZA,Algeria,1989,27248503765.9,0.043950889154344974,0.23223923499348478,False,0.079742987812613,False,False
DZA,Algeria,1990,28153911739.3,0.03322780513670143,0.1359089401303231,False,0.08444036924502506,False,False
DZA,Algeria,1991,28489965549.1,0.011936309700470549,-0.055362155953143324,False,0.026943917585829893,False,False
DZA,Algeria,1992,27351247767.3,-0.03996908244193964,-0.5216516788030444,False,0.0406777952883031,False,False
DZA,Algeria,1993,26274665108.1,-0.03936137277390017,-0.5161923490601165,False,0.03970497739538784,False,False
DZA,Algeria,1994,30239373924.7,0.1508947421513569,1.1929640484943567,False,0.07816253417432083,False,False
DZA,Algeria,1995,33048876968.7,0.09290877023433186,0.6720499380105386,False,0.08436013655546178,False,False
DZA,Algeria,1996,33651326322.4,0.018229041618284647,0.0011682899652569693,False,0.08397082021642972,False,False
DZA,Algeria,1997,30896804008.7,-0.08185479191250933,-0.8979298779865834,False,0.09489103524477446,False,False
DZA,Algeria,1998,30686949509.0,-0.006792110266191642,-0.22360799033635254,False,0.09009353975568188,False,False
DZA,Algeria,1999,28203525381.3,-0.08092769621730078,-0.8896013596667733,False,0.07344555411395096,False,False
DZA,Algeria,2000,25461612754.1,-0.09721879056360783,-1.0359515999000128,False,0.05177493597068853,False,False
DZA,Algeria,2001,22747999963.0,-0.10657662644182009,-1.1200172556335728,False,0.03944828449421049,False,False
DZA,Algeria,2002,23038055336.5,0.012750807718119317,-0.0480451533001315,False,0.05483192162585245,False,False
DZA,Algeria,2003,23769764316.8,0.03176088300911095,0.12273091775732109,False,0.06517360248775932,False,False
DZA,Algeria,2004,22415803094.9,-0.05696149123965211,-0.6743021427204892,False,0.06299527758834161,False,False
DZA,Algeria,2005,17082050354.3,-0.2379460917826106,-2.300168349430115,False,0.10829011074758704,False,False
DZA,Algeria,2006,5899332942.0,-0.6546472572295758,-6.043582657411119,True,0.2853842592732506,False,False
DZA,Algeria,2007,6130437725.6,0.039174731426778964,0.189332858296969,False,0.2900754427533743,False,False
DZA,Algeria,2008,6240595213.8,0.01796894334967214,-0.0011682899652569693,False,0.287664731211312,False,False
DZA,Algeria,2009,7414345918.6,0.18808313383384534,1.5270441256779825,False,0.33113346788216164,False,False
DZA,Algeria,2010,7253019348.3,-0.021758705632453412,-0.35805965949770774,False,0.32752335328835025,False,False
DZA,Algeria,2011,6054554674.7,-0.16523665745920046,-1.6469867427036033,False,0.12681800121618636,False,False
DZA,Algeria,2012,5516939176.2,-0.08879521738345497,-0.9602788469018633,False,0.13265240410454043,False,False
DZA,Algeria,2013,5247039317.8,-0.04892202900556597,-0.602080031406569,False,0.132000276799842,False,False
DZA,Algeria,2014,5521236298.5,0.052257466371524286,0.3068609605453794,False,0.08052799448255613,False,False
DZA,Algeria,2015,4671438792.0,-0.15391435188725244,-1.5452733706473938,False,0.08840192426495223,False,False
DZA,Algeria,2016,5463041852.5,0.16945594189431468,1.3597076682693408,False,0.12692126658391642,False,False
DZA,Algeria,2017,5706819221.4,0.04462300957633003,0.23827719555845306,False,0.12115477056113994,False,False
DZA,Algeria,2018,5710492428.3,0.0006436522268353784,-0.15680918578468034,False,0.11680180081871622,False,False
DZA,Algeria,2019,5492379098.5,-0.03819518763724761,-0.5057159825694747,False,0.11806054956714646,False,False
DZA,Algeria,2020,5177879567.2,-0.05726107496583621,-0.6769934383059789,False,0.09027701057911428,False,False
DZA,Algeria,2021,7378780279.1,0.4250583049173089,3.6558988533064976,True,0.19956113339686873,False,False
DZA,Algeria,2022,7129258689.2,-0.03381610245351219,-0.46637668742956423,False,0.2055371670187419,False,False
DZA,Algeria,2023,7315267064.9,0.026090843916462214,0.07179440203275846,False,0.20403161138567186,False,False
DZA,Algeria,2024,6898271361.0,-0.05700348329055849,-0.6746793762327012,False,0.20655323140498094,False,False
ECU,Ecuador,1970,402122588.1,,,False,,False,False
ECU,Ecuador,1971,432364315.1,0.0752052431147674,0.15872843773303036,False,,False,False
ECU,Ecuador,1972,535905146.8,0.2394758958681693,1.969510475769888,False,,False,False
ECU,Ecuador,1973,573939123.7,0.07097147158803896,0.11205888778450512,False,0.09608721141004099,False,False
ECU,Ecuador,1974,708698193.9,0.2347968009764725,1.917932054170299,False,0.09474817984105185,False,False
ECU,Ecuador,1975,993879992.3,0.4024023214037431,3.7654748792488713,True,0.1377075847337765,False,False
ECU,Ecuador,1976,1214102930.2,0.2215790031051621,1.7722301252706771,False,0.11739082635508533,False,False
ECU,Ecuador,1977,2485664571.4,1.0473260623714458,10.874573835597095,True,0.38285689843104753,False,False
ECU,Ecuador,1978,4088901233.8,0.6449931663534993,6.439593093697288,True,0.34548623129959627,False,False
ECU,Ecuador,1979,4637392148.3,0.13414139475075126,0.8083911923679787,False,0.36776137445038737,False,False
ECU,Ecuador,1980,6108962611.2,0.3173271562637754,2.8276775409152126,True,0.37473449087101807,False,False
ECU,Ecuador,1981,7772614471.0,0.27232968438043925,2.3316631130324077,False,0.3668232681970384,False,False
ECU,Ecuador,1982,7807592417.0,0.0045001519283509595,-0.620665245631204,False,0.2406784123124441,False,False
ECU,Ecuador,1983,7692947367.7,-0.014683790236075356,-0.8321329503479352,False,0.15103029605906815,False,False
ECU,Ecuador,1984,8400083081.3,0.09191999890302327,0.3429779007030345,False,0.15280000509201797,False,False
ECU,Ecuador,1985,8792328903.3,0.04669546934282165,-0.1555394207640776,False,0.11500773543714578,False,False
ECU,Ecuador,1986,9418379203.6,0.0712041493426192,0.11462373239662914,False,0.04462270766516603,False,False
ECU,Ecuador,1987,10553659498.1,0.12053881776877917,0.6584477809483843,False,0.051271112503536304,False,False
ECU,Ecuador,1988,10808917407.5,0.02418667282623188,-0.4036575340539346,False,0.03766277646169978,False,False
ECU,Ecuador,1989,11376206174.6,0.052483402889763386,-0.09173809089485047,False,0.036266141794773166,False,False
ECU,Ecuador,1990,12162620647.2,0.06912800810131703,0.09173809089485047,False,0.035110644702274346,False,False
ECU,Ecuador,1991,12521018295.0,0.029467140199140207,-0.34545008609513267,False,0.03878175130993642,False,False
ECU,Ecuador,1992,12262513163.2,-0.020645695558421773,-0.8978519993029997,False,0.034026833550295885,False,False
ECU,Ecuador,1993,14119794865.7,0.15146011896433542,0.9992982972100684,False,0.06299838091354217,False,False
ECU,Ecuador,1994,18105551174.1,0.28228145991569975,2.441363148210792,False,0.11867043279709587,False,False
ECU,Ecuador,1995,17002047905.1,-0.06094833890384732,-1.3421145710531504,False,0.14009487308385188,False,False
ECU,Ecuador,1996,17456887682.2,0.0267520583190195,-0.3753788738482458,False,0.14032696270010273,False,False
ECU,Ecuador,1997,18363272531.6,0.051921331333545595,-0.09793389678611016,False,0.13132475395184504,False,False
ECU,Ecuador,1998,18521805480.0,0.008633153384136394,-0.5751065005122499,False,0.1302227541480196,False,False
ECU,Ecuador,1999,19110081292.1,0.03176125635998184,-0.32016167171561366,False,0.043399112007658294,False,False
ECU,Ecuador,2000,17182982890.6,-0.10084197822311991,-1.7818686251123512,False,0.06041000429385137,False,False
ECU,Ecuador,2001,17813559063.3,0.036697712889242284,-0.265746311059847,False,0.06151470085374552,False,False
ECU,Ecuador,2002,19585719133.3,0.09948377321470003,0.42635461123397406,False,0.0730565385907407,False,False
ECU,Ecuador,2003,19976582978.0,0.019956573564636093,-0.4502866040285287,False,0.07297961026399495,False,False
ECU,Ecuador,2004,20632713680.6,0.03284499172469024,-0.3082154810874848,False,0.07303447198105474,False,False
ECU,Ecuador,2005,20431754371.7,-0.00973983897663211,-0.777634974066264,False,0.03996886350014978,False,False
ECU,Ecuador,2006,20394197070.3,-0.0018381828949559642,-0.690533738004806,False,0.04333766558011437,False,False
ECU,Ecuador,2007,21117567758.9,0.03546943702203631,-0.2792857950809492,False,0.020353255282600194,False,False
ECU,Ecuador,2008,19033218167.9,-0.0987021618586521,-1.7582810824044504,False,0.054371430137999555,False,False
ECU,Ecuador,2009,13376883645.9,-0.2971822459083431,-3.946159227898599,True,0.13392159186427124,False,False
ECU,Ecuador,2010,15389312133.4,0.1504407559167793,0.9880616930704107,False,0.16806277591474647,False,False
ECU,Ecuador,2011,16180581867.5,0.051416835739050315,-0.10349503351667483,False,0.17289122920702504,False,False
ECU,Ecuador,2012,16260757649.6,0.004955061737368149,-0.6156507010531673,False,0.17044826418399725,False,False
ECU,Ecuador,2013,19094570319.9,0.17427310162080367,1.250769503636644,False,0.18879956709342763,False,False
ECU,Ecuador,2014,24984256767.9,0.3084482315824557,2.7298037146380913,True,0.11802612682750385,False,False
ECU,Ecuador,2015,28405810428.0,0.13694838681357302,0.8393331209661434,False,0.11782198021101432,False,False
ECU,Ecuador,2016,35395057632.2,0.24604991369338292,2.0419769400841257,False,0.1153435236288898,False,False
ECU,Ecuador,2017,41170619133.1,0.16317423638394613,1.128424912703148,False,0.07019287433610348,False,False
ECU,Ecuador,2018,44972778938.7,0.09235129045079549,0.3477320973582059,False,0.08694697872339573,False,False
ECU,Ecuador,2019,51908820292.2,0.1542275464665892,1.029804099242602,False,0.05600268051819266,False,False
ECU,Ecuador,2020,56397276775.8,0.08646808882062884,0.2828806119620459,False,0.06473937899554481,False,False
ECU,Ecuador,2021,58115985989.7,0.030475039082693556,-0.33433985329393007,False,0.05446193412654468,False,False
ECU,Ecuador,2022,60682883622.4,0.04416852934672644,-0.1833942900266664,False,0.04855127832037575,False,False
ECU,Ecuador,2023,61658016751.5,0.016069327475730644,-0.4931363478947425,False,0.05575471693329189,False,False
ECU,Ecuador,2024,60364730466.4,-0.020975152190060298,-0.9014836531674226,False,0.0392888191707243,False,False
EGY,"Egypt, Arab Rep.",1970,1801624657.4,,,False,,False,False
EGY,"Egypt, Arab Rep.",1971,2049117407.7,0.13737198216257052,0.621276723444259,False,,False,False
EGY,"Egypt, Arab Rep.",1972,1952436870.5,-0.04718155086511988,-0.9166775686325009,False,,False,False
EGY,"Egypt, Arab Rep.",1973,1991608099.4,0.020062737746787462,-0.3563055151058184,False,0.09340169496082162,False,False
EGY,"Egypt, Arab Rep.",1974,2209478866.4,0.10939439695271203,0.3881289394406377,False,0.08447000344058879,False,False
EGY,"Egypt, Arab Rep.",1975,4835420182.0,1.1884889941846604,9.380631765819537,True,0.5122019090724628,False,False
EGY,"Egypt, Arab Rep.",1976,6357338118.1,0.3147436786911273,2.0993820595696917,False,0.5058157106168828,False,False
EGY,"Egypt, Arab Rep.",1977,11733540781.4,0.8456688260757113,6.523781830172262,True,0.5026536531505605,False,False
EGY,"Egypt, Arab Rep.",1978,12857846527.8,0.09581981836056253,0.27500684924582564,False,0.4855853661496629,False,False
EGY,"Egypt, Arab Rep.",1979,14905845250.8,0.1592800721778731,0.8038451116917125,False,0.47568696841013486,False,False
EGY,"Egypt, Arab Rep.",1980,19130724407.9,0.28343774445620595,1.8384978861041743,False,0.2965727419872086,False,False
EGY,"Egypt, Arab Rep.",1981,22077857201.7,0.15405233649087458,0.7602804158240051,False,0.30843491780508886,False,False
EGY,"Egypt, Arab Rep.",1982,27323635750.8,0.23760360895422727,1.45654472453387,False,0.07420261436460665,False,False
EGY,"Egypt, Arab Rep.",1983,30213012849.9,0.10574643599600053,0.3577291030427016,False,0.0712597451262867,False,False
EGY,"Egypt, Arab Rep.",1984,32187450012.1,0.06535055514023425,0.0210949713350976,False,0.09051218481070565,False,False
EGY,"Egypt, Arab Rep.",1985,36124676237.8,0.12232178144649275,0.49585771678435603,False,0.06468721958282289,False,False
EGY,"Egypt, Arab Rep.",1986,39891292452.4,0.1042671272624085,0.3454014646669402,False,0.06523836834401543,False,False
EGY,"Egypt, Arab Rep.",1987,44151539093.1,0.10679640540058966,0.3664788946389147,False,0.02116747960947651,False,False
EGY,"Egypt, Arab Rep.",1988,46148551466.9,0.045230866574979656,-0.14656999219360545,False,0.03215181991263264,False,False
EGY,"Egypt, Arab Rep.",1989,45676111287.4,-0.010237378302954014,-0.608807825761296,False,0.055339341898686764,False,False
EGY,"Egypt, Arab Rep.",1990,33015720171.3,-0.27717751707099547,-2.8333208188790033,True,0.1589507943935604,False,False
EGY,"Egypt, Arab Rep.",1991,32604272498.3,-0.012462174711477703,-0.6273478944847303,False,0.14677097517909016,False,False
EGY,"Egypt, Arab Rep.",1992,31168986021.5,-0.04402142317007185,-0.8903430310467016,False,0.12572860894238247,False,False
EGY,"Egypt, Arab Rep.",1993,30651243858.9,-0.016610811857750707,-0.6619200546634375,False,0.11544251668746582,False,False
EGY,"Egypt, Arab Rep.",1994,32499139580.0,0.06028778895912357,-0.0210949713350976,False,0.12846492127541612,False,False
EGY,"Egypt, Arab Rep.",1995,33475216024.7,0.030033916507152147,-0.2732119166252811,False,0.041371512728436324,False,False
EGY,"Egypt, Arab Rep.",1996,31512670142.2,-0.05862683249159373,-1.012055423028936,False,0.05005019907629911,False,False
EGY,"Egypt, Arab Rep.",1997,29952913694.8,-0.04949616901270648,-0.935966155831021,False,0.051143695383393466,False,False
EGY,"Egypt, Arab Rep.",1998,32347186890.4,0.07993456730106563,0.14262905269611365,False,0.06332664574116717,False,False
EGY,"Egypt, Arab Rep.",1999,31121616151.4,-0.037888016140399716,-0.839231033830573,False,0.0599045831787582,False,False
EGY,"Egypt, Arab Rep.",2000,29232716500.9,-0.06069413751878783,-1.0292830565911069,False,0.059543335041270455,False,False
EGY,"Egypt, Arab Rep.",2001,28331673242.3,-0.030823110762636885,-0.7803565090756539,False,0.056898730063546475,False,False
EGY,"Egypt, Arab Rep.",2002,29671747582.0,0.04729951274812927,-0.12933118235566937,False,0.060611839604142556,False,False
EGY,"Egypt, Arab Rep.",2003,30467606765.2,0.02682212030149511,-0.29997702742391835,False,0.045865995894096276,False,False
EGY,"Egypt, Arab Rep.",2004,31403286339.0,0.030710635758524063,-0.26757255952328374,False,0.04609283492116922,False,False
EGY,"Egypt, Arab Rep.",2005,30575696632.4,-0.026353601902238122,-0.7431104037177357,False,0.03567274616711345,False,False
EGY,"Egypt, Arab Rep.",2006,31028391832.6,0.014805719903705938,-0.4001142302393199,False,0.027717952228520443,False,False
EGY,"Egypt, Arab Rep.",2007,34604548133.8,0.11525432321770257,0.43696191815767665,False,0.051624205160399624,False,False
EGY,"Egypt, Arab Rep.",2008,33925338196.5,-0.019627764959502136,-0.6870614642897529,False,0.05676785131290245,False,False
EGY,"Egypt, Arab Rep.",2009,35417097883.9,0.0439718442527981,-0.15706190070629186,False,0.05752535479911026,False,False
EGY,"Egypt, Arab Rep.",2010,36803931990.1,0.03915719212077029,-0.19718421529886965,False,0.04965286951520993,False,False
EGY,"Egypt, Arab Rep.",2011,35208762810.6,-0.04334235754834803,-0.8846841207543952,False,0.061941157483973754,False,False
EGY,"Egypt, Arab Rep.",2012,40061753451.8,0.13783473924675804,0.6251330529988297,False,0.0702435661740382,False,False
EGY,"Egypt, Arab Rep.",2013,46534987114.9,0.16158138636862773,0.8230228319933727,False,0.08282605265793325,False,False
EGY,"Egypt, Arab Rep.",2014,41772774970.9,-0.10233616552297686,-1.3763018031258267,False,0.11352292260690089,False,False
EGY,"Egypt, Arab Rep.",2015,49873938935.6,0.19393406280390701,1.0926299035434084,False,0.13312917959099735,False,False
EGY,"Egypt, Arab Rep.",2016,69188517055.2,0.38726795059319574,2.7037542079738777,True,0.17465821678245866,False,False
EGY,"Egypt, Arab Rep.",2017,84587108845.3,0.22255993401064944,1.3311800996008336,False,0.17659612906467573,False,False
EGY,"Egypt, Arab Rep.",2018,99457163486.3,0.17579575474314413,0.9414765320776057,False,0.1764887558698827,False,False
EGY,"Egypt, Arab Rep.",2019,114910260649.9,0.15537440061548335,0.7712976754856649,False,0.09293947852432956,False,False
EGY,"Egypt, Arab Rep.",2020,132538717154.0,0.1534106389142138,0.754932907564206,False,0.09816248569050601,False,False
EGY,"Egypt, Arab Rep.",2021,145998330659.9,0.10155231463618986,0.32277790573430964,False,0.04367231727837818,False,False
EGY,"Egypt, Arab Rep.",2022,163111452414.1,0.11721450291143842,0.4532968358575206,False,0.030383859096694544,False,False
EGY,"Egypt, Arab Rep.",2023,168182236339.6,0.03108784729981151,-0.26442911328615926,False,0.05069253196441374,False,False
EGY,"Egypt, Arab Rep.",2024,155972716013.2,-0.07259696738569976,-1.1284738332798956,False,0.08938036783855116,False,False
ERI,Eritrea,1994,29056800.1,,,False,,False,False
ERI,Eritrea,1995,36689461.6,0.2626807313170041,2.1193711924608465,False,,False,False
ERI,Eritrea,1996,44286454.5,0.20706198915712615,1.6172470297494834,False,,False,False
ERI,Eritrea,1997,75455613.8,0.7038079623194942,6.101853228455048,True,0.2721651582723253,False,False
ERI,Eritrea,1998,146136192.0,0.9367172916695563,8.204550942319019,True,0.3518299945924524,False,False
ERI,Eritrea,1999,273362649.1,0.8706019731238106,7.6076640355322995,True,0.34113466293299294,False,False
ERI,Eritrea,2000,329696750.6,0.20607826886910274,1.6083660355596823,False,0.35560075339824293,False,False
ERI,Eritrea,2001,432797640.1,0.31271430280210954,2.571072619242498,True,0.32973793329267226,False,False
ERI,Eritrea,2002,540750572.1,0.2494305005338222,1.999748547658623,False,0.35748338313103173,False,False
ERI,Eritrea,2003,656094138.2,0.21330271672587298,1.6735881116128422,False,0.2827739635506579,False,False
ERI,Eritrea,2004,760244436.6,0.15874291863929346,1.1810240609341227,False,0.057290664077240476,False,False
ERI,Eritrea,2005,757208868.8,-0.003992883938192193,-0.28814937663649315,False,0.12006833252265971,False,False
ERI,Eritrea,2006,822735305.2,0.0865368052329396,0.5291496598089265,False,0.10159804546983893,False,False
ERI,Eritrea,2007,896724741.4,0.08993103338626485,0.5597926391959942,False,0.08214161724105025,False,False
ERI,Eritrea,2008,997784245.2,0.11269846713744314,0.7653362772835821,False,0.05932973073459858,False,False
ERI,Eritrea,2009,1050653956.3,0.052987117560071795,0.2262641903112206,False,0.04536028436828889,False,False
ERI,Eritrea,2010,1037322233.9,-0.012688975585214757,-0.36665740410268033,False,0.048827334009488625,False,False
ERI,Eritrea,2011,1051012567.3,0.01319776338788059,-0.1329527817502206,False,0.05198873974266252,False,False
ERI,Eritrea,2012,990963322.4,-0.05713465924985417,-0.7679115646532636,False,0.06467096577879304,False,False
ERI,Eritrea,2013,942827437.0,-0.04857484057373618,-0.6906338050564748,False,0.04533612859030326,False,False
ERI,Eritrea,2014,907610925.5,-0.0373520223510424,-0.5893145737237483,False,0.028679228731494557,False,False
ERI,Eritrea,2015,875473801.3,-0.03540848098792526,-0.5717683466471841,False,0.027313077611104363,False,False
ERI,Eritrea,2016,800798598.7,-0.08529690150534941,-1.0221593552984833,False,0.02021004657801134,False,False
ERI,Eritrea,2017,825670657.9,0.03105906933450764,0.028298496957253012,False,0.04208173118669013,False,False
ERI,Eritrea,2018,797462901.6,-0.034163447653260626,-0.5605282269242466,False,0.04141762420462226,False,False
ERI,Eritrea,2019,779332773.6,-0.02273476040531086,-0.457350416847727,False,0.04148173955697751,False,False
ERI,Eritrea,2020,798652429.3,0.024789995178511326,-0.028298496957253012,False,0.047559577485369105,False,False
ERI,Eritrea,2021,772098727.5,-0.033248132511502715,-0.552264792130071,False,0.03214575330287103,False,False
ERI,Eritrea,2022,727107699.5,-0.05827108166034378,-0.7781711485488009,False,0.030589064535666826,False,False
ERI,Eritrea,2023,725945139.1,-0.001598883357719072,-0.2665364186601127,False,0.03152950165448722,False,False
ERI,Eritrea,2024,693278616.9,-0.044998610005845374,-0.6583477138967158,False,0.03381694737126917,False,False
ETH,Ethiopia,1970,169291507.9,,,False,,False,False
ETH,Ethiopia,1971,204419405.7,0.2074994678454274,0.7636887364687106,False,,False,False
ETH,Ethiopia,1972,226992441.5,0.11042511214971218,-0.0035088959096307875,False,,False,False
ETH,Ethiopia,1973,256405145.8,0.1295756991097874,0.1478419409733767,False,0.05141706793244688,False,False
ETH,Ethiopia,1974,283128081.9,0.10422152806888008,-0.05253703506095182,False,0.04761822177287354,False,False
ETH,Ethiopia,1975,343674712.5,0.21384890609821228,0.8138695896874362,False,0.05341669799241364,False,False
ETH,Ethiopia,1976,402645522.9,0.17158902955363642,0.47988151428648174,False,0.046203410133331235,False,False
ETH,Ethiopia,1977,500727416.8,0.2435936532798837,1.0489481482822671,False,0.05759620897139973,False,False
ETH,Ethiopia,1978,567285829.4,0.1329234437078659,0.17429982174988115,False,0.056987760872001726,False,False
ETH,Ethiopia,1979,740065951.6,0.30457330898383983,1.5308823021999796,False,0.06604736814612004,False,False
ETH,Ethiopia,1980,823661624.8,0.1129570587854618,0.01650157390326503,False,0.07981656268353392,False,False
ETH,Ethiopia,1981,1841818082.1,1.2361343865537342,8.89319182262243,True,0.4706992827757615,True,True
ETH,Ethiopia,1982,3279545191.2,0.780602125189658,5.293031204652992,True,0.48540382876160876,False,False
ETH,Ethiopia,1983,3845189805.4,0.1724765420881511,0.48689569954999334,False,0.4779168341628187,False,False
ETH,Ethiopia,1984,4222435578.9,0.09810849206200789,-0.10084955506177115,False,0.5092232207907575,False,False
ETH,Ethiopia,1985,5212468612.5,0.23446965977345147,0.976839441860236,False,0.48985487075636625,False,False
ETH,Ethiopia,1986,6144432381.0,0.1787950849747204,0.5368323806427008,False,0.2769173791602767,False,False
ETH,Ethiopia,1987,7377385232.0,0.20066179828303987,0.7096492956539548,False,0.05027461786868929,False,False
ETH,Ethiopia,1988,7717008720.8,0.04603575360642087,-0.5123905987109163,False,0.0774905861128184,False,False
ETH,Ethiopia,1989,7855586230.1,0.017957412556303787,-0.7342992235004008,False,0.09712825787160177,False,False
ETH,Ethiopia,1990,8645231101.2,0.10052017099301169,-0.08178958445818038,False,0.0799971618469249,False,False
ETH,Ethiopia,1991,9133608406.4,0.056490948533719276,-0.4297611469181043,False,0.0714877460376531,False,False
ETH,Ethiopia,1992,9355564836.4,0.02430106701798973,-0.6841640807147291,False,0.0327600746464371,False,False
ETH,Ethiopia,1993,9717488583.7,0.03868539779574309,-0.5704818992884516,False,0.03309299948486469,False,False
ETH,Ethiopia,1994,10079654017.6,0.03726944783938224,-0.5816724289221622,False,0.029725327905925174,False,False
ETH,Ethiopia,1995,10324075338.0,0.024248979178572716,-0.6845757411042319,False,0.013261363189797488,False,False
ETH,Ethiopia,1996,10091749359.6,-0.022503320713369246,-1.0540683174729182,False,0.02494825612789009,False,False
ETH,Ethiopia,1997,10090618084.6,-0.00011209899886421848,-0.8771061098712146,False,0.0263439016859084,False,False
ETH,Ethiopia,1998,10360532218.0,0.0267490188546462,-0.6648174382384613,False,0.024170793556811704,False,False
ETH,Ethiopia,1999,5572314681.4,-0.4621594176678617,-4.52875650084324,True,0.2108131833392708,False,False
ETH,Ethiopia,2000,5516263792.3,-0.010058816184070452,-0.955716962549416,False,0.20681742195164216,False,False
ETH,Ethiopia,2001,5745843979.0,0.041618783173579255,-0.5472987805275771,False,0.21418625513156098,False,False
ETH,Ethiopia,2002,6552441032.8,0.140379212653174,0.23322422296177409,False,0.23556477183756802,False,False
ETH,Ethiopia,2003,7281813432.4,0.11131308102567128,0.0035088959096307875,False,0.24551985735495788,False,False
ETH,Ethiopia,2004,6568177206.7,-0.09800254185649926,-1.6507534388141338,False,0.09574867465765284,False,False
ETH,Ethiopia,2005,6175805430.4,-0.059738305461636054,-1.3483436895398466,False,0.10407491819354138,False,False
ETH,Ethiopia,2006,2220991208.6,-0.6403722180644948,-5.93720714204431,True,0.3144962378237954,False,False
ETH,Ethiopia,2007,2592599173.4,0.16731627003343386,0.44611305953725167,False,0.320024378506724,False,False
ETH,Ethiopia,2008,2847636291.2,0.09837121002609028,-0.09877324357267861,False,0.31789383818232936,False,False
ETH,Ethiopia,2009,5361419433.9,0.8827613099567173,6.1004152363808375,True,0.5455233638683121,False,False
ETH,Ethiopia,2010,7287411658.5,0.3592317759028594,1.9628588639723346,False,0.549003290511975,False,False
ETH,Ethiopia,2011,8607523904.7,0.18114967399436366,0.5554411585032174,False,0.31952007640121405,False,False
ETH,Ethiopia,2012,10465118049.7,0.21581051247335958,0.8293725487942532,False,0.31373635604684175,False,False
ETH,Ethiopia,2013,12585463066.0,0.2026107117215732,0.7250519399984601,False,0.2960084035514158,False,False
ETH,Ethiopia,2014,16946037499.2,0.346477075204346,1.862055968012184,False,0.08482816434176484,False,False
ETH,Ethiopia,2015,20443875424.1,0.20641037322531153,0.7550814085292087,False,0.06606822206142905,False,False
ETH,Ethiopia,2016,23396722284.1,0.14443674688601726,0.26529171014128294,False,0.07443334137794479,False,False
ETH,Ethiopia,2017,26170602394.7,0.11855849195103207,0.0607707965187772,False,0.08825394527961893,False,False
ETH,Ethiopia,2018,29842524863.7,0.14030714362706553,0.2326546473431469,False,0.0927307819628186,False,False
ETH,Ethiopia,2019,30377335498.2,0.017921092030337427,-0.7345862717257371,False,0.06845754664639629,False,False
ETH,Ethiopia,2020,32364057104.1,0.0654014439817383,-0.35933975743738145,False,0.05441033122388034,False,False
ETH,Ethiopia,2021,32000197807.2,-0.011242697283892267,-0.9650734065895679,False,0.06434699260727199,False,False
ETH,Ethiopia,2022,30620768251.9,-0.04310690713885612,-1.216902493510965,False,0.07165553691007528,False,False
ETH,Ethiopia,2023,33273672181.5,0.08663740595193548,-0.1915077937014543,False,0.05342286069781293,False,False
ETH,Ethiopia,2024,36548259483.3,0.0984137634084361,-0.09843693586348568,False,0.06277336910872121,False,False
FJI,Fiji,1970,11665440.0,,,False,,False,False
FJI,Fiji,1971,14810208.6,0.2695799386906965,1.1426359893892257,False,,False,False
FJI,Fiji,1972,20721484.6,0.3991352289258101,1.9186919939541096,False,,False,False
FJI,Fiji,1973,47197248.0,1.2776962612032148,7.181406957104336,True,0.5484755510169995,True,True
FJI,Fiji,1974,54507121.5,0.1548792315179055,0.4555612094420518,False,0.5114104603143657,False,False
FJI,Fiji,1975,59299120.5,0.08791509931413266,0.05443581508027319,False,0.48416998038687703,False,False
FJI,Fiji,1976,63899866.3,0.07758539690314636,-0.0074406823353573735,False,0.5078834196854172,False,False
FJI,Fiji,1977,120597359.1,0.8872865638531078,4.842793155081511,True,0.5527467578780709,False,False
FJI,Fiji,1978,103213454.6,-0.1441483016687386,-1.335659451934106,False,0.39356645282192837,False,False
FJI,Fiji,1979,141674748.1,0.37263837015295476,1.7599717570925748,False,0.39759586160041144,False,False
FJI,Fiji,1980,216321921.5,0.5268911672764076,2.6839696055118867,True,0.3995920163490801,False,False
FJI,Fiji,1981,276430731.2,0.2778673991207128,1.1922791449688723,False,0.3755159909747192,False,False
FJI,Fiji,1982,302393413.9,0.09392111574315432,0.0904127721369779,False,0.25941353476163326,False,False
FJI,Fiji,1983,332406077.7,0.09925038846886092,0.12233593089987292,False,0.18484060294569238,False,False
FJI,Fiji,1984,314560182.5,-0.05368703040413747,-0.7937826006062761,False,0.22251950626864303,False,False
FJI,Fiji,1985,335680653.4,0.06714286192277363,-0.06999306409985487,False,0.11866501022713562,False,False
FJI,Fiji,1986,339619142.3,0.011732844476166182,-0.4019075438130884,False,0.06454398251186007,False,False
FJI,Fiji,1987,364679007.7,0.07378814171158687,-0.030186821739830894,False,0.06116503330162826,False,False
FJI,Fiji,1988,370909718.9,0.0170854671325793,-0.3698445153937858,False,0.05140679194492806,False,False
FJI,Fiji,1989,316399872.0,-0.1469625737003032,-1.3525173718585737,False,0.08927006432962203,False,False
FJI,Fiji,1990,318026329.3,0.005140511877324672,-0.44139662440667404,False,0.08244863980809634,False,False
FJI,Fiji,1991,282093980.4,-0.1129854530569524,-1.1489892222535238,False,0.09320927189424574,False,False
FJI,Fiji,1992,257427622.5,-0.08744021359485898,-0.9959693306178495,False,0.07276974033532008,False,False
FJI,Fiji,1993,246248945.3,-0.04342454431050802,-0.7323087392126472,False,0.05952519873229538,False,False
FJI,Fiji,1994,196861157.8,-0.20056040215657323,-1.6735765623373384,False,0.0773893565214015,False,False
FJI,Fiji,1995,183417026.0,-0.06829245520164273,-0.8812713291078682,False,0.060441380076465386,False,False
FJI,Fiji,1996,165771501.0,-0.0962044003483079,-1.0484681497922643,False,0.06018175364142753,False,False
FJI,Fiji,1997,158130798.8,-0.04609177182994795,-0.7482858400183774,False,0.0648581850425378,False,False
FJI,Fiji,1998,168365632.2,0.06472384556119737,-0.08448334210498377,False,0.09546618117590822,False,False
FJI,Fiji,1999,231848126.2,0.3770513802044215,1.7864063622903312,False,0.19475052526111877,False,False
FJI,Fiji,2000,194527935.4,-0.16096826578536305,-1.4364136096808382,False,0.2120202776254735,False,False
FJI,Fiji,2001,181389690.1,-0.06753911860003226,-0.8767587276380453,False,0.2081850849688046,False,False
FJI,Fiji,2002,211378367.3,0.16532735230688855,0.5181470510544993,False,0.2094609175441298,False,False
FJI,Fiji,2003,258131310.3,0.22118130439358352,0.8527207671636303,False,0.2188824416700084,False,False
FJI,Fiji,2004,263742090.4,0.021736146976820248,-0.3419862317846626,False,0.15869622716996548,False,False
FJI,Fiji,2005,302666509.7,0.14758516261460541,0.4118686210510775,False,0.11766911797150888,False,False
FJI,Fiji,2006,373224464.8,0.23312111792591916,0.9242420764697844,False,0.08420931674815874,False,False
FJI,Fiji,2007,397932776.2,0.06620228235370496,-0.07562727958439523,False,0.09318157213640514,False,False
FJI,Fiji,2008,689116436.7,0.7317408314052822,3.911050426309011,True,0.2864618617398686,False,False
FJI,Fiji,2009,1067927268.5,0.549705117489327,2.820628656782198,True,0.2831466381980063,False,False
FJI,Fiji,2010,1107442022.4,0.03700135305609531,-0.2505453124887946,False,0.30589264844081243,False,False
FJI,Fiji,2011,1135273517.9,0.025131334134932626,-0.3216485413986272,False,0.3341060232967734,False,False
FJI,Fiji,2012,1283656604.2,0.13070249940690526,0.31073888615869777,False,0.3248088725236765,False,False
FJI,Fiji,2013,1327112540.4,0.03385324085726382,-0.269402986077526,False,0.2246375960401471,False,False
FJI,Fiji,2014,1433374045.4,0.08006970152506598,0.0074406823353573735,False,0.04421797291360794,False,False
FJI,Fiji,2015,1492464435.0,0.04122468227301401,-0.22524692450250644,False,0.04367352540581263,False,False
FJI,Fiji,2016,1401041843.0,-0.06125612768789357,-0.8391226510629932,False,0.070717107789436,False,False
FJI,Fiji,2017,1662594373.7,0.18668431068407432,0.6460784983753991,False,0.08960393645706433,False,False
FJI,Fiji,2018,1628412658.2,-0.02055926330601654,-0.595342208649547,False,0.09605557233246625,False,False
FJI,Fiji,2019,1831700627.0,0.12483811629461816,0.2756103343326774,False,0.10201624730829008,False,False
FJI,Fiji,2020,2047345488.9,0.11772931598172143,0.2330275331358722,False,0.10527152004524275,False,False
FJI,Fiji,2021,2498008201.2,0.2201204998097963,0.8463663854519764,False,0.09231785322023839,False,False
FJI,Fiji,2022,2988044051.5,0.19617063309263583,0.7029030205777912,False,0.09396566181247999,False,False
FJI,Fiji,2023,3347681715.8,0.12035888966210573,0.24877908168633753,False,0.0485566493411268,False,False
FJI,Fiji,2024,3868919895.3,0.15570123558638227,0.46048513954139764,False,0.045494981405675504,False,False
GAB,Gabon,1970,103822382.2,,,False,,False,False
GAB,Gabon,1971,145538293.9,0.40180075640761026,2.7217246744452317,True,,False,False
GAB,Gabon,1972,229636306.8,0.5778411347722965,4.118344131997078,True,,False,False
GAB,Gabon,1973,396230224.3,0.7254685455514389,5.289548808318706,True,0.16204161243200746,False,False
GAB,Gabon,1974,528014042.9,0.33259405900399397,2.172672115681915,False,0.1772077317434088,False,False
GAB,Gabon,1975,882643164.9,0.6716282015006234,4.862405485853894,True,0.16974639299740493,False,False
GAB,Gabon,1976,1234281993.0,0.3983929656780827,2.694688906376934,True,0.17045473880665168,False,False
GAB,Gabon,1977,1476400117.3,0.19616110878480586,1.090278890347063,False,0.2262637523433614,False,False
GAB,Gabon,1978,1512811249.8,0.024662103499820676,-0.27031150349774324,False,0.24103792828493095,False,False
GAB,Gabon,1979,1722573959.5,0.1386575554139564,0.6340734319054347,False,0.2546662312769657,False,False
GAB,Gabon,1980,1514020947.9,-0.12107057026482348,-1.4264842501792867,False,0.1940262237419678,False,False
GAB,Gabon,1981,1135600329.5,-0.24994411003684114,-2.448904758935061,False,0.18399514431124636,False,False
GAB,Gabon,1982,1000623472.4,-0.11885947334959801,-1.4089424736674259,False,0.1498034420057338,False,False
GAB,Gabon,1983,914890557.4,-0.08567949619887405,-1.1457085376790075,False,0.1411107453446152,False,False
GAB,Gabon,1984,919426012.8,0.004957374806544346,-0.4266393173462188,False,0.09152492194266336,False,False
GAB,Gabon,1985,1206162951.1,0.31186515750927857,2.008219008786057,False,0.21061515579030488,False,False
GAB,Gabon,1986,1943574170.3,0.6113694824795386,4.3843418719615554,True,0.31136429653838593,False,False
GAB,Gabon,1987,2618902681.7,0.3474673216591264,2.290669408203096,False,0.2810343430025336,False,False
GAB,Gabon,1988,2844956364.8,0.08631618298747279,0.2188222273530434,False,0.23887531062000336,False,False
GAB,Gabon,1989,3350495573.9,0.17769664777812477,0.9437907621420898,False,0.19982663952979016,False,False
GAB,Gabon,1990,3982877605.0,0.18874283435148764,1.0314258788318937,False,0.20654174122468516,False,False
GAB,Gabon,1991,4222977719.5,0.06028307628599605,0.012288114568500218,False,0.11283161302384269,False,False
GAB,Gabon,1992,3850442852.3,-0.08821615739997513,-1.1658331842151302,False,0.11177179176031835,False,False
GAB,Gabon,1993,3862504189.7,0.003132454593578693,-0.4411173541556351,False,0.11756114005372123,False,False
GAB,Gabon,1994,4173198026.2,0.08043844646913678,0.17219110065286455,False,0.10195068947150523,False,False
GAB,Gabon,1995,4362737008.3,0.04541816154183054,-0.1056429496532719,False,0.06692653205923757,False,False
GAB,Gabon,1996,4313553814.7,-0.011273472021446795,-0.5554070279310954,False,0.06379283585599362,False,False
GAB,Gabon,1997,4282600648.0,-0.007175792404517045,-0.522898014164026,False,0.0396160924113147,False,False
GAB,Gabon,1998,4430828795.7,0.034611713742028094,-0.19137609453982019,False,0.03832696321001435,False,False
GAB,Gabon,1999,4006728293.6,-0.09571584045666082,-1.2253320524846627,False,0.05560540133031944,False,False
GAB,Gabon,2000,3930290528.8,-0.019077351694172684,-0.6173192454380572,False,0.04731917336495671,False,False
GAB,Gabon,2001,3447234061.4,-0.12290604571349262,-1.441046027137977,False,0.06526617386582549,False,False
GAB,Gabon,2002,3517028368.8,0.020246466052744605,-0.3053430413379169,False,0.0699161697096981,False,False
GAB,Gabon,2003,3806803406.1,0.08239201021823717,0.18768973323310925,False,0.08393664933434494,False,False
GAB,Gabon,2004,4111417357.2,0.08001830370643481,0.1688578906087258,False,0.0847647749276479,False,False
GAB,Gabon,2005,3982408562.0,-0.03137818031878392,-0.7149080870477558,False,0.08592260699759594,False,False
GAB,Gabon,2006,4367730175.2,0.09675592225185659,0.3016460835833549,False,0.05395221390854704,False,False
GAB,Gabon,2007,5131344448.2,0.17483091728875721,0.9210554385832013,False,0.07362593479763446,False,False
GAB,Gabon,2008,2487040013.1,-0.5153239003527785,-4.554300022449312,True,0.27625225634161077,False,False
GAB,Gabon,2009,2711428130.7,0.0902229624043358,0.24981673100407892,False,0.2773869240808875,False,False
GAB,Gabon,2010,2914864858.2,0.07502936374989932,0.12927804716268923,False,0.2819680381091532,False,False
GAB,Gabon,2011,3182959184.2,0.09197487329328702,0.26371554704921096,False,0.2814990672531703,False,False
GAB,Gabon,2012,3241048492.7,0.018250095316443726,-0.32118128390877143,False,0.262971231838394,False,False
GAB,Gabon,2013,4822851463.7,0.4880528552913621,3.4060072275432787,True,0.18984333226074412,False,False
GAB,Gabon,2014,4646619425.6,-0.03654104618946685,-0.755867774812052,False,0.20788125369631227,False,False
GAB,Gabon,2015,5131574603.4,0.10436731166925273,0.3620311762427108,False,0.2064442328318524,False,False
GAB,Gabon,2016,5386777813.9,0.049731949786116614,-0.07141943426609462,False,0.20939744226665374,False,False
GAB,Gabon,2017,6578650826.9,0.22125898898679286,1.289393367145028,False,0.20316825620815296,False,False
GAB,Gabon,2018,6896066351.0,0.04824933446871715,-0.08318178912797139,False,0.09489532132275183,False,False
GAB,Gabon,2019,7291337257.7,0.05731831548324373,-0.01123286773439589,False,0.07361519207097222,False,False
GAB,Gabon,2020,7729911668.2,0.060150065070278425,0.01123286773439589,False,0.07502888655634857,False,False
GAB,Gabon,2021,7833664602.7,0.013422266508791747,-0.35948294920358237,False,0.08109138089497163,False,False
GAB,Gabon,2022,7990531656.9,0.02002473454708964,-0.30710215216252823,False,0.02167514879007813,False,False
GAB,Gabon,2023,7576008899.0,-0.05187674308780821,-0.8775337975865038,False,0.045315651101649895,False,False
GAB,Gabon,2024,6816627454.3,-0.10023502543670915,-1.261185086510393,False,0.06374292172119092,False,False
GEO,Georgia,1992,79312483.0,,,False,,False,False
GEO,Georgia,1993,558986470.1,6.047900266847024,81.88460483925873,True,,True,True
GEO,Georgia,1994,1450018420.1,1.5940134469455023,20.835453692085,True,,False,False
GEO,Georgia,1995,1240357909.0,-0.14459161910890816,-2.9954984076687405,True,3.193921600421458,True,True
GEO,Georgia,1996,1361321590.8,0.09752320755347399,0.3231545454860846,False,2.871003031919404,True,False
GEO,Georgia,1997,1465764166.6,0.07672145693261423,0.03802623640912392,False,2.6164715215808187,True,False
GEO,Georgia,1998,1648137048.9,0.12442170879578396,0.6918506382194267,False,0.7038289659368141,False,False
GEO,Georgia,1999,1851041690.9,0.12311151074203597,0.6738918345384292,False,0.11355004941352854,False,False
GEO,Georgia,2000,1825515848.6,-0.013789987781198554,-1.20260853773738,False,0.05686277941044675,False,False
GEO,Georgia,2001,1909485070.3,0.04599753092496939,-0.3831047169626917,False,0.05791429327560962,False,False
GEO,Georgia,2002,2034422947.1,0.0654301406925224,-0.1167431368743995,False,0.057869800230496836,False,False
GEO,Georgia,2003,2148630818.2,0.05613772262193528,-0.24411373658949162,False,0.04889185750273748,False,False
GEO,Georgia,2004,2316620171.1,0.07818437280013146,0.058078333717163075,False,0.03567286131589123,False,False
GEO,Georgia,2005,2156209501.0,-0.0692434055876463,-1.9627051055635147,False,0.059634021968042066,False,False
GEO,Georgia,2006,2573385096.3,0.19347637375056737,1.6383786594086194,False,0.0932467388990978,False,False
GEO,Georgia,2007,2986949884.4,0.16070847254638299,1.1892310644470259,False,0.10266794420690195,False,False
GEO,Georgia,2008,7721515061.9,1.5850835670954182,20.7130523813337,True,0.6759352266038461,True,True
GEO,Georgia,2009,8672797229.9,0.12319890078229312,0.6750896844147614,False,0.6710317696358639,False,False
GEO,Georgia,2010,8790390910.4,0.013558910393360657,-0.8277388821128024,False,0.6574829030495745,False,False
GEO,Georgia,2011,11781288103.3,0.3402462101385548,3.650143728394885,True,0.6483212858649803,False,False
GEO,Georgia,2012,13517007945.0,0.1473285286363395,1.0058330008826237,False,0.649811701782189,False,False
GEO,Georgia,2013,13611150110.6,0.0069647192620629905,-0.9181250520686983,False,0.1352555460601871,False,False
GEO,Georgia,2014,14102343179.6,0.036087550648454814,-0.5189402036353921,False,0.1412269261121399,False,False
GEO,Georgia,2015,14360492981.4,0.01830545452711929,-0.7626782952667791,False,0.14044012720883128,False,False
GEO,Georgia,2016,15830998022.1,0.10239934259949357,0.3899914269506797,False,0.06025441776231327,False,False
GEO,Georgia,2017,16003229315.4,0.010879370527339116,-0.8644671693145961,False,0.039339284737033645,False,False
GEO,Georgia,2018,17111996250.1,0.06928394968589413,-0.06391921537791873,False,0.03811841750010493,False,False
GEO,Georgia,2019,18749078511.8,0.09566868983450316,0.2977347858225318,False,0.04273471665467013,False,False
GEO,Georgia,2020,20083506516.9,0.07117299147582967,-0.03802623640912392,False,0.03607514914665016,False,False
GEO,Georgia,2021,21992748362.6,0.0950651642477569,0.28946229793581146,False,0.03453876484729069,False,False
GEO,Georgia,2022,23319530472.2,0.060328163071072805,-0.18667562855102027,False,0.016107547790610983,False,False
GEO,Georgia,2023,24123230482.0,0.03446467375310647,-0.541184876857593,False,0.025670248819581538,False,False
GEO,Georgia,2024,25163122115.7,0.04310747826564665,-0.4227184900010884,False,0.023919103046455597,False,False
GHA,Ghana,1970,572138164.6,,,False,,False,False
GHA,Ghana,1971,542386913.4,-0.052000116476760616,-1.02032162578081,False,,False,False
GHA,Ghana,1972,601807880.4,0.10955457355619891,0.15097233329656934,False,,False,False
GHA,Ghana,1973,756428483.1,0.2569268494743362,1.2194418186651632,False,0.15451773138418307,False,False
GHA,Ghana,1974,730055396.5,-0.034865274363965915,-0.8960916386949103,False,0.1442069446704597,False,False
GHA,Ghana,1975,720589134.4,-0.012966498358046197,-0.7373224686900688,False,0.13026985965591778,False,False
GHA,Ghana,1976,710690900.3,-0.01373630773414558,-0.7429036936714195,False,0.12348237208021216,False,False
GHA,Ghana,1977,1066624519.4,0.5008276016334974,2.987756174380691,True,0.23530671664279465,False,False
GHA,Ghana,1978,1278646090.2,0.19877807695557848,0.7978551351396627,False,0.22939868062839058,False,False
GHA,Ghana,1979,1281964511.1,0.0025952614452375844,-0.624497547008867,False,0.22329633687997819,False,False
GHA,Ghana,1980,1398364945.5,0.09079848419526204,0.014988078305897868,False,0.2105531974076733,False,False
GHA,Ghana,1981,1538834501.5,0.1004527154746242,0.08498259703355468,False,0.1930229995415499,False,False
GHA,Ghana,1982,1484226949.7,-0.03548630586770085,-0.9005942034212767,False,0.09165738726696969,False,False
GHA,Ghana,1983,1666180356.0,0.12259136403417092,0.24549087639482814,False,0.06863493527883521,False,False
GHA,Ghana,1984,1963074302.9,0.1781883610804016,0.6485768330439813,False,0.0785613254572943,False,False
GHA,Ghana,1985,2256468113.8,0.14945629437794428,0.44026535565183167,False,0.08273487150203651,False,False
GHA,Ghana,1986,2766891477.4,0.22620455413412532,0.9967009070046062,False,0.09922225308989314,False,False
GHA,Ghana,1987,3313222736.3,0.19745308529895,0.7882487614533262,False,0.04042002681990064,False,False
GHA,Ghana,1988,3131102815.6,-0.054967605619953064,-1.0418363345542905,False,0.11212664149281319,False,False
GHA,Ghana,1989,3402456463.2,0.08666392117436783,-0.014988078305897868,False,0.11165391897252366,False,False
GHA,Ghana,1990,3880932790.8,0.1406267303564539,0.3762497891737014,False,0.111159318026133,False,False
GHA,Ghana,1991,4380166480.7,0.12863755102470864,0.2893265725050696,False,0.09507898149912966,False,False
GHA,Ghana,1992,4508061699.0,0.02919871170731425,-0.43161883469027856,False,0.08047841430151537,False,False
GHA,Ghana,1993,4886542112.0,0.08395635159207249,-0.0346183341336748,False,0.04395322438312655,False,False
GHA,Ghana,1994,5469152460.4,0.11922753043901313,0.2211026152521399,False,0.045027816717950156,False,False
GHA,Ghana,1995,5935777124.3,0.08531937393931655,-0.02473623265405371,False,0.03905015897705557,False,False
GHA,Ghana,1996,6442990348.8,0.08545018013286931,-0.023787869568543746,False,0.03236987700734806,False,False
GHA,Ghana,1997,6347327632.8,-0.014847564689867476,-0.750960461066747,False,0.05068048599283044,False,False
GHA,Ghana,1998,6969089358.3,0.09795645686966403,0.06688437516399298,False,0.05189083859385078,False,False
GHA,Ghana,1999,7103705178.5,0.01931612772903768,-0.5032689422264243,False,0.049606209827311724,False,False
GHA,Ghana,2000,6743341663.2,-0.05072895147600898,-1.0111055028315648,False,0.06384037028712515,False,False
GHA,Ghana,2001,6860995876.9,0.017447464413981262,-0.5168170110075198,False,0.055024324883517425,False,False
GHA,Ghana,2002,7640294825.3,0.11358394063809163,0.18018580472821474,False,0.0669711751318444,False,False
GHA,Ghana,2003,8301000837.7,0.08647650745258462,-0.01634685383960786,False,0.06462231584929673,False,False
GHA,Ghana,2004,7243731089.5,-0.12736653915251772,-1.566738666223134,False,0.09895567939798629,False,False
GHA,Ghana,2005,8091993817.5,0.11710301190357297,0.20569956055901215,False,0.10250514081635863,False,False
GHA,Ghana,2006,6059739098.4,-0.2511438793619667,-2.464141587973132,False,0.16780599429228826,False,False
GHA,Ghana,2007,8311291215.1,0.3715592503470151,2.050542659063623,False,0.24021371734090902,False,False
GHA,Ghana,2008,10058853977.2,0.21026369030662995,0.881127428451856,False,0.2523600958561874,False,False
GHA,Ghana,2009,12962573037.0,0.28867295085322264,1.4496054664166564,False,0.24182242016752917,False,False
GHA,Ghana,2010,17984659771.3,0.38742977339183327,2.1656061571644916,False,0.2627034132095659,False,False
GHA,Ghana,2011,21317880741.9,0.18533689338505988,0.7004046859092092,False,0.09144588490662182,False,False
GHA,Ghana,2012,23151628039.4,0.08601921174536797,-0.019662311281701282,False,0.11328007729651302,False,False
GHA,Ghana,2013,28508533533.3,0.23138353314866178,1.0342492247456603,False,0.11268035208026506,False,False
GHA,Ghana,2014,28517251145.9,0.00030578958366334064,-0.6410965362452207,False,0.14730929558170705,False,False
GHA,Ghana,2015,31306595150.8,0.09781251322678863,0.06584076374476924,False,0.09034480675198613,False,False
GHA,Ghana,2016,34860777089.7,0.11352821735420093,0.17978180317438916,False,0.0827874637497409,False,False
GHA,Ghana,2017,33725981614.6,-0.03255221397331631,-0.8793216293439201,False,0.10411005248739012,False,False
GHA,Ghana,2018,35100516069.1,0.04075595101151808,-0.3478272432616183,False,0.062269383419177794,False,False
GHA,Ghana,2019,32685329069.8,-0.06880773475083346,-1.142179194551384,False,0.07963483831081218,False,False
GHA,Ghana,2020,40295305085.6,0.2328254367440752,1.044703226239118,False,0.12064510500300876,False,False
GHA,Ghana,2021,46584318739.8,0.15607311176426508,0.48823820144996094,False,0.12695101056448674,False,False
GHA,Ghana,2022,43607006146.1,-0.06391233518579487,-1.106686867237148,False,0.1336158931506298,False,False
GHA,Ghana,2023,41700706280.4,-0.04371544928613469,-0.9602566370679043,False,0.1416586777300814,False,False
GHA,Ghana,2024,37414621429.7,-0.10278206853092398,-1.3884978369391723,False,0.14895875102934159,False,False
GIN,Guinea,1970,336538268.5,,,False,,False,False
GIN,Guinea,1971,450888914.1,0.339784970397802,3.3282305020434224,True,,False,False
GIN,Guinea,1972,525057663.4,0.16449450625337514,1.2427477247397527,False,,False,False
GIN,Guinea,1973,633741807.2,0.20699468149120648,1.7483849476400102,False,0.09143875230913866,False,False
GIN,Guinea,1974,756104761.2,0.19308013549023118,1.582839456157231,False,0.077834939625279,False,False
GIN,Guinea,1975,786310948.4,0.03994973811837954,-0.23899841710860417,False,0.10711321846746953,False,False
GIN,Guinea,1976,836375367.8,0.06367000167283954,0.04320861199237409,False,0.07671327357983582,False,False
GIN,Guinea,1977,930312967.8,0.11231512023972345,0.6219540529739497,False,0.07499614885979594,False,False
GIN,Guinea,1978,1053329789.7,0.13223165338747211,0.8589069703272013,False,0.06008348111326616,False,False
GIN,Guinea,1979,1171297355.1,0.11199490088816177,0.6181443081261581,False,0.03854510170701994,False,False
GIN,Guinea,1980,1138754761.2,-0.02778337521066243,-1.0448394078911354,False,0.06455335968501223,False,False
GIN,Guinea,1981,1375342328.8,0.20775989322818544,1.7574888992225983,False,0.0851593935005572,False,False
GIN,Guinea,1982,1369541779.3,-0.004217531430928179,-0.7644695567692188,False,0.09836713605102103,False,False
GIN,Guinea,1983,1345686447.6,-0.017418476793159998,-0.9215251292524895,False,0.10269358676265994,False,False
GIN,Guinea,1984,1256355640.9,-0.06638307672587418,-1.5040715350461584,False,0.10836599911153694,False,False
GIN,Guinea,1985,1463775807.2,0.1650966967851657,1.2499121645672941,False,0.12136980209896812,False,False
GIN,Guinea,1986,1763025058.9,0.20443653340085066,1.717949899103464,False,0.12034229978013845,False,False
GIN,Guinea,1987,2068868486.5,0.17347650622210908,1.3496092493067884,False,0.12417829807607934,False,False
GIN,Guinea,1988,2261520052.6,0.09311929074134495,0.3935755612498242,False,0.10874412543708573,False,False
GIN,Guinea,1989,2166158233.4,-0.04216713404347894,-1.2159672639621473,False,0.09878820412701193,False,False
GIN,Guinea,1990,2430250483.9,0.12191734030689028,0.7361945204842457,False,0.09556309596059065,False,False
GIN,Guinea,1991,2559675335.9,0.05325576637363838,-0.08069264219893936,False,0.08109726780018564,False,False
GIN,Guinea,1992,2594685886.3,0.013677730886010986,-0.5515642995467908,False,0.06487539813310723,False,False
GIN,Guinea,1993,2769171417.2,0.0672472655828158,0.0857683844850677,False,0.061306738730400476,False,False
GIN,Guinea,1994,3041841275.2,0.09846622578377806,0.4571896374449111,False,0.04171844472127054,False,False
GIN,Guinea,1995,3197334274.3,0.05111805154586069,-0.10612567118814807,False,0.030616927147296753,False,False
GIN,Guinea,1996,3208155193.2,0.003384356458121296,-0.67402763601223,False,0.039013253127039224,False,False
GIN,Guinea,1997,3485269717.6,0.08637815433223794,0.31337425680770603,False,0.0370928032224842,False,False
GIN,Guinea,1998,3540895065.5,0.015960127165797866,-0.5244099522997226,False,0.04183208603759044,False,False
GIN,Guinea,1999,3204587497.5,-0.09497812326514421,-1.844275306910839,False,0.06818333510866097,False,False
GIN,Guinea,2000,3077966048.7,-0.03951255782492491,-1.184384981310006,False,0.0673497051539834,False,False
GIN,Guinea,2001,2909940903.9,-0.0545896680280038,-1.3637618448119682,False,0.07030859109354477,False,False
GIN,Guinea,2002,3162360510.6,0.08674389447624131,0.31772557605950025,False,0.07044354633081891,False,False
GIN,Guinea,2003,3172816864.8,0.0033065029002705693,-0.6749538829409604,False,0.06916676930107442,False,False
GIN,Guinea,2004,3213855090.6,0.012934319107821057,-0.560408890537105,False,0.055290657335643076,False,False
GIN,Guinea,2005,3080188084.2,-0.04159086288331859,-1.2091111946064235,False,0.05568506340043527,False,False
GIN,Guinea,2006,3156609938.3,0.02481077518999908,-0.41911116087636024,False,0.04626515869697764,False,False
GIN,Guinea,2007,3303261166.1,0.046458457226735916,-0.1615622504064574,False,0.03263540190745095,False,False
GIN,Guinea,2008,3196241393.2,-0.03239821725218084,-1.0997435559549678,False,0.03774863141740039,False,False
GIN,Guinea,2009,3225732941.5,0.009226946488692489,-0.6045166050324553,False,0.03751691366750633,False,False
GIN,Guinea,2010,3239064176.1,0.004132776904278046,-0.6651234554097083,False,0.02906980250590567,False,False
GIN,Guinea,2011,3204983552.2,-0.01052175012507317,-0.8394727212320771,False,0.02899933800533498,False,False
GIN,Guinea,2012,1338544650.1,-0.582355220144209,-7.642745557728916,True,0.25763931351530583,False,False
GIN,Guinea,2013,1678521277.1,0.2539897544505527,2.307499305361688,False,0.30930069986269104,False,False
GIN,Guinea,2014,1841210155.9,0.09692393002076183,0.4388404861263963,False,0.31696126059987223,False,False
GIN,Guinea,2015,2038505983.0,0.10715551750992813,0.5605687250085252,False,0.32442296130440834,False,False
GIN,Guinea,2016,2217230661.2,0.08767434566808419,0.32879543057315597,False,0.3286121037463108,False,False
GIN,Guinea,2017,2389897375.8,0.07787494446182275,0.2122090404161373,False,0.07307298001314178,False,False
GIN,Guinea,2018,2590666017.0,0.08400722275063965,0.28516657874762263,False,0.011488554797921591,False,False
GIN,Guinea,2019,3539865720.4,0.36639215443879425,3.644784082643903,True,0.12445691491549976,False,False
GIN,Guinea,2020,4117019182.0,0.1630438856123566,1.2254892596086846,False,0.12274888115865061,False,False
GIN,Guinea,2021,4641861330.0,0.12748110339020524,0.8023882643589334,False,0.11844113455134013,False,False
GIN,Guinea,2022,4903692018.9,0.05640640042558087,-0.04320861199237409,False,0.12264743820776772,False,False
GIN,Guinea,2023,5163409013.9,0.05296356174062078,-0.08416908760959475,False,0.1280874568689325,False,False
GIN,Guinea,2024,5388299536.1,0.04355465964338512,-0.1961095937454798,False,0.0533597651539643,False,False
GMB,"Gambia, The",1970,5076000.0,,,False,,False,False
GMB,"Gambia, The",1971,5479788.1,0.07954848305752549,0.04800990824234568,False,,False,False
GMB,"Gambia, The",1972,7363300.6,0.34371995150688406,3.306589001431308,True,,False,False
GMB,"Gambia, The",1973,8860001.6,0.20326495973830006,1.5740639017388212,False,0.13217408725976262,False,False
GMB,"Gambia, The",1974,12224401.5,0.3797290397780515,3.750764380755877,True,0.13764826208890468,False,False
GMB,"Gambia, The",1975,13415000.0,0.09739523853171872,0.26815126041342624,False,0.13770978047527446,False,False
GMB,"Gambia, The",1976,15427601.5,0.15002620201267236,0.9173589824286601,False,0.12240210660435263,False,False
GMB,"Gambia, The",1977,38015802.8,1.4641421286387257,17.127098473471325,True,0.571886738552029,True,True
GMB,"Gambia, The",1978,49814426.7,0.31036103491151334,2.895103730795628,True,0.5618353711832447,False,False
GMB,"Gambia, The",1979,81190316.2,0.6298554771884988,6.8360967384997515,True,0.5617740294975023,False,False
GMB,"Gambia, The",1980,136794649.3,0.6848641032882197,7.514633145197136,True,0.5073839821500552,False,False
GMB,"Gambia, The",1981,176028514.2,0.28680847606807647,2.6045807750471397,True,0.4765854197036543,False,False
GMB,"Gambia, The",1982,207092702.7,0.17647248027501683,1.2435762304311768,False,0.22540605664586602,False,False
GMB,"Gambia, The",1983,211728665.6,0.022385930742889526,-0.6570953742439067,False,0.2878286138202225,False,False
GMB,"Gambia, The",1984,230291916.7,0.08767471824089168,0.1482477584170319,False,0.2617308461412265,False,False
GMB,"Gambia, The",1985,245076853.8,0.06420085130152553,-0.14130452553668152,False,0.10537942975249034,False,False
GMB,"Gambia, The",1986,270132607.5,0.10223631204457706,0.3278663425537789,False,0.05671886374934086,False,False
GMB,"Gambia, The",1987,326670313.3,0.20929611690806338,1.6484587740408425,False,0.06958396930699597,False,False
GMB,"Gambia, The",1988,325153968.4,-0.004641820325459123,-0.9904851422010769,False,0.07744998197094205,False,False
GMB,"Gambia, The",1989,337733390.8,0.03868758687430507,-0.456012963013076,False,0.08110699691679676,False,False
GMB,"Gambia, The",1990,369107805.3,0.09289698725282225,0.21266492171317988,False,0.08054991773696556,False,False
GMB,"Gambia, The",1991,383161876.9,0.03807579086163515,-0.4635595224802454,False,0.08273521521066173,False,False
GMB,"Gambia, The",1992,403393643.3,0.05280213825990909,-0.2819086877677443,False,0.0349885259316298,False,False
GMB,"Gambia, The",1993,425974575.1,0.05597741108480192,-0.24274140863990648,False,0.022316611785376906,False,False
GMB,"Gambia, The",1994,422977251.4,-0.007036391078731441,-1.0200223902603642,False,0.036122437062352755,False,False
GMB,"Gambia, The",1995,426068749.7,0.007308899686135684,-0.843071923783044,False,0.02803975856278854,False,False
GMB,"Gambia, The",1996,451989840.9,0.06083781365859697,-0.1827879007746674,False,0.03143721141493223,False,False
GMB,"Gambia, The",1997,424645554.3,-0.06049756902843695,-1.679470883266567,False,0.0498926534053234,False,False
GMB,"Gambia, The",1998,459520620.6,0.08212747301096623,0.07982198391106007,False,0.056656550941572216,False,False
GMB,"Gambia, The",1999,471742641.4,0.026597328285380417,-0.6051474024753396,False,0.05513251330958907,False,False
GMB,"Gambia, The",2000,490135711.9,0.038989628848082436,-0.4522872477918459,False,0.05465731638441981,False,False
GMB,"Gambia, The",2001,494508599.3,0.00892178899400875,-0.8231767874569547,False,0.05211419437401138,False,False
GMB,"Gambia, The",2002,583775769.6,0.1805169221048164,1.2934647882968808,False,0.06874598207861071,False,False
GMB,"Gambia, The",2003,643381438.2,0.10210370437409821,0.32623061487601235,False,0.07037480942416373,False,False
GMB,"Gambia, The",2004,679691270.3,0.05643593356001153,-0.23708549219955208,False,0.06679724265529358,False,False
GMB,"Gambia, The",2005,661826687.4,-0.026283378469926455,-1.2574357304971528,False,0.08103922460056087,False,False
GMB,"Gambia, The",2006,709322151.4,0.07176420187373656,-0.04800990824234568,False,0.07493940387284778,False,False
GMB,"Gambia, The",2007,690822190.6,-0.026081182948377246,-1.254941630346504,False,0.058734249895824285,False,False
GMB,"Gambia, The",2008,391243687.5,-0.433655008736484,-6.282401845637554,True,0.20745835508877966,False,False
GMB,"Gambia, The",2009,531073521.2,0.3573983125286846,3.475312828861879,True,0.2835775115383717,False,False
GMB,"Gambia, The",2010,543809679.3,0.02398191133917149,-0.6374088084133631,False,0.28380758929730154,False,False
GMB,"Gambia, The",2011,515906627.0,-0.051310326686198726,-1.5661454132746522,False,0.2812097351687282,False,False
GMB,"Gambia, The",2012,565576213.2,0.09627630970516687,0.2543491715566303,False,0.28646838664600777,False,False
GMB,"Gambia, The",2013,582880967.8,0.030596680334362913,-0.5558150311575224,False,0.157628804249095,False,False
GMB,"Gambia, The",2014,558419261.5,-0.041966898305716094,-1.4508933742938201,False,0.06023153066259353,False,False
GMB,"Gambia, The",2015,586005734.1,0.049401004768171,-0.32386197876611383,False,0.06257399888953505,False,False
GMB,"Gambia, The",2016,623076239.2,0.06325962860574008,-0.15291459310576636,False,0.051483548150876544,False,False
GMB,"Gambia, The",2017,754615476.1,0.21111258723152404,1.670865100712573,False,0.09245135823901848,False,False
GMB,"Gambia, The",2018,777981034.3,0.030963529029059522,-0.5512899191387307,False,0.09241986944688943,False,False
GMB,"Gambia, The",2019,851796355.9,0.09488061835134132,0.2371331917507248,False,0.07166010173170635,False,False
GMB,"Gambia, The",2020,964018162.5,0.13174722552249896,0.6918861447092837,False,0.06944720377993023,False,False
GMB,"Gambia, The",2021,1112738213.7,0.1542710054490286,0.9697190189367614,False,0.06720660191276737,False,False
GMB,"Gambia, The",2022,1179606116.4,0.06009311253691507,-0.1919738568509656,False,0.05044980555499242,False,False
GMB,"Gambia, The",2023,1324832841.6,0.1231145915411258,0.5854018192975571,False,0.03634676877181157,False,False
GMB,"Gambia, The",2024,1642671191.3,0.23990826594859072,2.0260624170329296,False,0.06501340716583798,False,False
GNB,Guinea-Bissau,1970,0.0,,,False,,False,False
GNB,Guinea-Bissau,1971,0.0,,,False,,False,False
GNB,Guinea-Bissau,1972,0.0,,,False,,False,False
GNB,Guinea-Bissau,1973,0.0,,,False,,False,False
GNB,Guinea-Bissau,1974,0.0,,,False,,False,False
GNB,Guinea-Bissau,1975,7903500.5,inf,inf,True,,True,True
GNB,Guinea-Bissau,1976,16172701.6,1.046270712578559,8.492545918595773,True,,False,False
GNB,Guinea-Bissau,1977,25849862.3,0.59836389363667,4.542595591713483,True,,False,False
GNB,Guinea-Bissau,1978,51399777.5,0.9883965687507743,7.982171921900158,True,0.2436169885411339,False,False
GNB,Guinea-Bissau,1979,69510697.0,0.35235404472324805,2.373111578437266,False,0.32948023495300327,False,False
GNB,Guinea-Bissau,1980,137332753.3,0.9757067505739443,7.8702643792240785,True,0.30321471224928664,False,False
GNB,Guinea-Bissau,1981,149446902.5,0.0882101968314648,0.043709492555070964,False,0.3921943452349758,False,False
GNB,Guinea-Bissau,1982,170159605.0,0.13859572967730127,0.48804376816334377,False,0.44340641491690197,False,False
GNB,Guinea-Bissau,1983,198812301.0,0.1683871797892338,0.750765260963819,False,0.3665993356182566,False,False
GNB,Guinea-Bissau,1984,254002180.8,0.27759791281727586,1.7138606021828495,False,0.3677292966331373,False,False
GNB,Guinea-Bissau,1985,319396839.1,0.25745707416382935,1.5362448373440787,False,0.08002577811996961,False,False
GNB,Guinea-Bissau,1986,372249867.5,0.1654776188422209,0.7251067518103146,False,0.06179220110053378,False,False
GNB,Guinea-Bissau,1987,485400954.7,0.3039654196787591,1.9463874089696405,False,0.06392352128677445,False,False
GNB,Guinea-Bissau,1988,569144690.3,0.1725248679244098,0.7872542401686563,False,0.06287053494683018,False,False
GNB,Guinea-Bissau,1989,598499893.1,0.05157775043904356,-0.2793406095712264,False,0.09696109946211871,False,False
GNB,Guinea-Bissau,1990,697504207.0,0.16542077123388532,0.7246054305094733,False,0.08944590504825768,False,False
GNB,Guinea-Bissau,1991,750546467.4,0.07604579279620016,-0.0635645869263035,False,0.09941122189354873,False,False
GNB,Guinea-Bissau,1992,764629993.3,0.01876436238356738,-0.5687116291552331,False,0.06893546497756751,False,False
GNB,Guinea-Bissau,1993,789803311.4,0.032922221624287484,-0.4438578908979212,False,0.058041696213496176,False,False
GNB,Guinea-Bissau,1994,852536430.8,0.07942878751521021,-0.0337310132205894,False,0.057289703865499635,False,False
GNB,Guinea-Bissau,1995,896864789.9,0.051995853195860864,-0.2756534919585446,False,0.026452625883728386,False,False
GNB,Guinea-Bissau,1996,938975769.8,0.046953543470800385,-0.3201200463945653,False,0.022732964721238473,False,False
GNB,Guinea-Bissau,1997,924268531.8,-0.015663064450675446,-0.8723163525637336,False,0.03496979653323197,False,False
GNB,Guinea-Bissau,1998,973582599.9,0.053354697691548214,-0.2636702668033616,False,0.03525605775497723,False,False
GNB,Guinea-Bissau,1999,943568217.5,-0.030828799120981465,-1.0060582294119118,False,0.04096165452654726,False,False
GNB,Guinea-Bissau,2000,952017343.1,0.008954440647000794,-0.6552222646967476,False,0.03721307678862172,False,False
GNB,Guinea-Bissau,2001,906290735.5,-0.0480312758285506,-1.157761498084549,False,0.03944016766293966,False,False
GNB,Guinea-Bissau,2002,978472635.7,0.07964541330125963,-0.03182065807922674,False,0.05415610156801762,False,False
GNB,Guinea-Bissau,2003,1063464780.4,0.0868620558194726,0.03182065807922674,False,0.06196697915689817,False,False
GNB,Guinea-Bissau,2004,1109546144.0,0.043331349048219,-0.3520630475690189,False,0.05550060564920274,False,False
GNB,Guinea-Bissau,2005,1020656917.4,-0.08011314092764765,-1.440681445216706,False,0.07608603382688908,False,False
GNB,Guinea-Bissau,2006,1043971913.1,0.02284312711012837,-0.5327422770854988,False,0.067176056382966,False,False
GNB,Guinea-Bissau,2007,1087751481.7,0.04193558088167304,-0.3643718910439279,False,0.06221459357381836,False,False
GNB,Guinea-Bissau,2008,1094336083.9,0.006053406785260673,-0.6808055761487745,False,0.05094330524098758,False,False
GNB,Guinea-Bissau,2009,1114619855.6,0.01853523062833906,-0.5707322705323867,False,0.04759618471420861,False,False
GNB,Guinea-Bissau,2010,1074494840.0,-0.035998834399375235,-1.0516511556060848,False,0.029098438071999362,False,False
GNB,Guinea-Bissau,2011,260874427.2,-0.7572120242103721,-7.411804996477528,True,0.343216426798242,False,False
GNB,Guinea-Bissau,2012,276717156.4,0.06072933008437098,-0.1986356872908621,False,0.3458727174374321,False,False
GNB,Guinea-Bissau,2013,311568795.3,0.12594679474669546,0.3764967620653157,False,0.36242636630072234,False,False
GNB,Guinea-Bissau,2014,391176127.7,0.2555048310385144,1.5190286150297854,False,0.39838892193647,False,False
GNB,Guinea-Bissau,2015,577133531.0,0.47538024468255413,3.458041207087088,True,0.46878764390073263,False,False
GNB,Guinea-Bissau,2016,595584357.4,0.03196977026794867,-0.4522572618992322,False,0.18132842831421023,False,False
GNB,Guinea-Bissau,2017,748623418.1,0.2569561453361302,1.531827302484062,False,0.16705391105386355,False,False
GNB,Guinea-Bissau,2018,823323609.8,0.09978340230070337,0.14576997655101925,False,0.17144680565883202,False,False
GNB,Guinea-Bissau,2019,901974865.3,0.09552896888151396,0.10825145715333541,False,0.17884621183716434,False,False
GNB,Guinea-Bissau,2020,1117538509.3,0.23899074385881347,1.3733960385762325,False,0.09827966168525533,False,False
GNB,Guinea-Bissau,2021,1257861528.4,0.1255643702049205,0.37312427948655025,False,0.07834505395358463,False,False
GNB,Guinea-Bissau,2022,1250735517.9,-0.005665178828598294,-0.7841481222288011,False,0.08742075404175158,False,False
GNB,Guinea-Bissau,2023,1422541608.6,0.13736404558852233,0.47718193091652283,False,0.08784693217461728,False,False
GNB,Guinea-Bissau,2024,1433190116.5,0.00748555109785487,-0.668175942804416,False,0.10135246945423974,False,False
GRD,Grenada,1970,16048000.0,,,False,,False,False
GRD,Grenada,1971,9107715.9,-0.4324703452143569,-3.136887735360647,True,,False,False
GRD,Grenada,1972,8931619.7,-0.019334836739912098,-0.47828989576774994,False,,False,False
GRD,Grenada,1973,8980951.9,0.005523320702962797,-0.31832339006136556,False,0.24601399951275993,False,False
GRD,Grenada,1974,9274607.5,0.03269760302357261,-0.14345222360841092,False,0.22040953628281215,False,False
GRD,Grenada,1975,10525917.0,0.13491778493052142,0.514352175205247,False,0.2186183225047916,False,False
GRD,Grenada,1976,10642862.4,0.011110233911211687,-0.282370645548333,False,0.05991742182938325,False,False
GRD,Grenada,1977,14396012.2,0.35264477345868905,1.91546268119764,False,0.14674233377682655,False,False
GRD,Grenada,1978,19119750.3,0.32812823679046343,1.757694563755669,False,0.16099244977422936,False,False
GRD,Grenada,1979,22361284.9,0.16953854256140555,0.7371426871668478,False,0.14191329308847372,False,False
GRD,Grenada,1980,21536329.9,-0.03689211079279264,-0.5912739649379166,False,0.17768259712166162,False,False
GRD,Grenada,1981,34017737.0,0.5795512586385483,3.375644822201157,True,0.22909441726702937,False,False
GRD,Grenada,1982,45419806.9,0.33518014146561237,1.8030747795681417,False,0.22781268877543145,False,False
GRD,Grenada,1983,58501940.7,0.28802706776809317,1.499636664734341,False,0.22617917479575,False,False
GRD,Grenada,1984,55598855.3,-0.04962374521705404,-0.6732042156196288,False,0.2673055417542593,False,False
GRD,Grenada,1985,59764950.9,0.07493131967413014,0.12832898507967314,False,0.2437380552368199,False,False
GRD,Grenada,1986,65312669.5,0.09282561963921898,0.24348187378653965,False,0.15975138082108628,False,False
GRD,Grenada,1987,80338248.0,0.23005610726108805,1.1265835932804686,False,0.13381420422123447,False,False
GRD,Grenada,1988,90751128.9,0.12961299454775266,0.48021493945129196,False,0.10094571371310931,False,False
GRD,Grenada,1989,91648351.6,0.009886628528760877,-0.2902447560025768,False,0.08110703360907143,False,False
GRD,Grenada,1990,112883317.0,0.23170046192080118,1.1371652974820292,False,0.09457123460879546,False,False
GRD,Grenada,1991,124502215.7,0.10292839552189981,0.30849496896871736,False,0.09344417878202634,False,False
GRD,Grenada,1992,117298720.7,-0.05785836789730325,-0.7261954246019171,False,0.11165579008902188,False,False
GRD,Grenada,1993,149341231.6,0.2731701651030878,1.4040299484923056,False,0.14112522499800992,False,False
GRD,Grenada,1994,130260020.6,-0.1277692087815887,-1.1760836736788687,False,0.17530552848442724,False,False
GRD,Grenada,1995,128146012.9,-0.016229136846919734,-0.4583041844053384,False,0.15738495463533314,False,False
GRD,Grenada,1996,140689393.7,0.09788350426312786,0.2760302286439776,False,0.1568546651102185,False,False
GRD,Grenada,1997,116640568.0,-0.17093559839543182,-1.4538667928161273,False,0.17984755293654492,False,False
GRD,Grenada,1998,172158149.2,0.4759714578893339,2.7090910429963904,True,0.2590990760310906,False,False
GRD,Grenada,1999,137900702.4,-0.19898823819372236,-1.6343903402546216,False,0.2730211916864479,False,False
GRD,Grenada,2000,199420878.4,0.44611938104239846,2.516987809590751,True,0.32382660359533444,False,False
GRD,Grenada,2001,235652510.6,0.1816842473601299,0.815302380235736,False,0.32391675744161813,False,False
GRD,Grenada,2002,372086143.1,0.5789610819448661,3.3718469339765513,True,0.31347693933150733,False,False
GRD,Grenada,2003,369076336.6,-0.008089004537831124,-0.405921037164239,False,0.3189883801329837,False,False
GRD,Grenada,2004,429599096.4,0.16398439509166818,0.7014007957996538,False,0.23601663394642444,False,False
GRD,Grenada,2005,362225849.5,-0.15682818577734792,-1.3630831735451068,False,0.275827784559357,False,False
GRD,Grenada,2006,452574948.4,0.2494275298814641,1.2512420195642469,False,0.2792958982270321,False,False
GRD,Grenada,2007,487671808.2,0.07754927647692145,0.14517598602071918,False,0.15693823401874293,False,False
GRD,Grenada,2008,538874448.7,0.10499405468810963,0.32178783991292575,False,0.1517985337279092,False,False
GRD,Grenada,2009,556610998.4,0.032914066983113166,-0.14205924091053215,False,0.1465864581355323,False,False
GRD,Grenada,2010,560589966.8,0.007148562301926509,-0.3078646816831466,False,0.09463488919810664,False,False
GRD,Grenada,2011,532314611.8,-0.05043856771358812,-0.6784477381068063,False,0.06080256252609723,False,False
GRD,Grenada,2012,589266059.8,0.10698832370469957,0.3346213030026786,False,0.06711875383104648,False,False
GRD,Grenada,2013,586857002.2,-0.0040882341005988865,-0.3801753933671005,False,0.05794298537873966,False,False
GRD,Grenada,2014,638459103.3,0.08792959938546319,0.2119751439067879,False,0.06602345970414668,False,False
GRD,Grenada,2015,602313099.1,-0.0566144393793937,-0.7181905312860793,False,0.07671435147449943,False,False
GRD,Grenada,2016,623422784.3,0.03504769401751817,-0.12832898507967314,False,0.06689240670729694,False,False
GRD,Grenada,2017,563166097.2,-0.09665461163351308,-0.9758559056442698,False,0.0729513209139496,False,False
GRD,Grenada,2018,580171366.3,0.03019583242767676,-0.15955154638501307,False,0.07486496252582762,False,False
GRD,Grenada,2019,548133057.5,-0.05522214756016297,-0.7092308946855893,False,0.05838010002423723,False,False
GRD,Grenada,2020,834201747.6,0.5218964377093787,3.0046261631408036,True,0.24950792014398088,False,False
GRD,Grenada,2021,898682923.2,0.07729685988492885,0.14355164196802095,False,0.24801737399332402,False,False
GRD,Grenada,2022,853727574.6,-0.05002359279280011,-0.6757773033335616,False,0.2397233151823786,False,False
GRD,Grenada,2023,881513363.5,0.03254643486596831,-0.14442501662420876,False,0.23954259920540844,False,False
GRD,Grenada,2024,863278627.6,-0.020685716921635677,-0.486983041379806,False,0.234195003328146,False,False
GTM,Guatemala,1970,192905000.0,,,False,,False,False
GTM,Guatemala,1971,219103000.0,0.13580778103211433,0.6742509317431713,False,,False,False
GTM,Guatemala,1972,234065000.0,0.06828751774279684,-0.08307121330988215,False,,False,False
GTM,Guatemala,1973,280352000.0,0.19775276098519634,1.3690394708861837,False,0.06475262633523081,False,False
GTM,Guatemala,1974,325354000.0,0.1605196324620477,0.9514245004088968,False,0.05451388213883507,False,False
GTM,Guatemala,1975,396868000.0,0.2198036600134008,1.6163672113132588,False,0.059023066370372565,False,False
GTM,Guatemala,1976,465475440.0,0.17287218924176306,1.0899734980219398,False,0.058105267602369566,False,False
GTM,Guatemala,1977,744635179.9,0.5997303314219973,5.877708440406877,True,0.18566172058298472,False,False
GTM,Guatemala,1978,909888330.4,0.2219249841542439,1.6401604501193978,False,0.1836091100885173,False,False
GTM,Guatemala,1979,1142203893.7,0.255323159489111,2.0147617409508753,False,0.17344938812275343,False,False
GTM,Guatemala,1980,1269754662.5,0.11167075292207085,0.40352470804380347,False,0.1908691448005478,False,False
GTM,Guatemala,1981,1368802607.7,0.07800557708131284,0.02592868072877429,False,0.20723744404916883,False,False
GTM,Guatemala,1982,1654445085.8,0.20868054786947332,1.4916079355324494,False,0.07616853319376159,False,False
GTM,Guatemala,1983,1925687830.4,0.16394786803627381,0.9898763457119182,False,0.07153415100676148,False,False
GTM,Guatemala,1984,2486022261.1,0.2909788501823831,2.414683821282117,False,0.08371352009741684,False,False
GTM,Guatemala,1985,2787414340.4,0.12123466632460556,0.5107956673123399,False,0.08212294927852903,False,False
GTM,Guatemala,1986,2915605759.5,0.045989366289047595,-0.33317219140163895,False,0.0919944325709619,False,False
GTM,Guatemala,1987,2891484672.5,-0.008273096224139853,-0.9417919227889958,False,0.1151735103803129,False,False
GTM,Guatemala,1988,2707894026.9,-0.06349355656146916,-1.5611567687803423,False,0.13758164962758698,False,False
GTM,Guatemala,1989,2701287648.9,-0.00243967375915477,-0.8763629715532247,False,0.06926080286867252,False,False
GTM,Guatemala,1990,2911024152.0,0.07764315776789177,0.02186370588303604,False,0.054223426242134706,False,False
GTM,Guatemala,1991,2867141152.0,-0.015074763282142634,-1.0180809186454192,False,0.050829243545595405,False,False
GTM,Guatemala,1992,2822946041.7,-0.01541434758772564,-1.0218897710136112,False,0.05113746849084649,False,False
GTM,Guatemala,1993,2945010418.7,0.04324006736115016,-0.36400893373698406,False,0.04129700128475205,False,False
GTM,Guatemala,1994,3162188947.6,0.07374457065447948,-0.02186370588303604,False,0.045861133046162385,False,False
GTM,Guatemala,1995,3335545326.7,0.054821638419668695,-0.2341074817900499,False,0.04118288330212462,False,False
GTM,Guatemala,1996,3414092731.3,0.02354859457949887,-0.5848728296959524,False,0.034021306520364426,False,False
GTM,Guatemala,1997,3513160298.8,0.029017245662884328,-0.5235352346206765,False,0.020256756091933826,False,False
GTM,Guatemala,1998,3691416630.7,0.05073959533269434,-0.27989257616357116,False,0.02038274520653703,False,False
GTM,Guatemala,1999,3873237129.5,0.049254938412498284,-0.29654481519073483,False,0.014151365394155195,False,False
GTM,Guatemala,2000,3948027445.6,0.019309511294924198,-0.6324193215154024,False,0.014680753370648626,False,False
GTM,Guatemala,2001,4381821175.1,0.10987606734686084,0.3833951193351521,False,0.035195838886435696,False,False
GTM,Guatemala,2002,4527094223.8,0.033153577678049384,-0.4771412236708995,False,0.03457430266409224,False,False
GTM,Guatemala,2003,5157578025.6,0.13926898152139144,0.7130725187942505,False,0.05183069947264488,False,False
GTM,Guatemala,2004,8094354233.7,0.5694099427140229,5.537628282295313,True,0.22662402777490173,False,False
GTM,Guatemala,2005,9506426234.1,0.1744514706955851,1.1076870666602336,False,0.21013559436197898,False,False
GTM,Guatemala,2006,10946171835.0,0.15144972100404708,0.849694375759027,False,0.2062049813372427,False,False
GTM,Guatemala,2007,12678187392.3,0.15823025468702578,0.9257463350263473,False,0.18538565420580472,False,False
GTM,Guatemala,2008,13823078747.7,0.09030402532899484,0.1638707851285963,False,0.1930758792212434,False,False
GTM,Guatemala,2009,14824423718.0,0.07244008289156367,-0.03649512795812084,False,0.04505533566808415,False,False
GTM,Guatemala,2010,15043073564.1,0.014749298202702654,-0.6835676759894085,False,0.059426793283437404,False,False
GTM,Guatemala,2011,16281345423.5,0.08231508369108242,0.07426505607503822,False,0.051188945261156506,False,False
GTM,Guatemala,2012,15367094881.6,-0.05615325503630664,-1.4788263301007323,False,0.06175312643245876,False,False
GTM,Guatemala,2013,17484024750.5,0.13775732402321106,0.6961174353372725,False,0.07375643978060002,False,False
GTM,Guatemala,2014,19511836131.6,0.11598081162874174,0.4518672758305172,False,0.07939063902681157,False,False
GTM,Guatemala,2015,20378217942.1,0.044402884723742986,-0.35096651807621665,False,0.07631307004090768,False,False
GTM,Guatemala,2016,21129829604.4,0.0368830907803388,-0.4353101832537904,False,0.07641990041537103,False,False
GTM,Guatemala,2017,23264893723.8,0.10104502304909269,0.28434418136728384,False,0.04455178522547726,False,False
GTM,Guatemala,2018,24274929980.6,0.04341460867137914,-0.36205123995702077,False,0.03715865674369677,False,False
GTM,Guatemala,2019,24596433139.3,0.013244246593375975,-0.7004486663419915,False,0.03232291566607388,False,False
GTM,Guatemala,2020,24357414712.1,-0.009717605225373016,-0.9579938539140989,False,0.041502388167073564,False,False
GTM,Guatemala,2021,26313444120.1,0.08030529640029105,0.05172283914616411,False,0.04579928858135473,False,False
GTM,Guatemala,2022,25269486615.2,-0.03967392106237255,-1.2939904905141895,False,0.0464861212205824,False,False
GTM,Guatemala,2023,25662103251.6,0.015537182942364725,-0.6747305872100191,False,0.04421963150886465,False,False
GTM,Guatemala,2024,27058876458.5,0.05442941263253287,-0.23850677261014094,False,0.04818191535934095,False,False
GUY,Guyana,1970,82870994.6,,,False,,False,False
GUY,Guyana,1971,156692603.4,0.8908015302135641,6.623426363157672,True,,False,False
GUY,Guyana,1972,158437579.3,0.011136300387743825,-0.27806459601658573,False,,False,False
GUY,Guyana,1973,178511425.6,0.12669876924836343,0.6285909213548851,False,0.4780199839072835,False,False
GUY,Guyana,1974,221016020.1,0.2381057366896071,1.5026440867130368,False,0.3938016703009508,False,False
GUY,Guyana,1975,328651332.4,0.48700230983844417,3.455384050865401,True,0.3494443790644583,False,False
GUY,Guyana,1976,426652641.9,0.2981923389275145,1.9740588113742907,False,0.17980110464672414,False,False
GUY,Guyana,1977,526512349.1,0.23405388222910717,1.4708549060351017,False,0.1327568253748153,False,False
GUY,Guyana,1978,611104607.8,0.16066528894260257,0.8950782402077884,False,0.12371633369283334,False,False
GUY,Guyana,1979,686832901.5,0.12392034478781766,0.6067925477861105,False,0.14321663806260332,False,False
GUY,Guyana,1980,842654972.3,0.22687042286368975,1.4144964435369984,False,0.06796465544468024,False,False
GUY,Guyana,1981,916874252.0,0.08807789918739917,0.32558748718031205,False,0.0636493815163014,False,False
GUY,Guyana,1982,1006253020.8,0.09748203595535143,0.39936846962941025,False,0.05642247071330105,False,False
GUY,Guyana,1983,1254134872.5,0.24634147334328182,1.567258283262252,False,0.07458152796353539,False,False
GUY,Guyana,1984,1313853315.8,0.04761724166154213,0.008149838573649013,False,0.0892819566430774,False,False
GUY,Guyana,1985,1526166926.4,0.16159612952738422,0.9023812319170038,False,0.07765253342028776,False,False
GUY,Guyana,1986,1663808255.4,0.09018759784335995,0.3421393136104398,False,0.07738513504634315,False,False
GUY,Guyana,1987,1765744327.6,0.06126671860724309,0.1152380109194688,False,0.08255334878257087,False,False
GUY,Guyana,1988,1894110767.7,0.07269820329791221,0.2049247298752851,False,0.04469886484152506,False,False
GUY,Guyana,1989,1660210656.0,-0.12348808511554088,-1.3342720575974867,False,0.10580517227124539,False,False
GUY,Guyana,1990,1963150253.4,0.18247057763734786,1.0661535512312412,False,0.11144973554314376,False,False
GUY,Guyana,1991,1977631781.7,0.007376678517051483,-0.307561040198692,False,0.11136867309035985,False,False
GUY,Guyana,1992,1913525234.7,-0.03241581551895023,-0.6197565533563958,False,0.11473944798960677,False,False
GUY,Guyana,1993,1967750372.7,0.028337822264727697,-0.14310854263074368,False,0.11144198322442499,False,False
GUY,Guyana,1994,2051880898.6,0.04275467410257039,-0.029999863050072573,False,0.08152770780030429,False,False
GUY,Guyana,1995,2118471710.1,0.032453546180694515,-0.11081826852029991,False,0.02981929168359268,False,False
GUY,Guyana,1996,1607335579.0,-0.24127588235571595,-2.2583865845693905,False,0.11953990409587721,False,False
GUY,Guyana,1997,1590512898.5,-0.010466190582595236,-0.447548839649768,False,0.12001604773443598,False,False
GUY,Guyana,1998,1480883510.6,-0.0689270662334085,-0.9062087833301468,False,0.11608780651773012,False,False
GUY,Guyana,1999,1433536564.9,-0.03197209325453054,-0.616275291289367,False,0.10564794074366476,False,False
GUY,Guyana,2000,1374473166.9,-0.04120117996719541,-0.688682903127684,False,0.09323614619498849,False,False
GUY,Guyana,2001,1327603202.2,-0.03410031263521207,-0.6329724236948633,False,0.021060406416685194,False,False
GUY,Guyana,2002,1390166088.4,0.04712468762980215,0.004285462579577514,False,0.0433651329499059,False,False
GUY,Guyana,2003,1454158541.9,0.04603223602846729,-0.004285462579577514,False,0.04522839320395313,False,False
GUY,Guyana,2004,1368422040.1,-0.058959528366127834,-0.8280075879846338,False,0.0508389322087741,False,False
GUY,Guyana,2005,1238833544.5,-0.09469921691010619,-1.1084064590629077,False,0.0635546795430883,False,False
GUY,Guyana,2006,1163165911.8,-0.06107974153262041,-0.8446419069322727,False,0.06625366052640859,False,False
GUY,Guyana,2007,848663074.1,-0.270385191406879,-2.486766229953567,False,0.11493668045899427,False,False
GUY,Guyana,2008,990493994.7,0.1671227662997008,0.945740946983081,False,0.15571460853605604,False,False
GUY,Guyana,2009,1427924569.8,0.44162869986151554,3.0994014015308617,True,0.2748204551078192,False,False
GUY,Guyana,2010,1408397852.0,-0.013674894467804344,-0.4727230083034759,False,0.2674385899773368,False,False
GUY,Guyana,2011,2006674225.0,0.4247921651899822,2.9673088873792914,True,0.30181300031917974,False,False
GUY,Guyana,2012,1974205213.0,-0.016180509818428557,-0.49238103399686983,False,0.22493616392810048,False,False
GUY,Guyana,2013,2302019509.3,0.16604874414339843,0.9373146116564689,False,0.22497679904799578,False,False
GUY,Guyana,2014,2341948615.5,0.017345251001865458,-0.22935172767028913,False,0.1883327810877303,False,False
GUY,Guyana,2015,1636917068.0,-0.30104484053740754,-2.7273092048392464,True,0.2656499544015174,False,False
GUY,Guyana,2016,1643860201.4,0.004241591425571345,-0.33215764181992274,False,0.16986916862569987,False,False
GUY,Guyana,2017,1582078487.6,-0.037583313804533725,-0.6602986158255064,False,0.1698321116927241,False,False
GUY,Guyana,2018,1607000663.7,0.015752806384345064,-0.2418453920305127,False,0.13642997152103856,False,False
GUY,Guyana,2019,1530459137.7,-0.04763005251271568,-0.7391211883369073,False,0.13013976125371796,False,False
GUY,Guyana,2020,1506687262.6,-0.015532512116412933,-0.487297111010722,False,0.026853156210021354,False,False
GUY,Guyana,2021,1889705076.0,0.2542118878333446,1.629006312633468,False,0.12556593846784891,False,False
GUY,Guyana,2022,2070108385.6,0.0954663835596321,0.3835544914087986,False,0.12064648279330095,False,False
GUY,Guyana,2023,2952574717.3,0.42628991691380747,2.9790596303103434,True,0.1977069276567218,False,False
GUY,Guyana,2024,3681569057.1,0.24690123353309512,1.5716499310827154,False,0.16860942714057728,False,False
HND,Honduras,1970,158332049.5,,,False,,False,False
HND,Honduras,1971,195525800.6,0.23490980643183046,1.6340896761614647,False,,False,False
HND,Honduras,1972,221179512.3,0.13120371644702544,0.4818632890593475,False,,False,False
HND,Honduras,1973,256095856.2,0.157864277468162,0.7780754199766413,False,0.05385435938279849,False,False
HND,Honduras,1974,351485456.7,0.37247615762085884,3.162520454340255,True,0.10824236043069783,False,False
HND,Honduras,1975,451047275.3,0.2832601369477943,2.1712859647667426,False,0.0974010863633438,False,False
HND,Honduras,1976,442654582.3,-0.018607124928130547,-1.1826098824941842,False,0.1499069098074709,False,False
HND,Honduras,1977,837192552.6,0.8912998669301249,8.92691064789518,True,0.34276105852823263,False,False
HND,Honduras,1978,1024364382.0,0.2235708246791206,1.5081079331388898,False,0.33534298932260836,False,False
HND,Honduras,1979,1278417162.9,0.24801016646437835,1.7796412104276902,False,0.3379044390536533,False,False
HND,Honduras,1980,1572745693.6,0.23022886366163609,1.5820820671857228,False,0.3403851782898271,False,False
HND,Honduras,1981,1806705071.9,0.14875855597764787,0.6769063123908623,False,0.30586836521861244,False,False
HND,Honduras,1982,1948506802.3,0.07848637423200211,-0.10385267773625921,False,0.07099110188112683,False,False
HND,Honduras,1983,2237516604.0,0.14832373249036412,0.6720752065623281,False,0.06893113520635945,False,False
HND,Honduras,1984,2407554578.9,0.07599406171825662,-0.13154351289997157,False,0.06344608281954073,False,False
HND,Honduras,1985,2856023287.7,0.18627561457190422,1.0937395464380837,False,0.04846468095413319,False,False
HND,Honduras,1986,3098898300.3,0.08503957710918786,-0.031043325110648976,False,0.04985695613987526,False,False
HND,Honduras,1987,3419824288.9,0.10356131679730551,0.17474244124899888,False,0.04643152258336145,False,False
HND,Honduras,1988,3426284929.6,0.0018891732890984336,-0.9548857859896724,False,0.06602209842874483,False,False
HND,Honduras,1989,3492341919.2,0.019279479365340357,-0.7616708114036658,False,0.07358701306074651,False,False
HND,Honduras,1990,3816730011.6,0.09288554783728298,0.056129323155876105,False,0.04647485093039526,False,False
HND,Honduras,1991,3483455267.6,-0.08731944439011785,-1.946038024609005,False,0.07739058515117027,False,False
HND,Honduras,1992,3970308051.0,0.13976145694427933,0.5769440544835677,False,0.08748820595001573,False,False
HND,Honduras,1993,4432302415.1,0.11636234724497974,0.3169682745252219,False,0.09207172490421399,False,False
HND,Honduras,1994,4792475230.1,0.08126088458516745,-0.07302648381964814,False,0.0900085457826927,False,False
HND,Honduras,1995,4910255065.8,0.02457599258109089,-0.7028239077385384,False,0.09058131021171051,False,False
HND,Honduras,1996,4806522988.7,-0.02112559850963669,-1.2105913801695485,False,0.06613121738471416,False,False
HND,Honduras,1997,4943512916.2,0.028500836846522937,-0.6592169302836961,False,0.05353785682905938,False,False
HND,Honduras,1998,5100413863.0,0.031738755306137234,-0.6232420411619554,False,0.036301160404872794,False,False
HND,Honduras,1999,5583856168.8,0.09478491722153026,0.07723226439784445,False,0.041325652267514786,False,False
HND,Honduras,2000,5616776612.6,0.005895646808373067,-0.9103718668089329,False,0.04294290603438731,False,False
HND,Honduras,2001,5159558392.8,-0.0814022439087807,-1.8802949758317444,False,0.06364018210263227,False,False
HND,Honduras,2002,5491495663.9,0.0643344344281882,-0.261087787776801,False,0.0673244724705612,False,False
HND,Honduras,2003,5656942754.9,0.030127874285254652,-0.6411397327923588,False,0.0672764569332625,False,False
HND,Honduras,2004,6205542461.2,0.096978125830389,0.10159990598877547,False,0.06786810403923135,False,False
HND,Honduras,2005,5170226183.5,-0.16683735292656354,-2.8295216510410683,True,0.10984894609103166,False,False
HND,Honduras,2006,3987694941.5,-0.22871944089677754,-3.517062514443615,True,0.1468553305997867,False,False
HND,Honduras,2007,3010680924.1,-0.24500721136719883,-3.6980277685172362,True,0.15633332954062681,False,False
HND,Honduras,2008,3517193356.3,0.1682384965292909,0.8933381682835332,False,0.19346035488054403,False,False
HND,Honduras,2009,3835948442.9,0.09062768358442552,0.031043325110648976,False,0.1920642740140966,False,False
HND,Honduras,2010,4008010903.5,0.04485525891737985,-0.4775111436842052,False,0.1904536195243178,False,False
HND,Honduras,2011,4419471950.2,0.1026596625125673,0.16472461241106592,False,0.1611589250102584,False,False
HND,Honduras,2012,5086242375.9,0.1508710617950242,0.7003773057148258,False,0.04930682479151017,False,False
HND,Honduras,2013,6871384044.4,0.3509745577518064,2.9236269550514127,True,0.11957537431470132,False,False
HND,Honduras,2014,7374992615.7,0.07329070359710554,-0.16157917002901256,False,0.12188394173648925,False,False
HND,Honduras,2015,7634387493.8,0.03517222207759185,-0.5850945127584838,False,0.12392346748613513,False,False
HND,Honduras,2016,7621689846.3,-0.0016632175810190608,-0.9943546204472222,False,0.1400596027026222,False,False
HND,Honduras,2017,8749704481.5,0.14800059539914256,0.6684849923018978,False,0.13991609865982466,False,False
HND,Honduras,2018,9177024593.1,0.04883823362303352,-0.4332583080437248,False,0.055815445420383754,False,False
HND,Honduras,2019,9755669687.5,0.06305367153914676,-0.27531770230343017,False,0.05542580098887775,False,False
HND,Honduras,2020,11074425349.5,0.13517838387760595,0.5260238267301944,False,0.062424270296999734,False,False
HND,Honduras,2021,12507763354.8,0.12942775449425126,0.4621314659352123,False,0.045470016079607455,False,False
HND,Honduras,2022,12638567154.6,0.01045780896948334,-0.8596839696464781,False,0.053730989824929964,False,False
HND,Honduras,2023,12943993274.5,0.024166198285288543,-0.7073769267654497,False,0.057974051669080894,False,False
HND,Honduras,2024,14299817842.8,0.10474546297632958,0.187898895936063,False,0.05926732564004166,False,False
HTI,Haiti,1970,52164000.0,,,False,,False,False
HTI,Haiti,1971,50037000.0,-0.04077524729698645,-0.9409261417908407,False,,False,False
HTI,Haiti,1972,53696000.0,0.07312588684373567,0.05281594321637221,False,,False,False
HTI,Haiti,1973,51307000.0,-0.04449120977353993,-0.9733464361726031,False,0.06685937749279885,False,False
HTI,Haiti,1974,120420665.0,1.3470611222640185,11.16739409523582,True,0.6777560846691774,True,True
HTI,Haiti,1975,148426495.0,0.23256664460373133,1.4438731284397919,False,0.5886949916630629,False,False
HTI,Haiti,1976,181456752.4,0.22253612739423656,1.356360855970677,False,0.5601663638171395,False,False
HTI,Haiti,1977,235043455.3,0.29531390918908573,1.9913180508100268,False,0.539541986604559,False,False
HTI,Haiti,1978,281813569.0,0.19898496488789497,1.1508863318585574,False,0.4975540953583894,False,False
HTI,Haiti,1979,334668126.7,0.18755150040344581,1.0511339025140432,False,0.04200585446100937,False,False
HTI,Haiti,1980,382656540.8,0.1433910500327309,0.6658515402503448,False,0.05589420382397179,False,False
HTI,Haiti,1981,500089812.3,0.3068894922179781,2.092310407919428,False,0.07137744331222827,False,False
HTI,Haiti,1982,609871507.4,0.2195239582968005,1.330080878849622,False,0.06027490411179126,False,False
HTI,Haiti,1983,644479206.2,0.05674588561702021,-0.09009305145041019,False,0.09248260777331364,False,False
HTI,Haiti,1984,731567557.7,0.1351298081647867,0.5937754913107701,False,0.09475564766654192,False,False
HTI,Haiti,1985,782784896.8,0.07001040240360545,0.02563458082960697,False,0.10543992444561184,False,False
HTI,Haiti,1986,773996522.3,-0.01122706191180567,-0.6831299787028455,False,0.08729837186168055,False,False
HTI,Haiti,1987,905281161.3,0.16961915876556644,0.8946813552876777,False,0.07062501515837409,False,False
HTI,Haiti,1988,877117132.5,-0.031110808447130323,-0.8566077573819965,False,0.08792795238851904,False,False
HTI,Haiti,1989,859316294.3,-0.020294710410299732,-0.7622416047018743,False,0.08501813606954355,False,False
HTI,Haiti,1990,939004257.9,0.09273414705223759,0.22389021328366354,False,0.0878897207287389,False,False
HTI,Haiti,1991,804898214.1,-0.14281729041348146,-1.8312023752100806,False,0.12064251349733641,False,False
HTI,Haiti,1992,830301663.3,0.03156107039994471,-0.30982054558947175,False,0.0871697850299972,False,False
HTI,Haiti,1993,845830044.3,0.01870209549898183,-0.4220099862437741,False,0.08756886596900963,False,False
HTI,Haiti,1994,758204227.1,-0.10359742810095862,-1.4890246783665153,False,0.09866061165156488,False,False
HTI,Haiti,1995,837402729.3,0.10445536884293105,0.3261532106540412,False,0.10210822830145365,False,False
HTI,Haiti,1996,924237596.4,0.10369546702168853,0.3195233695559766,False,0.08507105311857092,False,False
HTI,Haiti,1997,1071797087.1,0.15965536489184107,0.8077512173803154,False,0.10274725436831321,False,False
HTI,Haiti,1998,1068532781.9,-0.003045637312592775,-0.611750303681292,False,0.10518314487484587,False,False
HTI,Haiti,1999,1221741577.8,0.14338240107858313,0.6657760815659974,False,0.06340237350973621,False,False
HTI,Haiti,2000,1205143476.2,-0.01358560754712812,-0.7037073511312386,False,0.08148470833344783,False,False
HTI,Haiti,2001,1271014239.0,0.05465802545577425,-0.10830880079735432,False,0.08056780976090233,False,False
HTI,Haiti,2002,1271148138.8,0.0001053487804394404,-0.58425920349567,False,0.06547969813222354,False,False
HTI,Haiti,2003,1360909986.9,0.07061478151927902,0.030907548189196613,False,0.06263822502448124,False,False
HTI,Haiti,2004,1322162871.5,-0.028471475536939517,-0.8335806276787862,False,0.04353352626297621,False,False
HTI,Haiti,2005,1345851157.9,0.017916314934124378,-0.42886560908520127,False,0.04021415618600034,False,False
HTI,Haiti,2006,1524872000.4,0.13301682095316947,0.5753405184449875,False,0.06392908480532207,False,False
HTI,Haiti,2007,1710448631.4,0.12169980887006915,0.47660408997696596,False,0.06856669592199072,False,False
HTI,Haiti,2008,2091205511.2,0.22260643950958703,1.3569743012066422,False,0.09951772226928501,False,False
HTI,Haiti,2009,1556330667.7,-0.25577344772445243,-2.816699913293641,True,0.18461460464672835,False,False
HTI,Haiti,2010,1045027834.3,-0.32853097610395443,-3.451480405140984,True,0.2515559588965062,False,False
HTI,Haiti,2011,848912587.7,-0.18766509385021835,-2.222481619542757,False,0.24308236375719033,False,False
HTI,Haiti,2012,1265464320.3,0.4906886040276346,3.6958845423660924,True,0.35292040197509544,False,False
HTI,Haiti,2013,1689407746.1,0.3350101768965694,2.33765219520847,False,0.3744998679143821,False,False
HTI,Haiti,2014,2094112399.9,0.23955416016900677,1.5048364220824897,False,0.35115930165729914,False,False
HTI,Haiti,2015,2239950364.2,0.0696418990246006,0.022419535440049636,False,0.26029438310683345,False,False
HTI,Haiti,2016,2300997423.0,0.027253755161580573,-0.3474001575753106,False,0.190963484840247,False,False
HTI,Haiti,2017,2367547376.0,0.02892221970124309,-0.3328434681892648,False,0.13958888033908123,False,False
HTI,Haiti,2018,2470002746.5,0.04327489770156134,-0.20762206219472928,False,0.08984668263341952,False,False
HTI,Haiti,2019,2470320988.5,0.00012884277171387737,-0.5840542277678132,False,0.025371236079364194,False,False
HTI,Haiti,2020,2619431493.9,0.0603607814912106,-0.05855452296952812,False,0.022244250782793698,False,False
HTI,Haiti,2021,2970068585.2,0.13385999676515525,0.5826968919855283,False,0.05015405787809233,False,False
HTI,Haiti,2022,2965270069.1,-0.0016156246774606808,-0.5992740123050609,False,0.055446430625625855,False,False
HTI,Haiti,2023,3156537449.7,0.06450251617656266,-0.022419535440049636,False,0.05588156994357301,False,False
HTI,Haiti,2024,944741012.3,-0.7007033728081418,-6.698536514573732,True,0.3454543727555601,False,False
IDN,Indonesia,1970,3432691278.3,,,False,,False,False
IDN,Indonesia,1971,4682274735.4,0.3640244215957693,3.2305009464844625,True,,False,False
IDN,Indonesia,1972,5814543795.7,0.24182029553703077,1.7823164773657652,False,,False,False
IDN,Indonesia,1973,7270793342.0,0.25044949311017883,1.8845770990765505,False,0.06820016600302803,False,False
IDN,Indonesia,1974,9100920877.2,0.251709469533153,1.8995084957982116,False,0.05818190412890658,False,False
IDN,Indonesia,1975,11497812015.2,0.2633679789486787,2.037668088384497,False,0.05075452582859503,False,False
IDN,Indonesia,1976,14010058797.7,0.21849781325167195,1.505932547327935,False,0.016766262315429714,False,False
IDN,Indonesia,1977,16470538470.3,0.17562236591069347,0.997835489165785,False,0.03561431894746705,False,False
IDN,Indonesia,1978,18045712413.7,0.09563584980784845,0.04995235219727172,False,0.06803126391373343,False,False
IDN,Indonesia,1979,18623748316.7,0.03203175855563156,-0.7037902594032166,False,0.09330800600476336,False,False
IDN,Indonesia,1980,20937697366.2,0.12424722511016073,0.3890125025314676,False,0.07197548986585933,False,False
IDN,Indonesia,1981,22761139319.3,0.087088943985006,-0.05133306811424251,False,0.0526053903057079,False,False
IDN,Indonesia,1982,25133280486.7,0.1042189116336798,0.15166624054568972,False,0.03451962323627037,False,False
IDN,Indonesia,1983,30229383588.6,0.20276314922744554,1.3194683353443497,False,0.06213965103677757,False,False
IDN,Indonesia,1984,32025253802.3,0.059408099025123784,-0.37936593456357837,False,0.05424968508859952,False,False
IDN,Indonesia,1985,36714642568.2,0.14642784081739935,0.6518647008874677,False,0.05601724451062574,False,False
IDN,Indonesia,1986,42914295378.8,0.16886049752721188,0.9177037203703848,False,0.05595011987933088,False,False
IDN,Indonesia,1987,52526347016.8,0.22398251102937672,1.5709291591089813,False,0.06384253124564979,False,False
IDN,Indonesia,1988,54053879424.8,0.02908126101956854,-0.7387552384567525,False,0.08012741619601585,False,False
IDN,Indonesia,1989,59380152209.8,0.0985363648581401,0.08432501197357425,False,0.07370588968299324,False,False
IDN,Indonesia,1990,69848505848.5,0.1762938161848011,1.0057925352174117,False,0.07619600473056858,False,False
IDN,Indonesia,1991,79528197362.6,0.13858122513164517,0.5588780944795102,False,0.07444752033368902,False,False
IDN,Indonesia,1992,87987351692.3,0.10636673042055023,0.17711904570001036,False,0.05455262183501257,False,False
IDN,Indonesia,1993,89157126589.4,0.013294807430854316,-0.925833184570048,False,0.060520577694530335,False,False
IDN,Indonesia,1994,107819781286.8,0.20932319615175699,1.3972084115502168,False,0.07529943097599316,False,False
IDN,Indonesia,1995,124399503875.8,0.15377254888783387,0.7389034327278436,False,0.07236241796032182,False,False
IDN,Indonesia,1996,129003514948.0,0.03700988290754448,-0.644796814547544,False,0.08107246848963352,False,False
IDN,Indonesia,1997,136339703441.0,0.056868128716935695,-0.4094659456759085,False,0.08368416840222413,False,False
IDN,Indonesia,1998,151484839252.8,0.11108382539759543,0.2330191523938808,False,0.07047631817259327,False,False
IDN,Indonesia,1999,151806502424.2,0.0021234017409703654,-1.0582203366252736,False,0.06031204027040726,False,False
IDN,Indonesia,2000,144048996549.8,-0.05110127531113828,-1.6889613203108267,False,0.06060730476622576,False,False
IDN,Indonesia,2001,132710089751.5,-0.07871562502957075,-2.0162061824673163,False,0.07755876881084502,False,False
IDN,Indonesia,2002,128444200507.9,-0.032144422866323796,-1.4643124465014465,False,0.07367069737496744,False,False
IDN,Indonesia,2003,134372632167.3,0.04615569746206938,-0.5364140043882827,False,0.04845328037371309,False,False
IDN,Indonesia,2004,138041813871.8,0.02730601942761446,-0.7597928039245971,False,0.05279745478040576,False,False
IDN,Indonesia,2005,142131795440.2,0.029628570167865353,-0.7322693313607102,False,0.052371650212427595,False,False
IDN,Indonesia,2006,135970010956.9,-0.04335261131554835,-1.597135493992664,False,0.04035546612237709,False,False
IDN,Indonesia,2007,147827337604.3,0.08720545482017017,-0.04995235219727172,False,0.0472218244294176,False,False
IDN,Indonesia,2008,157916194612.4,0.06824757295640116,-0.27461342517365417,False,0.050127027852691526,False,False
IDN,Indonesia,2009,179404705351.0,0.13607540880365576,0.5291828263597247,False,0.06727050635244049,False,False
IDN,Indonesia,2010,198278352695.5,0.10520151802916344,0.16331065360349548,False,0.06846666780037694,False,False
IDN,Indonesia,2011,219629383247.4,0.10768210579542781,0.19270694972907143,False,0.025276122199248467,False,False
IDN,Indonesia,2012,252623033564.3,0.15022420875140607,0.6968536980547663,False,0.03165758393762046,False,False
IDN,Indonesia,2013,263643864629.2,0.04362559862180926,-0.5663970333085891,False,0.04099247058488532,False,False
IDN,Indonesia,2014,292565412570.1,0.10969930205497658,0.21661180784195316,False,0.03816636061584952,False,False
IDN,Indonesia,2015,307849578357.8,0.05224187525597501,-0.4642895316581823,False,0.044349833541129174,False,False
IDN,Indonesia,2016,319052612588.1,0.03639126059571596,-0.6521278208984241,False,0.049488880814023126,False,False
IDN,Indonesia,2017,353688908559.2,0.108559825572768,0.2031084000792128,False,0.03606711972992409,False,False
IDN,Indonesia,2018,379851596756.2,0.07397090370624637,-0.20678888462114134,False,0.03291296913498538,True,False
IDN,Indonesia,2019,402379692152.7,0.059307623263616716,-0.3805566262532147,False,0.027320234947663495,True,False
IDN,Indonesia,2020,417036407016.7,0.03642508593211491,-0.6517269725112581,False,0.030099498767298227,True,False
IDN,Indonesia,2021,417845089193.8,0.0019391164979694064,-1.060404215643184,False,0.04000680315894664,True,False
IDN,Indonesia,2022,395986001909.7,-0.05231385470217065,-1.703331036770502,False,0.050518558858910455,True,False
IDN,Indonesia,2023,399613483613.1,0.009160631148338316,-0.9748253919367683,False,0.04205395996845129,False,False
IDN,Indonesia,2024,421059208493.8,0.05366616933642665,-0.44741088252176664,False,0.040476740921656394,True,False
IND,India,1970,8425121119.4,,,False,,False,False
IND,India,1971,9328742281.7,0.10725319547267853,0.3931104188435153,False,,False,False
IND,India,1972,10029268976.8,0.07509336992556936,-0.06780376774833914,False,,False,False
IND,India,1973,10965917520.3,0.0933915069649327,0.1944448858486812,False,0.01613083282938603,False,False
IND,India,1974,12696953185.8,0.15785598079645635,1.1183488565528836,False,0.03550490885507124,False,False
IND,India,1975,13865614018.8,0.09204261966618921,0.17511265125077527,False,0.031606201382818465,False,False
IND,India,1976,14586390285.7,0.05198300384842103,-0.39902122310068344,False,0.039384799255871746,False,False
IND,India,1977,15414657569.6,0.05678356794771933,-0.3302196030866399,False,0.04233168468543993,False,False
IND,India,1978,16520249175.3,0.07172339707891995,-0.11610217319754638,False,0.04305328777060221,False,False
IND,India,1979,18190384895.1,0.101096279001474,0.30486957490354194,False,0.021467692570614465,False,False
IND,India,1980,20723360696.4,0.13924805967037668,0.8516603815974171,False,0.03626647499664697,False,False
IND,India,1981,22480074709.1,0.08476974552709349,0.07087791704502451,False,0.03166463928401318,False,False
IND,India,1982,26942860601.2,0.19852184433770836,1.7011714651119765,False,0.051139545742352674,False,False
IND,India,1983,30649492455.0,0.1375738051227906,0.8276649879713557,False,0.04385829928487702,False,False
IND,India,1984,32763961315.2,0.06898870718020844,-0.15529571199330883,False,0.05128094706224886,False,False
IND,India,1985,38934813159.4,0.1883426666523742,1.5552836276255106,False,0.05866347808567898,False,False
IND,India,1986,44909442697.3,0.1534521178627397,1.0552327523009288,False,0.05136082776095387,False,False
IND,India,1987,53424896488.5,0.18961388251010192,1.5735026761769075,False,0.049344802840286785,False,False
IND,India,1988,59288500301.3,0.10975414456932397,0.4289539876122391,False,0.05224058538092422,False,False
IND,India,1989,73721064976.0,0.2434294104481427,2.344786097762599,False,0.049439627983113243,False,False
IND,India,1990,83471522909.2,0.13226149047594848,0.7515289660025013,False,0.05246860555805959,False,False
IND,India,1991,84852336186.3,0.016542327598384032,-0.9069565177782819,False,0.08567608429003915,False,False
IND,India,1992,87775440181.5,0.03444930483448427,-0.6503139612132353,False,0.09042191839541429,False,False
IND,India,1993,91330328767.5,0.04049980927067165,-0.5635982131259017,False,0.09513115845814361,False,False
IND,India,1994,97898626998.8,0.071918039931959,-0.11331255444936644,False,0.0455018662738707,False,False
IND,India,1995,93808975940.1,-0.041774345402720736,-1.7427502897834757,False,0.042008680308716,False,False
IND,India,1996,93966076365.7,0.0016746843681600954,-1.120039380306824,False,0.04320658112875723,False,False
IND,India,1997,94059291709.0,0.0009920105947303082,-1.1298234516329282,False,0.04326212707630715,False,False
IND,India,1998,98333648294.5,0.04544321467701429,-0.49274939342317786,False,0.044049544553044745,False,False
IND,India,1999,99779510346.3,0.014703634787044395,-0.9333086383856986,False,0.031391231433294364,False,False
IND,India,2000,101131491179.6,0.013549683984294347,-0.949847045748557,False,0.018044366809905597,False,False
IND,India,2001,99500093585.5,-0.01613145000702898,-1.3752366583475086,False,0.02258482723072113,False,False
IND,India,2002,105741601402.0,0.06272866277393696,-0.24501458410966798,False,0.030683335498448813,False,False
IND,India,2003,118884622369.5,0.12429375754896976,0.6373355250076185,False,0.05502760265355947,False,False
IND,India,2004,123644485822.1,0.040037671464405955,-0.5702215659409311,False,0.053274178321044974,False,False
IND,India,2005,121195478444.5,-0.019806846713112947,-1.427912394436486,False,0.05986206056728791,False,False
IND,India,2006,159525518911.4,0.31626625810510545,3.388682817368453,True,0.12902418531620408,False,False
IND,India,2007,204057539299.5,0.27915295742014146,2.856775491817468,True,0.1465363601148016,False,False
IND,India,2008,227111768434.6,0.11297906077982622,0.47517344330590167,False,0.14708011486828781,False,False
IND,India,2009,256312241333.4,0.12857313867999176,0.6986675577399551,False,0.1360944200415948,False,False
IND,India,2010,290427544563.2,0.13310056145708749,0.7635545200030351,False,0.09585649610413433,False,False
IND,India,2011,334399298473.1,0.15140352467612206,1.0258723423421015,False,0.06743162377346448,False,False
IND,India,2012,392576050359.7,0.1739739053049476,1.3493507335219566,False,0.02341245930367438,True,False
IND,India,2013,427245079805.9,0.08831162628090605,0.12164010430432723,False,0.03167306131327076,True,False
IND,India,2014,457507409077.4,0.0708313113523702,-0.12888753381527035,False,0.043100470039381784,True,False
IND,India,2015,478831010025.1,0.046608209013927704,-0.4760527102774314,False,0.05421894775107122,True,False
IND,India,2016,455541896498.9,-0.04863743792403741,-1.8411120393624207,False,0.08015151529145338,True,False
IND,India,2017,511575707373.6,0.1230047363488449,0.6188612905287996,False,0.06478973689928041,True,False
IND,India,2018,521175685410.0,0.018765508013830035,-0.8750939260073404,False,0.06357902302500017,True,False
IND,India,2019,561017395481.3,0.07644583426787688,-0.04842026701025167,False,0.06425894830501896,True,False
IND,India,2020,564979321177.1,0.0070620371626819445,-1.042827912616086,False,0.06614635657627238,True,False
IND,India,2021,611987174447.7,0.08320278549781612,0.04842026701025167,False,0.0481319998114369,True,False
IND,India,2022,615514904164.5,0.0057643850461142065,-1.0614258452731173,False,0.0383644506490201,True,False
IND,India,2023,647556415555.5,0.05205643466016974,-0.3979688136957146,False,0.03700258499393889,True,False
IND,India,2024,716456023890.4,0.10639939112609231,0.38087370644783036,False,0.04495547904760987,True,False
IRN,"Iran, Islamic Rep.",1980,4618942613.2,,,False,,False,False
IRN,"Iran, Islamic Rep.",1981,3969211554.7,-0.14066662284203324,-0.6492152993552407,False,,False,False
IRN,"Iran, Islamic Rep.",1982,8269750070.8,1.0834742509523512,5.674652579385632,True,,False,False
IRN,"Iran, Islamic Rep.",1983,7078085808.0,-0.14409918710937786,-0.6669478033314297,False,0.7077510399410966,False,False
IRN,"Iran, Islamic Rep.",1984,5159730090.0,-0.27102747409925154,-1.3226547845964705,False,0.6372629540969647,False,False
IRN,"Iran, Islamic Rep.",1985,6025227842.0,0.16774089669485015,0.944006892724783,False,0.5521183553938234,False,False
IRN,"Iran, Islamic Rep.",1986,5793964260.5,-0.03838254545129949,-0.12081942158917156,False,0.5409436649229284,False,False
IRN,"Iran, Islamic Rep.",1987,6150722410.1,0.061574102559136756,0.39555303941728914,False,0.17144201442514373,False,False
IRN,"Iran, Islamic Rep.",1988,5843049165.3,-0.050022294014565705,-0.18094994547871468,False,0.16276794589512114,False,False
IRN,"Iran, Islamic Rep.",1989,6526858378.8,0.11702951560991881,0.6820337156217607,False,0.09525381950184345,False,False
IRN,"Iran, Islamic Rep.",1990,9026182538.2,0.38292912368347043,2.055661560637709,False,0.17559003294982767,False,False
IRN,"Iran, Islamic Rep.",1991,11368427701.3,0.25949454857436205,1.4180029697281544,False,0.16961124751515186,False,False
IRN,"Iran, Islamic Rep.",1992,16074665445.3,0.41397437426301553,2.2160402124173104,False,0.19309141305828625,False,False
IRN,"Iran, Islamic Rep.",1993,23392435930.4,0.45523625421638947,2.429197605360822,False,0.13763512123766086,False,False
IRN,"Iran, Islamic Rep.",1994,21792481976.9,-0.06839620970900062,-0.275868935403927,False,0.21253103786730695,False,False
IRN,"Iran, Islamic Rep.",1995,21681652185.7,-0.0050856892444596236,0.051190944159677926,False,0.23872417286899,False,False
IRN,"Iran, Islamic Rep.",1996,16684178793.1,-0.23049319995530848,-1.113256177185855,False,0.3051833915389694,False,False
IRN,"Iran, Islamic Rep.",1997,11697339746.3,-0.2988962842367996,-1.4666240589017172,False,0.2958254682190305,False,False
IRN,"Iran, Islamic Rep.",1998,12341638353.4,0.0550807808505176,0.3620087722022033,False,0.1501574118387103,False,False
IRN,"Iran, Islamic Rep.",1999,9742304899.9,-0.21061494260880764,-1.0105658122042211,False,0.1538359013115103,False,False
IRN,"Iran, Islamic Rep.",2000,8800053478.5,-0.0967175048493577,-0.42217573101585676,False,0.13876270072050145,False,False
IRN,"Iran, Islamic Rep.",2001,8280878565.0,-0.058996790731832616,-0.22731187385896282,False,0.13703203195428787,False,False
IRN,"Iran, Islamic Rep.",2002,8934505230.4,0.07893204329340375,0.4852235391125362,False,0.1179655964058817,False,False
IRN,"Iran, Islamic Rep.",2003,14235372770.8,0.5933028638635292,3.1424447622569627,True,0.3149271547425564,False,False
IRN,"Iran, Islamic Rep.",2004,20950347846.7,0.47171051886143434,2.5143030660515944,True,0.3155408503504633,False,False
IRN,"Iran, Islamic Rep.",2005,21393520935.6,0.02115349550006651,0.18674163209310582,False,0.2915411961773396,False,False
IRN,"Iran, Islamic Rep.",2006,20494226261.2,-0.04203584239859848,-0.1396922226785719,False,0.28753683060317115,False,False
IRN,"Iran, Islamic Rep.",2007,20834072180.2,0.016582520104376997,0.16312813703046888,False,0.2966420042396037,False,False
IRN,"Iran, Islamic Rep.",2008,16026650174.6,-0.2307480728692498,-1.114572841524199,False,0.2583810703511894,False,False
IRN,"Iran, Islamic Rep.",2009,18609984963.8,0.1611899405712507,0.910164888187624,False,0.14197300169488872,False,False
IRN,"Iran, Islamic Rep.",2010,19768742370.1,0.06226535962033308,0.39912404861960626,False,0.1457149406846083,False,False
IRN,"Iran, Islamic Rep.",2011,17260291984.0,-0.1268897302184484,-0.5780443658489521,False,0.1554942744125042,False,False
IRN,"Iran, Islamic Rep.",2012,7481954468.2,-0.5665221379142574,-2.849169626835881,True,0.28370529724262217,False,False
IRN,"Iran, Islamic Rep.",2013,7013042464.9,-0.06267239466545571,-0.24629991204019336,False,0.28022161543298857,False,False
IRN,"Iran, Islamic Rep.",2014,5817911004.0,-0.17041554601752174,-0.8028971702280542,False,0.2369147326217048,False,False
IRN,"Iran, Islamic Rep.",2015,6455859301.0,0.10965246745118473,0.643924149239633,False,0.24929569368457177,False,False
IRN,"Iran, Islamic Rep.",2016,6058410415.5,-0.061564056304392545,-0.2405742757916639,False,0.25336409248440195,False,False
IRN,"Iran, Islamic Rep.",2017,6819093933.4,0.12555826788390667,0.7260929441842646,False,0.12633418969243854,False,False
IRN,"Iran, Islamic Rep.",2018,5773699803.6,-0.15330396384183054,-0.714499350016502,False,0.14108319179146803,False,False
IRN,"Iran, Islamic Rep.",2019,4855393068.1,-0.15904996219710277,-0.7441829715735315,False,0.13832003742298765,False,False
IRN,"Iran, Islamic Rep.",2020,5433188395.8,0.11900073168043246,0.6922169471903138,False,0.1406844272854407,False,False
IRN,"Iran, Islamic Rep.",2021,10348874166.9,0.9047515773426809,4.751377653241206,True,0.43508653685117815,False,False
IRN,"Iran, Islamic Rep.",2022,9459955524.4,-0.08589520252774274,-0.36626810511202706,False,0.45018405311442417,False,False
IRN,"Iran, Islamic Rep.",2023,9900872535.1,0.046608782627227674,0.31824273303144374,False,0.4275867032749809,False,False
IRN,"Iran, Islamic Rep.",2024,9654298895.5,-0.02490423331134317,-0.051190944159677926,False,0.40581875937910994,False,False
IRQ,Iraq,2015,19135602755.0,,,False,,False,False
IRQ,Iraq,2016,23353445730.2,0.22041861075412994,2.580303953892592,True,,False,False
IRQ,Iraq,2017,28081416224.6,0.20245280071394012,2.4000583562727282,False,,False,False
IRQ,Iraq,2018,27797448159.7,-0.010112312806048407,0.26745616166889064,False,0.12822584537556808,False,False
IRQ,Iraq,2019,27486478709.1,-0.01118697834468263,0.25667436380843905,False,0.12843139009399782,False,False
IRQ,Iraq,2020,26328297576.5,-0.04213639531121738,-0.05383187802759342,False,0.1281947498594996,False,False
IRQ,Iraq,2021,25360186233.3,-0.036770753611662044,0.0,False,0.1027755373980652,False,False
IRQ,Iraq,2022,22722727263.8,-0.10399998427601453,-0.6744907594765952,False,0.03818021564254176,False,False
IRQ,Iraq,2023,20318433379.4,-0.10581009297375688,-0.6926510385428674,False,0.042649673921873583,False,False
IRQ,Iraq,2024,17517006333.0,-0.13787613415315025,-1.014360037065811,False,0.04402495312241918,False,False
JAM,Jamaica,1970,981947821.4,,,False,,False,False
JAM,Jamaica,1971,1017279724.6,0.03598144670215375,0.056721690429529736,False,,False,False
JAM,Jamaica,1972,1050172114.5,0.03233367293635325,0.01973065648172441,False,,False,False
JAM,Jamaica,1973,1218593242.0,0.16037478540380734,1.3181590794294296,False,0.07289437043729097,False,False
JAM,Jamaica,1974,1451065680.0,0.1907711531523495,1.6263999801722284,False,0.08259729766621231,False,False
JAM,Jamaica,1975,1631097348.4,0.12406858688849987,0.9499882694996153,False,0.07204504635364026,False,False
JAM,Jamaica,1976,1468081463.3,-0.09994246220797798,-1.3216439242235767,False,0.11759272282588322,False,False
JAM,Jamaica,1977,1698452346.3,0.15691968651532795,1.2831219064898631,False,0.1177639492675338,False,False
JAM,Jamaica,1978,1443098518.8,-0.15034500559069353,-1.8327617492394084,False,0.15747427242151074,False,False
JAM,Jamaica,1979,1725519727.0,0.19570473153478507,1.6764299922140482,False,0.15863272614944088,False,False
JAM,Jamaica,1980,1933418149.2,0.12048452355943429,0.9136433049298472,False,0.1581951998311924,False,False
JAM,Jamaica,1981,2335978753.2,0.20821186775688916,1.8032612954377418,False,0.14748677239021613,False,False
JAM,Jamaica,1982,2881171635.6,0.23338948680639926,2.058580353246952,False,0.15767473253113448,False,False
JAM,Jamaica,1983,3493302522.8,0.2124590148106622,1.8463304030453414,False,0.04330607061141976,False,False
JAM,Jamaica,1984,3636693776.0,0.041047476496558044,0.1080948544843675,False,0.08081599552454569,False,False
JAM,Jamaica,1985,4149647658.3,0.14104951197298732,1.122186990306954,False,0.07859660002231973,False,False
JAM,Jamaica,1986,4267673178.1,0.02844229908626783,-0.01973065648172441,False,0.09464317738602036,False,False
JAM,Jamaica,1987,4771043102.6,0.11794950163548013,0.8879363702162464,False,0.0756882373809395,False,False
JAM,Jamaica,1988,4632792353.6,-0.02897704883962582,-0.6020038962042729,False,0.06928044873137251,False,False
JAM,Jamaica,1989,4660246898.8,0.005926133334826833,-0.2480606750521572,False,0.07333202937955298,False,False
JAM,Jamaica,1990,4784682213.8,0.026701442584950108,-0.03738418602411089,False,0.05432831844167903,False,False
JAM,Jamaica,1991,4612479880.4,-0.03599033869027579,-0.6731236694159375,False,0.06190585808654338,False,False
JAM,Jamaica,1992,4631509929.9,0.004125773985674153,-0.2663176060129348,False,0.02617668599193009,False,False
JAM,Jamaica,1993,4418444373.2,-0.04600347617188427,-0.774664042335676,False,0.030689544100713027,False,False
JAM,Jamaica,1994,4644306788.5,0.0511180850595212,0.21021802525778294,False,0.04109340426236868,False,False
JAM,Jamaica,1995,4615813407.2,-0.006135120395266314,-0.37037041102479373,False,0.038285307184475995,False,False
JAM,Jamaica,1996,4095187169.9,-0.11279187249811662,-1.4519461312047408,False,0.061440654642075494,False,False
JAM,Jamaica,1997,3818566634.2,-0.06754771496970557,-0.993138026720764,False,0.06219610386008282,False,False
JAM,Jamaica,1998,3945356370.6,0.03320348930523842,0.028551216334269748,False,0.0688309846417557,False,False
JAM,Jamaica,1999,4027853275.2,0.020909874001433737,-0.09611483212186389,False,0.06196396014573074,False,False
JAM,Jamaica,2000,4821219734.6,0.1969700496005795,1.6892612220357535,False,0.11897547804500803,False,False
JAM,Jamaica,2001,5477990485.7,0.13622501923872377,1.073263184727986,False,0.10369120187708362,False,False
JAM,Jamaica,2002,5601373724.4,0.022523448885514608,-0.07975202917778847,False,0.08032593361857186,False,False
JAM,Jamaica,2003,5720223401.2,0.021217951639663335,-0.09299070461122867,False,0.08229951970175288,False,False
JAM,Jamaica,2004,6516794517.1,0.13925524582359738,1.1039918487480815,False,0.07812363543025144,False,False
JAM,Jamaica,2005,6590656418.3,0.011334084726192684,-0.1932201815485269,False,0.06553973459084508,False,False
JAM,Jamaica,2006,8084297793.3,0.22663013821395217,1.9900357259478436,False,0.09539077659793811,False,False
JAM,Jamaica,2007,10523969850.5,0.3017790931974227,2.752099856952311,True,0.1268285199509836,False,False
JAM,Jamaica,2008,10431004395.1,-0.008833686975602939,-0.39773580547977005,False,0.13435602675038902,False,False
JAM,Jamaica,2009,11116937810.7,0.06575909563629567,0.35868834004354405,False,0.1376225648000032,False,False
JAM,Jamaica,2010,14186599700.2,0.27612476940776487,2.491946672259683,False,0.13661676211819987,False,False
JAM,Jamaica,2011,14287642491.2,0.007122410805640467,-0.23592956622387962,False,0.14945579477627308,False,False
JAM,Jamaica,2012,14247212086.3,-0.0028297463997228878,-0.3368515555448657,False,0.12035975084264108,False,False
JAM,Jamaica,2013,12889484163.8,-0.09529779680935468,-1.2745436963949006,False,0.13885381298168392,False,False
JAM,Jamaica,2014,14077596820.6,0.0921768972056154,0.6265837352676062,False,0.14009211376721456,False,False
JAM,Jamaica,2015,14055964975.2,-0.00153661492623125,-0.32373827788401616,False,0.06640655317408735,False,False
JAM,Jamaica,2016,14006048394.7,-0.0035512738248900666,-0.3441683594894696,False,0.06628887689719064,False,False
JAM,Jamaica,2017,14584440916.3,0.041295910545251724,0.11061415335514106,False,0.0690645058680208,False,False
JAM,Jamaica,2018,17530384500.9,0.2019922190714578,1.7401896110522588,False,0.08542240811229634,False,False
JAM,Jamaica,2019,14464674889.2,-0.1748797701238446,-2.0815618026462395,False,0.1344453598306405,False,False
JAM,Jamaica,2020,14489345389.0,0.0017055689110869743,-0.29086021578606547,False,0.13436754249623442,False,False
JAM,Jamaica,2021,16036439681.0,0.10677461613790507,0.7746150418270877,False,0.13985256430471885,False,False
JAM,Jamaica,2022,15812061001.6,-0.013991801413741678,-0.45004277365765627,False,0.14144427894980446,False,False
JAM,Jamaica,2023,15395210849.4,-0.02636279686486287,-0.5754935121302343,False,0.10074489819331178,False,False
JAM,Jamaica,2024,14836981078.4,-0.03625996268974496,-0.6758578495372528,False,0.057892565318655,False,False
JOR,Jordan,1970,119092816.3,,,False,,False,False
JOR,Jordan,1971,153348201.6,0.2876360335094368,1.466555626638776,False,,False,False
JOR,Jordan,1972,180464881.2,0.1768307636938078,0.6619128942561058,False,,False,False
JOR,Jordan,1973,214800116.9,0.1902599301963246,0.759432454888797,False,0.06047073097556172,False,False
JOR,Jordan,1974,270701661.2,0.26024913350501055,1.2676781717332493,False,0.053655856407531885,False,False
JOR,Jordan,1975,342812687.7,0.2663856076107449,1.312239854583257,False,0.04942258434563376,False,False
JOR,Jordan,1976,432465516.3,0.26152132583393883,1.276916543819418,False,0.043684240976749916,False,False
JOR,Jordan,1977,796335241.4,0.8413843679679298,5.487750409453946,True,0.26873598997135023,False,False
JOR,Jordan,1978,1111301690.7,0.3955199179007476,2.249983920808556,False,0.25063623087246834,False,False
JOR,Jordan,1979,1417948646.1,0.2759349310508521,1.3815848750686448,False,0.24845999278247044,False,False
JOR,Jordan,1980,1866844711.7,0.3165813281282559,1.6767497897003498,False,0.24223609660575152,False,False
JOR,Jordan,1981,2186348488.8,0.17114641357022742,0.6206344331967353,False,0.2595982219245838,False,False
JOR,Jordan,1982,2648430694.4,0.21134883481160793,0.9125752960265352,False,0.08815891357127167,False,False
JOR,Jordan,1983,3021355709.1,0.14080980691265,0.4003368777394192,False,0.07269664521786205,False,False
JOR,Jordan,1984,3281112514.1,0.08597359265499271,0.002128729812692151,False,0.08654288455713452,False,False
JOR,Jordan,1985,3943825661.2,0.20197818400073375,0.8445277556413922,False,0.050857503246854965,False,False
JOR,Jordan,1986,4831646193.6,0.22511657681385966,1.0125535151298737,False,0.05838728384502849,False,False
JOR,Jordan,1987,6261594432.0,0.29595466660909686,1.5269636530633035,False,0.08038066491240475,False,False
JOR,Jordan,1988,5918242632.1,-0.05483456388444663,-1.0203881595751836,False,0.1375682259784225,False,False
JOR,Jordan,1989,7316087055.4,0.23619248317367392,1.0929842344612253,False,0.1362580395818996,False,False
JOR,Jordan,1990,8332902493.5,0.13898350722186792,0.3870747036949385,False,0.13673122851310965,False,False
JOR,Jordan,1991,9700258842.1,0.1640912454773824,0.56940140302505,False,0.13306422853755048,False,False
JOR,Jordan,1992,7966941070.5,-0.17868778553385034,-1.9197821581475878,False,0.17195159799091284,False,False
JOR,Jordan,1993,7630572048.1,-0.042220598774792895,-0.9287884065228261,False,0.16990488016518504,False,False
JOR,Jordan,1994,7552887476.4,-0.01018070089769274,-0.6961219366339071,False,0.14055382882350725,False,False
JOR,Jordan,1995,7660567356.1,0.014256783254942063,-0.5186624705466655,False,0.12287027634273434,False,False
JOR,Jordan,1996,7379761663.3,-0.03665599161874067,-0.8883794917290418,False,0.07501867255152789,False,False
JOR,Jordan,1997,7313830926.3,-0.008933992723352824,-0.6870686246970845,False,0.02297099325502544,False,False
JOR,Jordan,1998,7560990588.3,0.03379346125041427,-0.3767915469875782,False,0.026741622376630723,False,False
JOR,Jordan,1999,8106195546.9,0.07210760974146146,-0.09856289250166003,False,0.04140098361692958,False,False
JOR,Jordan,2000,11062638714.5,0.36471402034344136,2.02627848129962,False,0.16174983127781015,False,False
JOR,Jordan,2001,11885718015.6,0.07440171575170185,-0.0819036150906956,False,0.14789886477129438,False,False
JOR,Jordan,2002,13015834374.6,0.09508187536644597,0.06827101258003977,False,0.1341535833618053,False,False
JOR,Jordan,2003,12492626260.3,-0.04019781592496485,-0.914099416351053,False,0.15026006446383255,False,False
JOR,Jordan,2004,12895197668.9,0.0322247220249694,-0.3881833753623311,False,0.15400027881728903,False,False
JOR,Jordan,2005,12766664121.9,-0.009967551510279726,-0.6945740941370739,False,0.05642865993683424,False,False
JOR,Jordan,2006,13856775214.9,0.08538730890006097,-0.002128729812692151,False,0.058741168599374234,False,False
JOR,Jordan,2007,14862495842.8,0.07257970287477589,-0.09513465926544952,False,0.05336426316592094,False,False
JOR,Jordan,2008,13818923250.1,-0.07021516464918298,-1.1320785931224049,False,0.06365210746227298,False,False
JOR,Jordan,2009,14269772267.4,0.03262548095393303,-0.3852731549354091,False,0.06366844877069353,False,False
JOR,Jordan,2010,16894215040.7,0.18391623384878186,0.7133659711287189,False,0.0920049779246774,False,False
JOR,Jordan,2011,17477930466.6,0.034551201372408524,-0.37128901012076726,False,0.09142378653107237,False,False
JOR,Jordan,2012,18297915662.4,0.04691546275269709,-0.281502548903869,False,0.0906044547671428,False,False
JOR,Jordan,2013,23003169930.4,0.25714700815179325,1.2451512411589214,False,0.10340397995590758,False,False
JOR,Jordan,2014,24125234088.8,0.04877867536496039,-0.26797232159756873,False,0.100555048542459,False,False
JOR,Jordan,2015,25598481274.6,0.061066648322552375,-0.17873984959968398,False,0.09408085679141066,False,False
JOR,Jordan,2016,27110465347.6,0.05906538191780397,-0.193272592228458,False,0.09107981850548619,False,False
JOR,Jordan,2017,30051818034.6,0.10849510140409269,0.16567481717306023,False,0.08709713318984141,False,False
JOR,Jordan,2018,31925591353.8,0.062351413050705906,-0.1694101796024857,False,0.0232868314198984,False,False
JOR,Jordan,2019,33493554481.7,0.04911304885550294,-0.26554417716441886,False,0.023218385945561793,False,False
JOR,Jordan,2020,38038131759.6,0.1356851295189656,0.36312263307853676,False,0.03732714093095446,False,False
JOR,Jordan,2021,41757187873.1,0.09777178692697985,0.08780454010573539,False,0.03508366134880623,False,False
JOR,Jordan,2022,41170195546.7,-0.014057276275018071,-0.7242727475934276,False,0.05606461267231366,False,False
JOR,Jordan,2023,44559287366.0,0.08231906053143967,-0.02440965341013536,False,0.05643429742372989,False,False
JOR,Jordan,2024,46966040104.7,0.054012370506095975,-0.22996641478620108,False,0.056018364394160684,False,False
KAZ,Kazakhstan,1992,34977844.5,,,False,,False,False
KAZ,Kazakhstan,1993,1727754137.6,48.395672097518755,290.9912578360586,True,,True,True
KAZ,Kazakhstan,1994,2789562086.4,0.6145596330476415,3.163089629508641,True,,False,False
KAZ,Kazakhstan,1995,3750246013.7,0.3443852108485552,1.5355886144234574,False,27.66476059907842,True,False
KAZ,Kazakhstan,1996,2922220065.0,-0.22079243486297795,-1.868979385063821,False,24.077326361300372,True,False
KAZ,Kazakhstan,1997,4077953308.9,0.3954983602167552,1.8434886065983178,False,21.51866495632734,True,False
KAZ,Kazakhstan,1998,6074807301.8,0.48967063662595933,2.4107720459459694,False,0.32179023573925697,False,False
KAZ,Kazakhstan,1999,6600356817.2,0.08651295247575619,-0.017805518329715296,False,0.2877090128150138,False,False
KAZ,Kazakhstan,2000,12890152382.6,0.9529478086713885,5.201502795484255,True,0.4415674571518751,False,False
KAZ,Kazakhstan,2001,15339983924.1,0.19005450585727357,0.6059174153969333,False,0.33672433471228336,False,False
KAZ,Kazakhstan,2002,18437239277.2,0.2019073402178755,0.6773175864290429,False,0.3514750305107361,False,False
KAZ,Kazakhstan,2003,23226790596.7,0.2597759484210247,1.0259117198988346,False,0.34926148466597834,False,False
KAZ,Kazakhstan,2004,33233124794.0,0.43081002326346685,2.0562021824619903,False,0.319933253101553,False,False
KAZ,Kazakhstan,2005,43861793757.3,0.3198215343631765,1.3876197279212432,False,0.09864831808079745,False,False
KAZ,Kazakhstan,2006,74438311787.2,0.6971105240038453,3.6603671205969976,True,0.19552189209263707,False,False
KAZ,Kazakhstan,2007,96240591774.7,0.2928905756195428,1.2253905933654061,False,0.17803629363134368,False,False
KAZ,Kazakhstan,2008,106738597246.1,0.1090808491283588,0.1181410098852435,False,0.21635715984299034,False,False
KAZ,Kazakhstan,2009,109741327702.3,0.02813162748688569,-0.3694882013462058,False,0.25881541861669644,False,False
KAZ,Kazakhstan,2010,119150770510.9,0.08574201721092156,-0.02244954760484319,False,0.2727349589137276,False,False
KAZ,Kazakhstan,2011,124330240756.0,0.043469884608309695,-0.27709222680661616,False,0.1062421646711622,False,False
KAZ,Kazakhstan,2012,135821411914.4,0.09242458703954082,0.017805518329715296,False,0.034347972211163494,False,False
KAZ,Kazakhstan,2013,151870706097.5,0.11816468373348155,0.17286103082715626,False,0.03695605682727996,False,False
KAZ,Kazakhstan,2014,160226745867.8,0.05502074748329333,-0.20751109880371077,False,0.029987222669959186,False,False
KAZ,Kazakhstan,2015,156146738966.4,-0.02546395659040801,-0.6923421072781412,False,0.054733267721504414,False,False
KAZ,Kazakhstan,2016,166979215648.4,0.06937369780313474,-0.12105050410760744,False,0.0543900408088778,False,False
KAZ,Kazakhstan,2017,163065769204.6,-0.023436727910139066,-0.6801303045912225,False,0.06224921637276418,False,False
KAZ,Kazakhstan,2018,161167886073.7,-0.011638758644180625,-0.6090606348571196,False,0.04571010376291327,False,False
KAZ,Kazakhstan,2019,170696302166.4,0.05912105894559394,-0.1828112733622696,False,0.046683987167959795,False,False
KAZ,Kazakhstan,2020,172889421872.9,0.012848079768957632,-0.46155461245414403,False,0.04153093333847834,False,False
KAZ,Kazakhstan,2021,173390460628.2,0.0028980301389889274,-0.5214926174699896,False,0.03176805260506732,False,False
KAZ,Kazakhstan,2022,169570449960.3,-0.02203126200864791,-0.6716639325241476,False,0.031425179187632477,False,False
KAZ,Kazakhstan,2023,171483605932.5,0.011282366548227785,-0.4709862967539717,False,0.02940752049834193,False,False
KAZ,Kazakhstan,2024,167535209792.2,-0.023024919022604284,-0.677649613128912,False,0.01768676979216721,False,False
KEN,Kenya,1970,477537524.6,,,False,,False,False
KEN,Kenya,1971,497894895.5,0.042629887393774935,-0.33386144632477494,False,,False,False
KEN,Kenya,1972,581161178.6,0.16723666752273436,0.7652819511607988,False,,False,False
KEN,Kenya,1973,844716764.7,0.45349826486156153,3.2903656130852337,True,0.2106677381439373,False,False
KEN,Kenya,1974,1152688059.0,0.36458527540811336,2.506073416406047,True,0.18636716448259794,False,False
KEN,Kenya,1975,1290219777.3,0.11931390910678275,0.3425603027266166,False,0.17274358116674512,False,False
KEN,Kenya,1976,1493325017.4,0.1574191030655503,0.6786822401231245,False,0.14748908362366653,False,False
KEN,Kenya,1977,1658887244.0,0.11086817984758413,0.26806140673884166,False,0.15744546735348722,False,False
KEN,Kenya,1978,2173728428.2,0.31035333236910456,2.0276991091456447,False,0.11699549664992537,False,False
KEN,Kenya,1979,2720995167.7,0.2517640807380779,1.5108894377359798,False,0.0874922763685526,False,False
KEN,Kenya,1980,3386803513.5,0.24469295414544745,1.448515768349525,False,0.07981935997177049,False,False
KEN,Kenya,1981,3228165912.1,-0.04683991875160787,-1.1230652649070096,False,0.14352067188865203,False,False
KEN,Kenya,1982,3367814483.6,0.04325941581148629,-0.328308441880387,False,0.15379263403300036,False,False
KEN,Kenya,1983,3628284465.8,0.07734095315178191,-0.027678759410661526,False,0.13064950839564438,False,False
KEN,Kenya,1984,3511509910.2,-0.032184509428825225,-0.9937914294229856,False,0.1167984230355258,False,False
KEN,Kenya,1985,4181365915.7,0.19076010680028177,0.97277975297632,False,0.09575519734165162,False,False
KEN,Kenya,1986,4603589573.6,0.10097744766002292,0.18081629079085823,False,0.08150365388429909,False,False
KEN,Kenya,1987,5783681917.2,0.256341779546861,1.5512688409766722,False,0.11059916286914954,False,False
KEN,Kenya,1988,5809644178.8,0.0044888812994352545,-0.670299278830066,False,0.12164818500240367,False,False
KEN,Kenya,1989,5889233567.6,0.013699528981556242,-0.5890531172978314,False,0.10996927608318198,False,False
KEN,Kenya,1990,7055158928.9,0.19797573791510215,1.0364280816654832,False,0.11128020540187253,False,False
KEN,Kenya,1991,7453499318.4,0.056460866936431486,-0.2118598198536011,False,0.11438966672568619,False,False
KEN,Kenya,1992,6898195691.8,-0.0745024052298704,-1.3670731699274998,False,0.10036202484255119,False,False
KEN,Kenya,1993,7111518961.1,0.03092450241062039,-0.43711342511714707,False,0.09873139420129544,False,False
KEN,Kenya,1994,7124419830.7,0.0018140807428859151,-0.6938934152669377,False,0.09980794546890759,False,False
KEN,Kenya,1995,7309198401.0,0.025935946321378633,-0.48111695753169037,False,0.05010119493497769,False,False
KEN,Kenya,1996,6813721635.2,-0.06778811281579278,-1.3078470975734664,False,0.05094064920351024,False,False
KEN,Kenya,1997,6465020215.1,-0.05117635247947194,-1.1613164940590888,False,0.04505430353988476,False,False
KEN,Kenya,1998,6823161838.5,0.0553968296283911,-0.22124558185307286,False,0.05172629894075154,False,False
KEN,Kenya,1999,6524904617.7,-0.04371246466954226,-1.0954783189825255,False,0.053719490470623806,False,False
KEN,Kenya,2000,6147150097.6,-0.05789425933909764,-1.2205744490599222,False,0.05022217398264502,False,False
KEN,Kenya,2001,5495276586.0,-0.10604483398811226,-1.6453056406999564,False,0.058989445035683236,False,False
KEN,Kenya,2002,6095869527.9,0.10929257745280663,0.25416318252110776,False,0.08825043708726248,False,False
KEN,Kenya,2003,6715084650.7,0.10157945801922641,0.18612656131427296,False,0.09844949356167189,False,False
KEN,Kenya,2004,6916593410.5,0.03000837223682562,-0.4451945137282299,False,0.0956255916194708,False,False
KEN,Kenya,2005,6501013208.9,-0.060084520939038155,-1.2398945179506302,False,0.09604929551499407,False,False
KEN,Kenya,2006,6719657604.0,0.033632356691826404,-0.4132277252261753,False,0.0683906918673365,False,False
KEN,Kenya,2007,7576695048.2,0.12754183244244954,0.41513795540375076,False,0.07314254769723891,False,False
KEN,Kenya,2008,7691776548.9,0.015188878523933802,-0.575915720485569,False,0.06681960041688517,False,False
KEN,Kenya,2009,8585721249.0,0.11622083590400756,0.3152766269486901,False,0.07735469643290409,False,False
KEN,Kenya,2010,8885235532.9,0.03488516284346921,-0.40217685296639627,False,0.0522154571572397,False,False
KEN,Kenya,2011,10042095566.4,0.13020026641009252,0.43858772386869377,False,0.055255127109672446,False,False
KEN,Kenya,2012,11832175543.2,0.17825761216508007,0.8624965531684228,False,0.06819972350920218,False,False
KEN,Kenya,2013,13775500738.7,0.16424073395503647,0.738855133961666,False,0.05612647110037493,False,False
KEN,Kenya,2014,16911742536.7,0.22766807954858903,1.2983411270756684,False,0.07182195931046313,False,False
KEN,Kenya,2015,19783760501.7,0.16982389359153638,0.7881036021847899,False,0.035105136946821644,False,False
KEN,Kenya,2016,21057671043.3,0.06439172883691824,-0.14190251508039176,False,0.05950609873623893,False,False
KEN,Kenya,2017,26951349499.4,0.2798827298603479,1.7589211058119112,False,0.08055862507091223,False,False
KEN,Kenya,2018,31433802015.7,0.16631644053296069,0.7571647249637093,False,0.08045465224226589,False,False
KEN,Kenya,2019,34970099589.9,0.11249983608199066,0.2824540760234347,False,0.08046030359032678,False,False
KEN,Kenya,2020,38038451074.1,0.08774214315037843,0.06406905159222771,False,0.08579046594851587,False,False
KEN,Kenya,2021,41219100011.5,0.08361667858672805,0.027678759410661526,False,0.08176989069908902,False,False
KEN,Kenya,2022,41556299639.8,0.008180664502765111,-0.6377344446477798,False,0.057133016583643954,False,False
KEN,Kenya,2023,42910026054.2,0.0325757207964561,-0.4225482001372561,False,0.04301093277977806,False,False
KEN,Kenya,2024,42886127218.3,-0.0005569522579595976,-0.7148080498109217,False,0.04143508369261784,False,False
KGZ,Kyrgyz Republic,1992,5527412.0,,,False,,False,False
KGZ,Kyrgyz Republic,1993,292085078.1,51.84300828308076,545.986520084351,True,,True,True
KGZ,Kyrgyz Republic,1994,446758489.5,0.5295491724744839,4.552019065854981,True,,False,False
KGZ,Kyrgyz Republic,1995,609470825.3,0.36420647760292857,2.8074038899053613,True,29.673684917308687,True,True
KGZ,Kyrgyz Republic,1996,1136989888.4,0.865536201573454,8.097189720921708,True,25.629137613965533,True,True
KGZ,Kyrgyz Republic,1997,1340946373.3,0.179382848502736,0.8572354324916934,False,22.969534294063973,True,False
KGZ,Kyrgyz Republic,1998,1505065681.0,0.12239065705223617,0.2558817277367971,False,0.2999088188791623,False,False
KGZ,Kyrgyz Republic,1999,1852206783.5,0.23064847393859345,1.3981652159902949,False,0.30046248331093633,False,False
KGZ,Kyrgyz Republic,2000,1937816109.8,0.04622017749995999,-0.547831884706099,False,0.32958890779732153,False,False
KGZ,Kyrgyz Republic,2001,1823857616.9,-0.05880769198051583,-1.6560345490913433,False,0.11391386333713557,False,False
KGZ,Kyrgyz Republic,2002,1957506328.4,0.0732780400518116,-0.2623305647149718,False,0.10595761690143109,False,False
KGZ,Kyrgyz Republic,2003,2148372909.4,0.09750496242635798,-0.006699939642473672,False,0.10419972586187067,False,False
KGZ,Kyrgyz Republic,2004,2560865743.3,0.19200243686520957,0.9903911512158363,False,0.09056593832939684,False,False
KGZ,Kyrgyz Republic,2005,2256599326.4,-0.11881388850471886,-2.2891905599357623,False,0.12495977195243457,False,False
KGZ,Kyrgyz Republic,2006,2596155992.5,0.15047273218932555,0.5521900375437884,False,0.11977410964480067,False,False
KGZ,Kyrgyz Republic,2007,2878747157.8,0.10884984034718026,0.11300565851133575,False,0.12041226894915179,False,False
KGZ,Kyrgyz Republic,2008,3628104689.4,0.2603068246440492,1.7111056139593117,False,0.14400089095617125,False,False
KGZ,Kyrgyz Republic,2009,4118812292.1,0.1352517759847638,0.39158595879950686,False,0.1389119596218787,False,False
KGZ,Kyrgyz Republic,2010,4118497688.0,-7.638223781236686e-05,-1.036330519469013,False,0.0932592619112858,False,False
KGZ,Kyrgyz Republic,2011,5493240304.9,0.3337971078399691,2.4865391064884945,False,0.1311767783082102,False,False
KGZ,Kyrgyz Republic,2012,6035834629.0,0.09877491134258287,0.006699939642473672,False,0.13237722607902302,False,False
KGZ,Kyrgyz Republic,2013,6815197401.3,0.12912261852825524,0.3269140897295347,False,0.1214672008411616,False,False
KGZ,Kyrgyz Republic,2014,7285152487.5,0.06895692942222853,-0.3079248087617631,False,0.12557835613344778,False,False
KGZ,Kyrgyz Republic,2015,7720114040.8,0.05970520919724276,-0.40554443157418263,False,0.11275073982446719,False,False
KGZ,Kyrgyz Republic,2016,7973634965.0,0.03283901285138646,-0.6890233835861508,False,0.03708449138615829,False,False
KGZ,Kyrgyz Republic,2017,8129210633.4,0.019511260433026312,-0.8296513027599206,False,0.04246988157604109,False,False
KGZ,Kyrgyz Republic,2018,8163747921.3,0.0042485413968853525,-0.9906960424588351,False,0.027076678661655005,False,False
KGZ,Kyrgyz Republic,2019,8454325248.7,0.0355936182989991,-0.6599581353670397,False,0.020580203360398536,False,False
KGZ,Kyrgyz Republic,2020,8675596842.8,0.02617259066701072,-0.7593642070569672,False,0.012519929648078893,False,False
KGZ,Kyrgyz Republic,2021,9060599704.3,0.04437768011540544,-0.5672730151487743,False,0.015370704790864118,False,False
KGZ,Kyrgyz Republic,2022,9745837593.4,0.07562831506338363,-0.23753161332477563,False,0.026164084384959096,False,False
KGZ,Kyrgyz Republic,2023,10168018289.8,0.04331907774513977,-0.5784428691413951,False,0.018602796545863633,False,False
KGZ,Kyrgyz Republic,2024,11689916629.6,0.14967501989317689,0.543772967899534,False,0.04910589899880494,False,False
KHM,Cambodia,1981,163589000.0,,,False,,False,False
KHM,Cambodia,1982,163609000.0,0.00012225760900785865,-0.6744904417402299,False,,False,False
KHM,Cambodia,1983,163629000.0,0.0001222426639120311,-0.6744906006278336,False,,False,False
KHM,Cambodia,1984,163649000.0,0.00012222772246972546,-0.6744907594765952,False,1.4943269103807597e-08,False,False
KHM,Cambodia,1985,163669000.0,0.00012221278467938745,-0.6744909182865312,False,1.928931978993434e-08,False,False
KHM,Cambodia,1986,186616660.8,0.14020774123383184,0.8148172928230024,False,0.06264814283305158,False,False
KHM,Cambodia,1987,190280363.0,0.019632235322903036,-0.4670716574479264,False,0.06105416738497297,False,False
KHM,Cambodia,1988,189218800.8,-0.005578937223280289,-0.735102243479222,False,0.06184739509800339,False,False
KHM,Cambodia,1989,253725961.9,0.3409130637509039,2.9486000478815324,True,0.14767599989124208,False,False
KHM,Cambodia,1990,264873693.3,0.043936108534268214,-0.2086869525025514,False,0.1415087404730491,False,False
KHM,Cambodia,1991,1698280868.8,5.411663036980048,56.85787715322341,True,2.3797127542317993,True,True
KHM,Cambodia,1992,1674463038.5,-0.014024670911372605,-0.8248923928955902,False,2.383796454358925,True,False
KHM,Cambodia,1993,1657688468.3,-0.010017880248361255,-0.7822945150085405,False,2.384337684927118,True,False
KHM,Cambodia,1994,1743207879.7,0.05158955559828571,-0.12731993563848812,False,2.4123643691753083,True,False
KHM,Cambodia,1995,1854015535.6,0.06356537117022976,0.0,False,2.410237979200154,True,False
KHM,Cambodia,1996,1916699701.0,0.03380994613926691,-0.3163424467485401,False,0.03542980080889267,False,False
KHM,Cambodia,1997,1931499360.0,0.007721428136227448,-0.5937004615823746,False,0.03042533632586736,False,False
KHM,Cambodia,1998,2001835074.1,0.03641508537698912,-0.28864611508047916,False,0.021054696178685276,False,False
KHM,Cambodia,1999,2067765596.3,0.03293504197874131,-0.32564392110231416,False,0.019797237619935987,False,False
KHM,Cambodia,2000,2108290127.2,0.019598222822022837,-0.4674332586597149,False,0.012171760171147168,False,False
KHM,Cambodia,2001,2178847689.5,0.033466723289031775,-0.319991393322498,False,0.012118229874914708,False,False
KHM,Cambodia,2002,2391328664.2,0.097519884351696,0.3609847201578696,False,0.030621634706858462,False,False
KHM,Cambodia,2003,2681720223.1,0.12143523525117295,0.6152388808871485,False,0.04540360546952707,False,False
KHM,Cambodia,2004,2890524251.2,0.07786197318474475,0.15199319306498357,False,0.04283618432295719,False,False
KHM,Cambodia,2005,2934613692.7,0.015253095171817499,-0.5136281394544059,False,0.04413801690632615,False,False
KHM,Cambodia,2006,3033315872.6,0.03363378973713882,-0.3182152395989744,False,0.044104341504123755,False,False
KHM,Cambodia,2007,2248479410.3,-0.25873878463810596,-3.4265511294002975,True,0.14924507556990993,False,False
KHM,Cambodia,2008,2648360714.7,0.17784521511213036,1.2149571182062981,False,0.16246577586447086,False,False
KHM,Cambodia,2009,3303650951.5,0.24743239588276023,1.954767724319549,False,0.19485873797195677,False,False
KHM,Cambodia,2010,4010466367.2,0.2139497864866975,1.5988000119156973,False,0.20760764667547693,False,False
KHM,Cambodia,2011,4655287804.0,0.1607846513995821,1.033579085053658,False,0.20786313748058033,False,False
KHM,Cambodia,2012,6749242998.3,0.4498014478290244,4.106238287158022,True,0.11661101308542934,False,False
KHM,Cambodia,2013,7619793338.0,0.12898488614490167,0.6955023969799033,False,0.12584687808622216,False,False
KHM,Cambodia,2014,8320161444.1,0.09191431775547731,0.3013895824438403,False,0.1418150160198034,False,False
KHM,Cambodia,2015,9438769397.9,0.13444546254486767,0.7535560828951632,False,0.1455416803194907,False,False
KHM,Cambodia,2016,10063760399.9,0.06621530579389434,0.028172570269166843,False,0.15653481192293167,False,False
KHM,Cambodia,2017,11434259074.2,0.13618156830458905,0.7720133539061808,False,0.031127504392516485,False,False
KHM,Cambodia,2018,13548715757.7,0.18492292939828614,1.2902032775987378,False,0.04563352380102134,False,False
KHM,Cambodia,2019,15362550605.3,0.13387503878876195,0.7474916678682495,False,0.04228369257317586,False,False
KHM,Cambodia,2020,17593817433.3,0.14524064950713478,0.8683242588898925,False,0.04276825756409624,False,False
KHM,Cambodia,2021,20050196516.8,0.1396160380095104,0.8085266468135412,False,0.021097346051041303,False,False
KHM,Cambodia,2022,22473750966.3,0.1208743489107107,0.6092758621399778,False,0.02412805776341718,False,False
KHM,Cambodia,2023,22533630678.5,0.002664428928210061,-0.6474635485154294,False,0.05982528274594326,False,False
KHM,Cambodia,2024,20977325204.1,-0.0690658996148773,-1.410058860589943,False,0.09610720498131739,False,False
LAO,Lao PDR,1970,8345623.6,,,False,,False,False
LAO,Lao PDR,1971,15632737.7,0.8731659189614063,6.888208864309541,True,,False,False
LAO,Lao PDR,1972,18801080.7,0.20267358544626513,0.8124755521480869,False,,False,False
LAO,Lao PDR,1973,32604009.3,0.7341561275251589,5.628557741800843,True,0.353873184430141,False,False
LAO,Lao PDR,1974,41034885.7,0.2585840386200602,1.3191137131918755,False,0.33644750235808635,False,False
LAO,Lao PDR,1975,44232232.2,0.07791776303156617,-0.3180118050410139,False,0.3513997581829245,False,False
LAO,Lao PDR,1976,108234666.2,1.4469636917849242,12.087734747791059,True,0.5627391509367156,True,True
LAO,Lao PDR,1977,172945523.8,0.5978755224358978,4.393637414223905,True,0.5295792381636024,False,False
LAO,Lao PDR,1978,255345603.0,0.4764510661478014,3.293337564242071,True,0.5286081843195887,False,False
LAO,Lao PDR,1979,310865806.9,0.2174316034727255,0.94620680791765,False,0.5349814445432943,False,False
LAO,Lao PDR,1980,352946306.8,0.13536548235919876,0.20255644694290947,False,0.5224196977520972,False,False
LAO,Lao PDR,1981,392654370.5,0.11250454512476571,-0.004600221313522526,False,0.21715624361110464,False,False
LAO,Lao PDR,1982,431285785.2,0.09838529149900288,-0.13254324960612926,False,0.156975687310396,False,False
LAO,Lao PDR,1983,453213661.7,0.050843030891526864,-0.5633521971058703,False,0.0612226578526738,False,False
LAO,Lao PDR,1984,520891119.9,0.14932793055298133,0.3290785671371108,False,0.03817152314397373,False,False
LAO,Lao PDR,1985,621358350.4,0.19287568296285706,0.7236908792560627,False,0.053558279810130914,False,False
LAO,Lao PDR,1986,870918488.8,0.40163641196637245,2.6153970958329977,True,0.1356116992722207,False,False
LAO,Lao PDR,1987,1163997984.1,0.3365177098304817,2.025317466230766,False,0.14205440460122323,False,False
LAO,Lao PDR,1988,1328065821.9,0.14095199479821874,0.253179187916862,False,0.1179023004793351,False,False
LAO,Lao PDR,1989,1474076595.2,0.10994242219945805,-0.02781715434769091,False,0.1268097328347488,False,False
LAO,Lao PDR,1990,1768535429.2,0.1997581638286905,0.7860571676931455,False,0.12625552092808165,False,False
LAO,Lao PDR,1991,1873131026.3,0.0591424946161887,-0.48814577683161847,False,0.10647894468925205,False,False
LAO,Lao PDR,1992,1917265365.3,0.023561800205284422,-0.8105637963916977,False,0.06895144449368842,False,False
LAO,Lao PDR,1993,1986718378.2,0.03622503914012576,-0.6958145907849523,False,0.07178298042059317,False,False
LAO,Lao PDR,1994,2071421024.2,0.04263445032241653,-0.6377350705801106,False,0.07241470308569078,False,False
LAO,Lao PDR,1995,2158263219.7,0.04192397126679692,-0.644173147572267,False,0.012836558614899555,False,False
LAO,Lao PDR,1996,2258225068.4,0.04631587462899689,-0.604375476178147,False,0.008910024276869682,False,False
LAO,Lao PDR,1997,2325961460.1,0.02999541217031676,-0.7522649783745865,False,0.006387219172226857,False,False
LAO,Lao PDR,1998,2459333771.6,0.05734072287434455,-0.504472711601241,False,0.00981071802107249,False,False
LAO,Lao PDR,1999,2559997882.5,0.040931455527693394,-0.6531669281682381,False,0.009883735413050303,False,False
LAO,Lao PDR,2000,2531032369.6,-0.011314662835468225,-1.1266003529860968,False,0.02648069473770344,False,False
LAO,Lao PDR,2001,2535319431.9,0.0016937998705555124,-1.008722867663271,False,0.028189309415651422,False,False
LAO,Lao PDR,2002,3103689448.4,0.22418083076579287,1.007365605783178,False,0.09457601129211542,False,False
LAO,Lao PDR,2003,2441524039.7,-0.2133478299645465,-2.9573440950544074,True,0.15590493862109714,False,False
LAO,Lao PDR,2004,2786769334.4,0.14140565035862673,0.25729003313140447,False,0.1672070746394459,False,False
LAO,Lao PDR,2005,3103123019.2,0.11351986721502794,0.004600221313522526,False,0.16908088307841967,False,False
LAO,Lao PDR,2006,3616433635.5,0.1654174240350723,0.4748751208612218,False,0.17236374702287197,False,False
LAO,Lao PDR,2007,4794006799.5,0.3256172469032994,1.9265418316497527,False,0.19688444930734467,False,False
LAO,Lao PDR,2008,5449173925.5,0.13666378739144291,0.21432116778975044,False,0.08535778827586603,False,False
LAO,Lao PDR,2009,6179264568.4,0.13398189393138304,0.1900189220809474,False,0.0861819728237399,False,False
LAO,Lao PDR,2010,6347798321.4,0.027274079485423153,-0.7769246065621301,False,0.10755430102760534,False,False
LAO,Lao PDR,2011,6873148518.7,0.08276100951867282,-0.27412424279783076,False,0.11233500394596087,False,False
LAO,Lao PDR,2012,7213688301.6,0.0495464024927561,-0.5751017249708719,False,0.04913542700392419,False,False
LAO,Lao PDR,2013,7979679310.9,0.10618576479525754,-0.06185848098511703,False,0.04276328458506728,False,False
LAO,Lao PDR,2014,9429589096.3,0.18170025748020557,0.6224236439894714,False,0.05977681646238767,False,False
LAO,Lao PDR,2015,11488789693.8,0.21837649302322126,0.9547690190441561,False,0.0702292909016646,False,False
LAO,Lao PDR,2016,13528101907.2,0.1775045298723268,0.5844036388056701,False,0.06780795406682201,False,False
LAO,Lao PDR,2017,15074137638.9,0.11428327065433774,0.011517877899566811,False,0.04788098703428046,False,False
LAO,Lao PDR,2018,15955637285.6,0.058477616950054934,-0.49417063227398106,False,0.06342073443375977,False,False
LAO,Lao PDR,2019,19038674475.5,0.19322557505631233,0.7268614614411311,False,0.06504644150952311,False,False
LAO,Lao PDR,2020,20435014770.0,0.07334230627751359,-0.35947276384603144,False,0.06042910888481726,False,False
LAO,Lao PDR,2021,18711936672.3,-0.08431988511354527,-1.7881444733062253,False,0.10136455974381518,False,False
LAO,Lao PDR,2022,18494671983.0,-0.011611020981148634,-1.1292858319513834,False,0.10353840832402067,False,False
LAO,Lao PDR,2023,18056503647.6,-0.023691598088506738,-1.2387551891571706,False,0.1074739254732655,False,False
LAO,Lao PDR,2024,17836681019.8,-0.012174152432285368,-1.134388703894542,False,0.056235825584397284,False,False
LBN,Lebanon,1970,64232860.3,,,False,,False,False
LBN,Lebanon,1971,68095825.7,0.06014001839491501,-0.027379097989299026,False,,False,False
LBN,Lebanon,1972,61559341.9,-0.09598949322968564,-0.8875633009371054,False,,False,False
LBN,Lebanon,1973,56393232.9,-0.08392079643073636,-0.8210716926011757,False,0.08686732816081458,False,False
LBN,Lebanon,1974,49284347.8,-0.12605918714761255,-1.0532300952960583,False,0.08297869747711671,False,False
LBN,Lebanon,1975,45669452.4,-0.0733477373926007,-0.7628201918643618,False,0.07205813187463955,False,False
LBN,Lebanon,1976,39041939.1,-0.14511917598556534,-1.158239719268937,False,0.029918062677146227,False,False
LBN,Lebanon,1977,53177398.0,0.36205832051000764,1.6360178559745622,False,0.21188311836436968,False,False
LBN,Lebanon,1978,184818036.2,2.4754998016262473,13.279870174438853,True,1.1245525941047325,True,True
LBN,Lebanon,1979,277528704.6,0.5016321475230567,2.404989717170581,False,1.0711532242473907,False,False
LBN,Lebanon,1980,510292638.8,0.8387021967168435,4.262052668219039,True,0.9978287897241629,True,True
LBN,Lebanon,1981,621064003.1,0.2170741960152296,0.837238353810439,False,0.9217126037135566,False,False
LBN,Lebanon,1982,725432305.3,0.16804757912075474,0.5671297693552471,False,0.9524849761861435,False,False
LBN,Lebanon,1983,920213723.7,0.2685039210094855,1.12058668777806,False,0.27718965019323877,False,False
LBN,Lebanon,1984,866303195.4,-0.05858479058890398,-0.6814848088393256,False,0.3328607992930985,False,False
LBN,Lebanon,1985,876001128.7,0.011194617948421914,-0.29704022632395033,False,0.13920196315871095,False,False
LBN,Lebanon,1986,866474229.6,-0.010875441580923684,-0.41863361611759076,False,0.1372862652809679,False,False
LBN,Lebanon,1987,963318056.5,0.1117676944006829,0.25705983269695865,False,0.1299274533516052,False,False
LBN,Lebanon,1988,993309402.4,0.031133378739901074,-0.18718907210767682,False,0.06265868852571795,False,False
LBN,Lebanon,1989,1031127296.3,0.03807262249670207,-0.14895781270070194,False,0.0463168516304427,False,False
LBN,Lebanon,1990,1787046993.9,0.7331002683300802,3.6802465147640215,True,0.31197419518855574,False,False
LBN,Lebanon,1991,1562589912.9,-0.12560222633549845,-1.0507125028956423,False,0.333086030870558,False,False
LBN,Lebanon,1992,1814004853.0,0.16089630300595026,0.5277303330740185,False,0.3321157504768771,False,False
LBN,Lebanon,1993,1352746947.0,-0.2542760044093443,-1.7596313362476717,False,0.3821722066248484,False,False
LBN,Lebanon,1994,2126701899.6,0.5721357969547869,2.7934244522843534,True,0.4286914943509413,False,False
LBN,Lebanon,1995,2975570831.6,0.39914805744973436,1.8403610674216904,False,0.3463331958352461,False,False
LBN,Lebanon,1996,4019242812.7,0.35074681133999586,1.5736979178776682,False,0.3155586854660515,False,False
LBN,Lebanon,1997,5093689592.1,0.2673256703986544,1.1140952016265664,False,0.3119748666255545,False,False
LBN,Lebanon,1998,6973464912.7,0.3690400222886403,1.6744830347686406,False,0.11210727044805606,False,False
LBN,Lebanon,1999,8493083054.7,0.2179143597944384,0.8418671751219537,False,0.07551040016666637,False,False
LBN,Lebanon,2000,10075046219.9,0.18626488814619035,0.6674967101138648,False,0.08018666770730244,False,False
LBN,Lebanon,2001,13544184075.4,0.344329721152826,1.5383434256330057,False,0.07877534507435853,False,False
LBN,Lebanon,2002,17509147494.3,0.2927428774466727,1.2541294575353903,False,0.07881708716954411,False,False
LBN,Lebanon,2003,19045277128.2,0.08773297697104221,0.12464230291565322,False,0.09901812312673577,False,False
LBN,Lebanon,2004,22804031551.0,0.1973588726222566,0.7286182117105992,False,0.09985043670486042,False,False
LBN,Lebanon,2005,22787014776.3,-0.0007462178195090097,-0.36282739359739175,False,0.14239662461243244,False,False
LBN,Lebanon,2006,24225274178.3,0.0631174998620656,-0.010974880132197565,False,0.11657360439169308,False,False
LBN,Lebanon,2007,25926510953.0,0.07022569743395923,0.02818721804611659,False,0.07188677290528706,False,False
LBN,Lebanon,2008,44012127490.2,0.6975723254851336,3.4845078944323586,True,0.28430215746175885,False,False
LBN,Lebanon,2009,46139751147.2,0.04834175892709913,-0.09238075149409053,False,0.2930459696335513,False,False
LBN,Lebanon,2010,47828988866.1,0.03661133137694672,-0.15700868997586923,False,0.28785276992157666,False,False
LBN,Lebanon,2011,49669741104.3,0.0384861206945708,-0.14667967441631866,False,0.2906185356984482,False,False
LBN,Lebanon,2012,55735120974.3,0.12211418330656265,0.31406306174830845,False,0.2866968325203657,False,False
LBN,Lebanon,2013,62119370082.4,0.11454625012913922,0.27236808364681725,False,0.042593611981162634,False,False
LBN,Lebanon,2014,64468852046.2,0.037822050685373254,-0.15033831989352087,False,0.04428196420369594,False,False
LBN,Lebanon,2015,68232175837.7,0.058374295059621994,-0.037107222441819535,False,0.041148677541306286,False,False
LBN,Lebanon,2016,69523800483.9,0.018929846957721486,-0.2544235439892142,False,0.04603899451797263,False,False
LBN,Lebanon,2017,74188954317.3,0.06710153646563599,0.010974880132197565,False,0.036072515869705474,False,False
LBN,Lebanon,2018,79671964766.9,0.0739060214563696,0.04846369590648741,False,0.02258440562278979,False,False
LBN,Lebanon,2019,73914514299.2,-0.07226444690481582,-0.7568518816128272,False,0.06059456224732895,False,False
LBN,Lebanon,2020,68899942020.6,-0.0678428631527146,-0.7324914871173072,False,0.07083292515576173,False,False
LBN,Lebanon,2021,66924113512.2,-0.028676780421807435,-0.5167087993607612,False,0.0715149829650307,False,False
LBN,Lebanon,2022,67100895977.6,0.0026415361537479587,-0.3441628091703554,False,0.060030667629536995,False,False
LBN,Lebanon,2023,66329049009.2,-0.011502781850448951,-0.4220899017621404,False,0.03344727460163533,False,False
LBN,Lebanon,2024,67389006707.2,0.015980293910937693,-0.2706738922430431,False,0.032485304458303464,False,False
LBR,Liberia,1970,162259998.9,,,False,,False,False
LBR,Liberia,1971,162113449.0,-0.0009031794711790164,-0.8508508723817496,False,,False,False
LBR,Liberia,1972,159380853.7,-0.016856067876268588,-1.0371857579618362,False,,False,False
LBR,Liberia,1973,159153116.1,-0.0014288893221054977,-0.8569913331204744,False,0.009062457884542435,False,False
LBR,Liberia,1974,161975660.1,0.017734770572927605,-0.6331536002182967,False,0.014153662672291272,False,False
LBR,Liberia,1975,178684388.9,0.10315580001146119,0.3645915944064127,False,0.04789036602632102,False,False
LBR,Liberia,1976,208531898.6,0.16704038827199397,1.1107842048969068,False,0.07842593318579558,False,False
LBR,Liberia,1977,292114656.3,0.4008152146560853,3.841349631022928,True,0.16204320463419075,False,False
LBR,Liberia,1978,443069267.3,0.5167649337148306,5.195679773955635,True,0.20970548369365363,False,False
LBR,Liberia,1979,596483370.2,0.3462530900301062,3.2040464047341612,True,0.1699149709235296,False,False
LBR,Liberia,1980,685684429.8,0.14954492288710575,0.9064315223053676,False,0.15677344504819593,False,False
LBR,Liberia,1981,813444164.0,0.18632439158238578,1.336027587732925,False,0.15236538870447475,False,False
LBR,Liberia,1982,902588449.9,0.10958869685860817,0.43972990588480376,False,0.168527028647947,False,False
LBR,Liberia,1983,1006557608.5,0.1151899945224415,0.5051548704923042,False,0.09715472581222914,False,False
LBR,Liberia,1984,1080098563.2,0.07306184373251412,0.013084471840400815,False,0.04295136346783227,False,False
LBR,Liberia,1985,1250201170.0,0.15748804099510894,0.9992097055547212,False,0.044136170236318814,False,False
LBR,Liberia,1986,1549811064.4,0.23964934731264087,1.9588802820067854,False,0.06374143127137571,False,False
LBR,Liberia,1987,1847224451.6,0.19190299645663034,1.4011874932336266,False,0.06486752004526551,False,False
LBR,Liberia,1988,1817042772.2,-0.016338934542501127,-1.0311454737117147,False,0.1015677116517576,False,False
LBR,Liberia,1989,1877358632.2,0.03319451854563238,-0.45257875405615144,False,0.10840653188646163,False,False
LBR,Liberia,1990,2062086288.1,0.0983976384328471,0.30901473140774993,False,0.10666564156562014,False,False
LBR,Liberia,1991,2187238147.0,0.06069186319807929,-0.131400893378881,False,0.07826038605282724,False,False
LBR,Liberia,1992,2176746977.1,-0.004796537548684254,-0.8963265513605352,False,0.04716745705776903,False,False
LBR,Liberia,1993,2237489926.6,0.027905379053713153,-0.5143576104624595,False,0.038698751753134024,False,False
LBR,Liberia,1994,2367418669.1,0.05806897316290249,-0.1620370955626744,False,0.038709312342464726,False,False
LBR,Liberia,1995,2489150432.9,0.05141961807975348,-0.2397037091023672,False,0.027518410170564032,False,False
LBR,Liberia,1996,2423875945.1,-0.02622360100749388,-1.1466015684314723,False,0.03620185960082447,False,False
LBR,Liberia,1997,2406199569.2,-0.007292607501524162,-0.9254814540497517,False,0.036665496188428764,False,False
LBR,Liberia,1998,2561185367.6,0.06441103239476065,-0.08795979674991523,False,0.04172565933322594,False,False
LBR,Liberia,1999,2588479114.5,0.010656685472780092,-0.7158279187348937,False,0.0384657523955895,False,False
LBR,Liberia,2000,2836274327.3,0.09573004140227148,0.277856337087916,False,0.0509857857751041,False,False
LBR,Liberia,2001,3035970627.4,0.07040796377764402,-0.017913702607822466,False,0.04328389200646647,False,False
LBR,Liberia,2002,3293838967.0,0.08493769250357919,0.15179821857587147,False,0.03287998759121163,False,False
LBR,Liberia,2003,3632799616.2,0.10290747440781,0.36169107120534866,False,0.03690190336356633,False,False
LBR,Liberia,2004,3862478049.5,0.06322353489462484,-0.1018301508322424,False,0.016664409536378606,False,False
LBR,Liberia,2005,3950580336.9,0.022809783323274768,-0.5738758132658273,False,0.02988524326393447,False,False
LBR,Liberia,2006,4191788049.1,0.06105627316245754,-0.12714446737674073,False,0.030056078864149377,False,False
LBR,Liberia,2007,3777967270.2,-0.09872178031254464,-1.993403702473943,False,0.07746687335603769,False,False
LBR,Liberia,2008,3160827104.1,-0.1633524384840236,-2.7483106503283556,True,0.10250742196380395,False,False
LBR,Liberia,2009,1850279323.4,-0.41462178649381065,-5.683217735633937,True,0.18861330810011376,False,False
LBR,Liberia,2010,418851731.0,-0.7736278378605373,-9.876524289614192,True,0.325789908799753,False,False
LBR,Liberia,2011,448515402.8,0.07082141389073082,-0.013084471840400815,False,0.3283487279605998,False,False
LBR,Liberia,2012,487153043.1,0.08614562634592304,0.16590727573129216,False,0.3619742569111297,False,False
LBR,Liberia,2013,531077326.6,0.09016526556108051,0.21285795915678626,False,0.39173888389090405,False,False
LBR,Liberia,2014,681673142.7,0.28356664567875,2.471848501819862,False,0.41463046861151626,False,False
LBR,Liberia,2015,837371678.4,0.22840643990065757,1.8275594946357003,False,0.09733686609365359,False,False
LBR,Liberia,2016,949982627.2,0.13448143961015058,0.7304851756893217,False,0.08778818210246855,False,False
LBR,Liberia,2017,1118118332.9,0.1769881899793968,1.22697773962576,False,0.07613062449561549,False,False
LBR,Liberia,2018,1157314862.2,0.03505579699989192,-0.43083842095782154,False,0.09462371682810938,False,False
LBR,Liberia,2019,1266409762.3,0.09426553106957924,0.2607503837117236,False,0.07437984715447644,False,False
LBR,Liberia,2020,1459851173.9,0.15274788410402018,0.9438431431176086,False,0.055675894705209575,False,False
LBR,Liberia,2021,1848155520.1,0.26598899472926596,2.266535865307351,False,0.08715406549939637,False,False
LBR,Liberia,2022,1921937046.9,0.039921708967440184,-0.37400299863852465,False,0.09571654405065531,False,False
LBR,Liberia,2023,2105650856.5,0.09558783930843218,0.2761953707342404,False,0.08600185703451685,False,False
LBR,Liberia,2024,2234742478.9,0.0613072304943163,-0.12421320474078655,False,0.09054025999376787,False,False
LCA,St. Lucia,1981,15516307.7,,,False,,False,False
LCA,St. Lucia,1982,17122202.7,0.10349723858595561,-0.19528489673332444,False,,False,False
LCA,St. Lucia,1983,18907707.6,0.10428009358865964,-0.1886045907256853,False,,False,False
LCA,St. Lucia,1984,20290497.8,0.07313367803508863,-0.45438508164707836,False,0.017760714480359704,False,False
LCA,St. Lucia,1985,23113174.2,0.1391132158423436,0.10863553043642954,False,0.026968811499340894,False,False
LCA,St. Lucia,1986,31803855.3,0.37600552069563875,2.130099379819587,False,0.1234245903891093,False,False
LCA,St. Lucia,1987,46728176.0,0.46926136970570353,2.925875872577021,True,0.17833167228889782,False,False
LCA,St. Lucia,1988,57458862.1,0.22964059414602445,0.8811292707191821,False,0.1640647205196191,False,False
LCA,St. Lucia,1989,65679760.2,0.1430745023403448,0.14243822173836126,False,0.146460326845498,False,False
LCA,St. Lucia,1990,79175705.0,0.20548103036466325,0.6749694090422358,False,0.13394454256708685,False,False
LCA,St. Lucia,1991,82343009.7,0.04000349223287625,-0.737093601723297,False,0.1586819157941782,False,False
LCA,St. Lucia,1992,97981226.6,0.18991553693476404,0.5421449921164168,False,0.07497622793597464,False,False
LCA,St. Lucia,1993,100852543.2,0.029304762755439917,-0.8283886519629445,False,0.08267494368123901,False,False
LCA,St. Lucia,1994,113598527.8,0.12638238159967385,0.0,False,0.08192237694738597,False,False
LCA,St. Lucia,1995,128275618.8,0.1292014191050106,0.024055582601649188,False,0.06742978064682081,False,False
LCA,St. Lucia,1996,141571045.9,0.10364734330948333,-0.1940040139607884,False,0.05790887366653338,False,False
LCA,St. Lucia,1997,152941378.9,0.08031538460224086,-0.393101705594123,False,0.04108925739295074,False,False
LCA,St. Lucia,1998,184359352.2,0.20542493814275375,0.6744907594765952,False,0.04706541320528043,False,False
LCA,St. Lucia,1999,188238652.5,0.021042058640950323,-0.8988964621509287,False,0.06761685930409264,False,False
LCA,St. Lucia,2000,227013639.5,0.205988443314,0.6792992961376751,False,0.08104392856690171,False,False
LCA,St. Lucia,2001,258544438.3,0.13889385179431035,0.10676363977612224,False,0.08043958163385996,False,False
LCA,St. Lucia,2002,293240194.2,0.13419648911473026,0.06667981835316274,False,0.07552258297923996,False,False
LCA,St. Lucia,2003,338775693.7,0.15528396311504022,0.24662473633111323,False,0.06777946596939387,False,False
LCA,St. Lucia,2004,362713778.4,0.0706605731909391,-0.475488730586957,False,0.04854350585386527,False,False
LCA,St. Lucia,2005,422787032.2,0.16562164819046754,0.33483890048146653,False,0.03702396709522418,False,False
LCA,St. Lucia,2006,375696061.0,-0.1113822506687564,-2.028907646832017,False,0.11468329501815207,False,False
LCA,St. Lucia,2007,481016076.9,0.280333032025055,1.3137010702675973,False,0.1455105811963145,False,False
LCA,St. Lucia,2008,837871627.4,0.7418786349093023,5.252190130307163,True,0.3204009006897637,False,False
LCA,St. Lucia,2009,438816167.0,-0.47627279328971817,-5.142613857537655,True,0.45376206212192305,False,False
LCA,St. Lucia,2010,584783262.7,0.33263837268785057,1.7600361901229749,False,0.46398894164662075,False,False
LCA,St. Lucia,2011,455833314.8,-0.22050895797637204,-2.9601143146094886,True,0.4817852230277247,False,False
LCA,St. Lucia,2012,432702877.7,-0.05074319131358063,-1.511458730865753,False,0.4789786737013806,False,False
LCA,St. Lucia,2013,479336037.4,0.10777178083001226,-0.1588091124127959,False,0.3088017125260563,False,False
LCA,St. Lucia,2014,537109187.7,0.12052745003979148,-0.04996165872185831,False,0.20688490125577264,False,False
LCA,St. Lucia,2015,529980934.5,-0.013271516040387454,-1.19170314831319,False,0.13864035370411423,False,False
LCA,St. Lucia,2016,543662556.6,0.025815309965645516,-0.8581650631176544,False,0.07471858612445201,False,False
LCA,St. Lucia,2017,621896095.4,0.14390091399573857,0.14949020802859536,False,0.06724224803751817,False,False
LCA,St. Lucia,2018,615495530.0,-0.010292017343963455,-1.1662783084990165,False,0.07409313188424191,False,False
LCA,St. Lucia,2019,638927013.2,0.03806929873235654,-0.7535985795503893,False,0.06387034772373194,False,False
LCA,St. Lucia,2020,733837563.5,0.148546779740381,0.18913459266868848,False,0.0725370084760099,False,False
LCA,St. Lucia,2021,892737914.9,0.2165334118931348,0.7692822645114397,False,0.09164281369309982,False,False
LCA,St. Lucia,2022,909317236.5,0.01857132011902629,-0.919979918645815,False,0.09617461324354683,False,False
LCA,St. Lucia,2023,1086264196.2,0.19459320971532024,0.5820607944933398,False,0.09033957139938115,False,False
LCA,St. Lucia,2024,1193706001.5,0.09890946021774072,-0.23443360663368087,False,0.07943519308420291,False,False
LKA,Sri Lanka,1970,435678442.4,,,False,,False,False
LKA,Sri Lanka,1971,520236827.6,0.19408439108025988,1.1522068724327585,False,,False,False
LKA,Sri Lanka,1972,554360219.3,0.06559203403077163,-0.36909568887014554,False,,False,False
LKA,Sri Lanka,1973,631606118.9,0.13934242918357254,0.5040820441824536,False,0.06448008607007519,False,False
LKA,Sri Lanka,1974,783763828.0,0.2409060085817354,1.7065577168328323,False,0.07538153133455126,False,False
LKA,Sri Lanka,1975,817840849.6,0.04347868628609386,-0.630909646800759,False,0.08352454323498834,False,False
LKA,Sri Lanka,1976,941714519.8,0.15146427359379966,0.647600253144029,False,0.07820721441182818,False,False
LKA,Sri Lanka,1977,1141630267.8,0.21228912138092326,1.367744227884657,False,0.07636327220198443,False,False
LKA,Sri Lanka,1978,1381702821.7,0.21028923345089345,1.3440662854752004,False,0.07870239226660124,False,False
LKA,Sri Lanka,1979,1562193769.5,0.13062935456549907,0.4009224241266607,False,0.06935091669315252,False,False
LKA,Sri Lanka,1980,1849029664.4,0.18361095819234108,1.0282052536291724,False,0.036046339829267714,False,False
LKA,Sri Lanka,1981,2241837854.3,0.21244017738756193,1.3695326758132065,False,0.03527606490072024,False,False
LKA,Sri Lanka,1982,2632029310.2,0.17404981147569853,0.9150047697792336,False,0.03328446009213381,False,False
LKA,Sri Lanka,1983,2890238573.3,0.09810273088500665,0.015819083726338525,False,0.04527273221324517,False,False
LKA,Sri Lanka,1984,2998355044.3,0.037407455563972736,-0.7027908003565808,False,0.07173422998338612,False,False
LKA,Sri Lanka,1985,3544639145.8,0.1821946011825748,1.0114361041158912,False,0.07152699740939203,False,False
LKA,Sri Lanka,1986,4086689689.8,0.15292122038494926,0.6648499708389444,False,0.06077662032003773,False,False
LKA,Sri Lanka,1987,4754428931.3,0.163393673653915,0.7888399913120414,False,0.05895875067366306,False,False
LKA,Sri Lanka,1988,5209633062.8,0.09574317716755387,-0.012117170198166757,False,0.05925460992829711,False,False
LKA,Sri Lanka,1989,5185722277.5,-0.0045897254205363724,-1.2000220790592373,False,0.07570437286295016,False,False
LKA,Sri Lanka,1990,5867509111.8,0.13147384256541494,0.41092085350224433,False,0.06794087243636265,False,False
LKA,Sri Lanka,1991,6580740209.6,0.1215560273039269,0.293497544394297,False,0.06406963393645251,False,False
LKA,Sri Lanka,1992,6476089777.8,-0.01590253200503733,-1.3339615757555054,False,0.07061921793146445,False,False
LKA,Sri Lanka,1993,6902629411.0,0.06586376159610619,-0.365878533775381,False,0.068674147687189,False,False
LKA,Sri Lanka,1994,7960615109.6,0.15327285235884158,0.6690131649370366,False,0.06802457863312997,False,False
LKA,Sri Lanka,1995,8395502196.9,0.05462983466887539,-0.4988841241491622,False,0.06529142502383826,False,False
LKA,Sri Lanka,1996,8298763054.9,-0.011522734403633494,-1.2821063723643984,False,0.06903602233441022,False,False
LKA,Sri Lanka,1997,8106316372.4,-0.023189803254639263,-1.420240204862283,False,0.07080996948045717,False,False
LKA,Sri Lanka,1998,9057333356.1,0.1173180196788246,0.2433210825179987,False,0.07751136202824561,False,False
LKA,Sri Lanka,1999,9943050525.0,0.09779005962096776,0.012117170198166757,False,0.06311494913873249,False,False
LKA,Sri Lanka,2000,9249848286.4,-0.06971725999551837,-1.9711082933319184,False,0.08125194431645842,False,False
LKA,Sri Lanka,2001,8952124828.1,-0.032186847727842194,-1.5267619242511505,False,0.08387514513434176,False,False
LKA,Sri Lanka,2002,10122942033.8,0.13078651473054737,0.4027831430605555,False,0.09276548922373011,False,False
LKA,Sri Lanka,2003,10725993550.0,0.05957275208990054,-0.4403617878360527,False,0.0854048508523837,False,False
LKA,Sri Lanka,2004,11600420988.8,0.08152414363515992,-0.1804653321339895,False,0.08279207096522653,False,False
LKA,Sri Lanka,2005,11300134209.5,-0.025885851866059073,-1.4521604353890718,False,0.07046857047653196,False,False
LKA,Sri Lanka,2006,11853449200.4,0.048965346839405566,-0.5659495904641946,False,0.056936962125870835,False,False
LKA,Sri Lanka,2007,14161321567.6,0.194700489974017,1.159501258236014,False,0.07970655400410029,False,False
LKA,Sri Lanka,2008,16320821885.1,0.1524928522519231,0.6597782486531474,False,0.08667773202963654,False,False
LKA,Sri Lanka,2009,19504201128.0,0.19505017978330175,1.1636414578147445,False,0.09792418397595042,False,False
LKA,Sri Lanka,2010,21684210688.5,0.11177128179684348,0.17764973255993255,False,0.06176797228914176,False,False
LKA,Sri Lanka,2011,25795379781.1,0.1895927479979853,1.099027459412177,False,0.03643628909930622,False,False
LKA,Sri Lanka,2012,35735908567.5,0.38536082316893516,3.4168499433144723,True,0.10523524195195394,False,False
LKA,Sri Lanka,2013,39316198514.4,0.10018746102781595,0.040501526937024315,False,0.11420729585490351,False,False
LKA,Sri Lanka,2014,42264361571.6,0.07498596427424697,-0.25787498696804145,False,0.12651866199418538,False,False
LKA,Sri Lanka,2015,43926833891.1,0.03933508652872009,-0.6799683540161539,False,0.1387497470684298,False,False
LKA,Sri Lanka,2016,46662738616.2,0.06228322150152321,-0.4082708203036677,False,0.14309143345723202,False,False
LKA,Sri Lanka,2017,50766665978.7,0.08794870348812389,-0.1044008907618571,False,0.023530448853659642,False,False
LKA,Sri Lanka,2018,52920652662.2,0.04242915389408752,-0.6433357268633627,False,0.020838339107171183,False,False
LKA,Sri Lanka,2019,56118735647.0,0.06043166181667892,-0.43019261048356106,False,0.019434731671512894,False,False
LKA,Sri Lanka,2020,56875086630.2,0.01347769108622865,-0.9861104687579187,False,0.027550327186694944,False,False
LKA,Sri Lanka,2021,58741883598.1,0.032822753836629026,-0.7570719937347329,False,0.02829287721586459,False,False
LKA,Sri Lanka,2022,58718751204.5,-0.0003937972734797679,-1.1503438228287777,False,0.023900855747752896,False,False
LKA,Sri Lanka,2023,60544707010.4,0.031096638951682465,-0.7775085633165401,False,0.022915333825998203,False,False
LKA,Sri Lanka,2024,56827528393.8,-0.06139560004744071,-1.8725828799610167,False,0.0385578691258144,False,False
LSO,Lesotho,1970,8122200.0,,,False,,False,False
LSO,Lesotho,1971,8628403.5,0.06232344684937585,-0.31182738288326933,False,,False,False
LSO,Lesotho,1972,9486440.3,0.09944328635071376,0.03781321946754558,False,,False,False
LSO,Lesotho,1973,8260480.3,-0.1292328799033291,-2.11614201273266,False,0.12272224588899981,False,False
LSO,Lesotho,1974,10154661.0,0.22930636369897273,1.2610244509045563,False,0.1482291582868428,False,False
LSO,Lesotho,1975,14085560.5,0.38710297665279025,2.747348302065136,True,0.19279457054418866,False,False
LSO,Lesotho,1976,16201998.2,0.150255838239451,0.5164287385006971,False,0.18907665031309343,False,False
LSO,Lesotho,1977,24589678.1,0.5176941631804404,3.9774177671443023,True,0.24640002797729849,False,False
LSO,Lesotho,1978,34003373.3,0.3828311684974841,2.707111124409922,True,0.14462801470435088,False,False
LSO,Lesotho,1979,53128547.8,0.56244932910818,4.398977326223795,True,0.16052642045244128,False,False
LSO,Lesotho,1980,71941751.0,0.35410723573362946,2.4365535657470816,False,0.16186521922649055,False,False
LSO,Lesotho,1981,84408003.0,0.1732825769003037,0.73332307004179,False,0.15331734770084277,False,False
LSO,Lesotho,1982,122070133.2,0.4461914612527915,3.3039168008808883,True,0.14230992386287794,False,False
LSO,Lesotho,1983,128672831.9,0.054089387198276606,-0.38938595034687906,False,0.20499036497501394,False,False
LSO,Lesotho,1984,138033418.7,0.07274718883372899,-0.21364367640395251,False,0.17359401801168625,False,False
LSO,Lesotho,1985,175286619.1,0.2698853708822906,1.6432477768933966,False,0.16096485970986102,False,False
LSO,Lesotho,1986,197621649.8,0.127420055305294,0.3013330643945811,False,0.16436941110575523,False,False
LSO,Lesotho,1987,258625573.6,0.30869048943644617,2.0087624237194075,False,0.11603838334564523,False,False
LSO,Lesotho,1988,287087570.2,0.11005097525282004,0.13772956574239456,False,0.10461380118127395,False,False
LSO,Lesotho,1989,328147754.2,0.14302320358695897,0.4483028314264077,False,0.09078486503569581,False,False
LSO,Lesotho,1990,395586122.4,0.20551220398996706,1.0369015978736758,False,0.0809803837798591,False,False
LSO,Lesotho,1991,447387652.9,0.13094880625670813,0.33457120940741125,False,0.08043266457754006,False,False
LSO,Lesotho,1992,494402014.6,0.10508640861062979,0.09096713103080056,False,0.04028967065041274,False,False
LSO,Lesotho,1993,542372022.5,0.09702631964153818,0.01504723482400866,False,0.042956007434544904,False,False
LSO,Lesotho,1994,622553685.7,0.1478351756243106,0.49362794123929515,False,0.043196977617243656,False,False
LSO,Lesotho,1995,684357708.7,0.09927500940020528,0.03622817882275993,False,0.022337030084226096,False,False
LSO,Lesotho,1996,701229527.2,0.02465350837071667,-0.666649498418597,False,0.04433973809535926,False,False
LSO,Lesotho,1997,672950604.0,-0.040327627550022616,-1.2787222824064848,False,0.0737927479996058,False,False
LSO,Lesotho,1998,688207826.7,0.02267212869609092,-0.6853125851190888,False,0.07339058211903725,False,False
LSO,Lesotho,1999,687190387.9,-0.001478388882728554,-0.9127920577347514,False,0.0510134018339956,False,False
LSO,Lesotho,2000,769689608.6,0.12005293169497211,0.23194037381969293,False,0.05918052319169679,False,False
LSO,Lesotho,2001,684403514.0,-0.11080582828073793,-1.9425732280766776,False,0.08487287093913601,False,False
LSO,Lesotho,2002,712577931.3,0.04116638316968069,-0.5111108008160582,False,0.08348053840813738,False,False
LSO,Lesotho,2003,705761420.2,-0.009565986821349015,-0.9889710674723485,False,0.08391814084581552,False,False
LSO,Lesotho,2004,773436561.2,0.09588954434605124,0.004339677776590497,False,0.09210349893633066,False,False
LSO,Lesotho,2005,666293758.5,-0.13852823628322686,-2.203697186661033,False,0.09934760898789385,False,False
LSO,Lesotho,2006,657437143.1,-0.013292358343470756,-1.0240706476720585,False,0.08693294372093788,False,False
LSO,Lesotho,2007,685484471.5,0.04266161213184416,-0.49702688337443296,False,0.08713322225162926,False,False
LSO,Lesotho,2008,700047301.8,0.021244580884718145,-0.698758997694094,False,0.0877783978825232,False,False
LSO,Lesotho,2009,766529460.1,0.09496809448312638,-0.004339677776590497,False,0.08753155496427455,False,False
LSO,Lesotho,2010,788060174.8,0.028088567786019647,-0.6342938562818878,False,0.03944505819928542,False,False
LSO,Lesotho,2011,813623741.4,0.032438597225761034,-0.5933198937328272,False,0.029597783252416895,False,False
LSO,Lesotho,2012,904228982.1,0.11136012396110262,0.15006074898779126,False,0.04216711021333804,False,False
LSO,Lesotho,2013,925015906.5,0.02298856242334102,-0.6823320205345934,False,0.04179658424543517,False,False
LSO,Lesotho,2014,912086478.4,-0.013977519747656375,-1.0305243459984845,False,0.04588385124643122,False,False
LSO,Lesotho,2015,952588686.1,0.0444061047490254,-0.48059509224436053,False,0.04574458227958164,False,False
LSO,Lesotho,2016,1358062674.5,0.42565484381307717,3.110477513741428,True,0.17787415069234344,False,False
LSO,Lesotho,2017,1504173109.2,0.1075874018507974,0.11452458156708328,False,0.1779178136094701,False,False
LSO,Lesotho,2018,1463408840.9,-0.027100782516768063,-1.15413548120382,False,0.1857937952373731,False,False
LSO,Lesotho,2019,1583480653.0,0.0820493964121165,-0.12602396940649907,False,0.17475680906028626,False,False
LSO,Lesotho,2020,1737618388.9,0.09734109198491114,0.01801215043837527,False,0.1700794871776042,False,False
LSO,Lesotho,2021,1833103211.3,0.05495154920663947,-0.3812650412056336,False,0.0541136517082453,False,False
LSO,Lesotho,2022,1809413920.0,-0.012923053734219314,-1.020592079667341,False,0.056072741720171716,False,False
LSO,Lesotho,2023,1775614027.3,-0.0186800224793231,-1.0748183383687113,False,0.053671211242979265,False,False
LSO,Lesotho,2024,1773147342.7,-0.0013892008973092063,-0.911951974874389,False,0.050414095280601624,False,False
MAR,Morocco,1970,984947643.2,,,False,,False,False
MAR,Morocco,1971,1127918127.3,0.14515541520105835,0.659638458618165,False,,False,False
MAR,Morocco,1972,1186041280.3,0.05153135816615939,-0.18211342519479817,False,,False,False
MAR,Morocco,1973,1287831261.9,0.08582330420594908,0.12619739889014536,False,0.04736683265395353,False,False
MAR,Morocco,1974,1514192941.5,0.17576967285763634,0.9348840511516542,False,0.056217169572466065,False,False
MAR,Morocco,1975,2659528434.8,0.7563999685306948,6.155194521135789,True,0.2911347374240609,False,False
MAR,Morocco,1976,3360845158.6,0.26369965239824156,1.7254418230109756,False,0.2859621014788782,False,False
MAR,Morocco,1977,5610354070.3,0.6693283402074555,5.372353983255353,True,0.30275523251275954,False,False
MAR,Morocco,1978,6923305124.6,0.23402285093742625,1.4586246787178916,False,0.2711066164165162,False,False
MAR,Morocco,1979,8207897716.9,0.18554614727806285,1.0227820340106508,False,0.26893274191355654,False,False
MAR,Morocco,1980,9722119760.7,0.18448354207463247,1.0132284004674732,False,0.20508709466064545,False,False
MAR,Morocco,1981,10579556345.6,0.08819440677598323,0.1475154246011656,False,0.22816083835511491,False,False
MAR,Morocco,1982,12401132803.4,0.17217890791399637,0.9026003278078578,False,0.0529284016205491,False,False
MAR,Morocco,1983,13037499587.9,0.05131521406863149,-0.18405672595564157,False,0.06239127582662912,False,False
MAR,Morocco,1984,13908382132.8,0.06679827976433916,-0.044852122680398884,False,0.06157545220584722,False,False
MAR,Morocco,1985,16056141868.2,0.15442196762303229,0.7429518526824768,False,0.053774720913491725,False,False
MAR,Morocco,1986,17926477095.7,0.11648721360666925,0.40188939858104605,False,0.05283656256833887,False,False
MAR,Morocco,1987,21029558180.4,0.1731004406573744,0.9108856120318115,False,0.05309886887499076,False,False
MAR,Morocco,1988,21117139131.0,0.0041646595638715755,-0.6079762754194412,False,0.06859151620649499,False,False
MAR,Morocco,1989,22230849930.6,0.05273966291982557,-0.1712498412524837,False,0.07070190604813037,False,False
MAR,Morocco,1990,25026523628.4,0.12575649183578252,0.48522729973645295,False,0.06622465920401101,False,False
MAR,Morocco,1991,22503101421.1,-0.10082991328593605,-1.5519577934764828,False,0.10694151187306017,False,False
MAR,Morocco,1992,22688198688.3,0.00822541141046651,-0.571467010334997,False,0.0825012311983,False,False
MAR,Morocco,1993,22114998128.9,-0.02526426038818097,-0.8725647753494034,False,0.08475500398021954,False,False
MAR,Morocco,1994,22988012254.8,0.03947611122603423,-0.2904993159909881,False,0.08336216703701009,False,False
MAR,Morocco,1995,23785013677.9,0.03467030616940736,-0.33370717930912674,False,0.05755579132098391,False,False
MAR,Morocco,1996,24233330915.5,0.018848727340298188,-0.47595527457521447,False,0.02582506767917997,False,False
MAR,Morocco,1997,23501640856.4,-0.03019354052694423,-0.9168827740994377,False,0.03310509898811818,False,False
MAR,Morocco,1998,23664365052.6,0.0069239504251756845,-0.5831681400528564,False,0.027851967592072004,False,False
MAR,Morocco,1999,23075639461.2,-0.024878148646346854,-0.869093335461576,False,0.027973414833814207,False,False
MAR,Morocco,2000,20810014284.5,-0.09818255223260375,-1.528155992696317,False,0.045616037560073056,False,False
MAR,Morocco,2001,18924527892.6,-0.09060476202096479,-1.4600258626015612,False,0.04527666577475071,False,False
MAR,Morocco,2002,18140486660.4,-0.041429896515758124,-1.017906208890899,False,0.0444818123242087,False,False
MAR,Morocco,2003,18384943689.5,0.013475770175098933,-0.5242622691521208,False,0.046610047924281535,False,False
MAR,Morocco,2004,17133015904.7,-0.06809527436926555,-1.2576483515797978,False,0.04515984035647448,False,False
MAR,Morocco,2005,16350932485.1,-0.045647737908505404,-1.0558278291497378,False,0.03884296386557185,False,False
MAR,Morocco,2006,18051337126.0,0.10399435276547786,0.2895690240926153,False,0.06919039035444845,False,False
MAR,Morocco,2007,20795268515.3,0.1520070989836988,0.7212403365327109,False,0.09483226440287584,False,False
MAR,Morocco,2008,21063731444.1,0.0129098082384691,-0.5293506998547874,False,0.0948589637902284,False,False
MAR,Morocco,2009,24783965561.5,0.1766179998673525,0.9425111598364638,False,0.09405348775000842,False,False
MAR,Morocco,2010,27347978062.1,0.10345448932446044,0.28471523882769384,False,0.06266531050590703,False,False
MAR,Morocco,2011,30016607498.1,0.09758050229308557,0.23190360252667727,False,0.06287906241328446,False,False
MAR,Morocco,2012,33925181786.7,0.13021372548004995,0.5253012394425488,False,0.05978993075313518,False,False
MAR,Morocco,2013,39430846407.3,0.16228843386060898,0.813677401052625,False,0.03496522736597762,False,False
MAR,Morocco,2014,43338961889.4,0.099113152219235,0.24568329765440697,False,0.027814009190738724,False,False
MAR,Morocco,2015,44625383212.7,0.029682790431919237,-0.37854876063488047,False,0.04917465884432681,False,False
MAR,Morocco,2016,47831451631.0,0.07184405348451062,0.0005132424699818589,False,0.051286854988632384,False,False
MAR,Morocco,2017,51358094284.0,0.07373062143726261,0.017474931361312545,False,0.04874825092870235,False,False
MAR,Morocco,2018,50686138658.3,-0.013083733636692574,-0.763052523225169,False,0.04421333082827862,False,False
MAR,Morocco,2019,55279299519.3,0.0906196641248358,0.16932034319561312,False,0.04207448164315321,False,False
MAR,Morocco,2020,66009840918.5,0.1941150031297625,1.0998226022547857,False,0.07390208543470024,False,False
MAR,Morocco,2021,65687357710.1,-0.004885380784331206,-0.6893430603350256,False,0.08416692431763123,False,False
MAR,Morocco,2022,64971802459.6,-0.010893348057292584,-0.7433592814865695,False,0.09098373068017708,False,False
MAR,Morocco,2023,69632222212.5,0.07172988244858813,-0.0005132424699818589,False,0.08361653585316738,False,False
MAR,Morocco,2024,67993946129.4,-0.023527557085574413,-0.8569504842911945,False,0.09118379923195696,False,False
MDA,Moldova,1992,38504010.0,,,False,,False,False
MDA,Moldova,1993,277649585.7,6.210926490513585,51.01324391136444,True,,True,True
MDA,Moldova,1994,502493296.4,0.8098110794335682,5.959700099570059,True,,False,False
MDA,Moldova,1995,695156112.5,0.38341370418329834,2.4028953722237945,False,3.2484295610922866,True,False
MDA,Moldova,1996,847654629.7,0.2193730508267666,1.0345460220594664,False,2.8807985973579013,True,False
MDA,Moldova,1997,1082410828.2,0.2769479340696628,1.5148083988495373,False,2.5990257902710465,True,False
MDA,Moldova,1998,1070923032.0,-0.010613157131016293,-0.883889876399234,False,0.30165147228843286,False,False
MDA,Moldova,1999,1186611253.6,0.10802664443956034,0.10574709505250945,False,0.15219185709116134,False,False
MDA,Moldova,2000,1841764696.6,0.552121380117004,3.810174811850753,True,0.21145211050605128,False,False
MDA,Moldova,2001,1790545238.9,-0.027809989948528013,-1.0273377018573724,False,0.24112828674753636,False,False
MDA,Moldova,2002,1964800771.1,0.0973198154474173,0.016435804259993532,False,0.23635772746546588,False,False
MDA,Moldova,2003,2116536512.5,0.07722703677230869,-0.15116862842489853,False,0.225002048546925,False,False
MDA,Moldova,2004,2114078919.5,-0.0011611389576724473,-0.8050456224866017,False,0.23648027096736787,False,False
MDA,Moldova,2005,2219300777.2,0.04977196297141351,-0.380185836205196,False,0.052571403972634656,False,False
MDA,Moldova,2006,2622104183.3,0.1815001419538098,0.7186281737410469,False,0.06728014156177523,False,False
MDA,Moldova,2007,3365279030.6,0.2834268950994505,1.5688528197503824,False,0.11392441051140555,False,False
MDA,Moldova,2008,3724452934.9,0.10672930863505914,0.09492533490518897,False,0.11202296181625929,False,False
MDA,Moldova,2009,3715120838.6,-0.002505628736116816,-0.8162607187264247,False,0.11239964573488134,False,False
MDA,Moldova,2010,4724734887.4,0.2717580645857165,1.4715169683993012,False,0.11947537380764153,False,False
MDA,Moldova,2011,5216932920.4,0.10417474096009105,0.07361634261291827,False,0.12229179743098818,False,False
MDA,Moldova,2012,5320130874.1,0.01978134572067458,-0.6303533452121434,False,0.10782622646067772,False,False
MDA,Moldova,2013,6204086253.4,0.1661529387563303,0.5906090815684005,False,0.11195105215915209,False,False
MDA,Moldova,2014,5851136268.3,-0.05688992233249068,-1.2699087095083457,False,0.12741565671322339,False,False
MDA,Moldova,2015,6094646557.5,0.041617606911546146,-0.4482056080557558,False,0.08472296380486947,False,False
MDA,Moldova,2016,6217992082.0,0.02023833922710616,-0.6265413220656868,False,0.08075827201914527,False,False
MDA,Moldova,2017,6967883842.8,0.12060030809154698,0.2106306354148271,False,0.08733453732296431,False,False
MDA,Moldova,2018,7285819232.0,0.04562868675380205,-0.4147470818715234,False,0.06352744156493195,False,False
MDA,Moldova,2019,7311334078.8,0.0035019873520794054,-0.7661480338393846,False,0.04487145469714209,False,False
MDA,Moldova,2020,7948372177.9,0.08713021347870842,-0.06856102394704787,False,0.04817444682832776,False,False
MDA,Moldova,2021,9067599919.5,0.14081219607606577,0.3792286214829509,False,0.05574405494116179,False,False
MDA,Moldova,2022,9752045571.4,0.07548255966036721,-0.165720229346126,False,0.05087364278356229,False,False
MDA,Moldova,2023,10662682776.4,0.09337909655289578,-0.016435804259993532,False,0.049498226819289656,False,False
MDA,Moldova,2024,10491120731.8,-0.01608995111246514,-0.929574694961931,False,0.0572434718062433,False,False
MDG,Madagascar,1970,485146240.2,,,False,,False,False
MDG,Madagascar,1971,488437476.9,0.006784009495040433,-0.505398243426568,False,,False,False
MDG,Madagascar,1972,510135605.2,0.04442355332296177,-0.11438927129806567,False,,False,False
MDG,Madagascar,1973,504986847.3,-0.010092920093239477,-0.6807199986839529,False,0.02790941264651631,False,False
MDG,Madagascar,1974,750848944.2,0.4868683178869797,4.4818373303506265,True,0.2376766705692752,False,False
MDG,Madagascar,1975,791025348.4,0.05350797189014678,-0.020018064713326972,False,0.2088054495290927,False,False
MDG,Madagascar,1976,189942758.0,-0.7598777859847405,-8.469672252464054,True,0.4507038332091308,False,False
MDG,Madagascar,1977,781578848.3,3.1148125705324334,31.781577883413835,True,1.4878323636025281,True,True
MDG,Madagascar,1978,355903317.7,-0.5446354280516678,-6.233680936557242,True,1.5581132830999898,True,True
MDG,Madagascar,1979,773090282.0,1.1721918384915355,11.601149046564709,True,1.5897749816950901,True,True
MDG,Madagascar,1980,1248330829.8,0.6147283944257367,5.810079705769764,True,1.5604507601104092,True,True
MDG,Madagascar,1981,1613368349.2,0.29242049518114066,2.4618648344981375,False,1.3704484908607706,False,False
MDG,Madagascar,1982,1932701142.1,0.1979292534518502,1.4802662404070965,False,0.627063332289285,False,False
MDG,Madagascar,1983,2040565064.6,0.05580993364695752,0.003895288342296349,False,0.4447113701795089,False,False
MDG,Madagascar,1984,2146908255.4,0.05211457975286171,-0.03449296987855939,False,0.2313721696145799,False,False
MDG,Madagascar,1985,2529331046.5,0.17812721625999295,1.2745577375666657,False,0.10208558610789546,False,False
MDG,Madagascar,1986,3007383734.1,0.1890036056219342,1.38754438385347,False,0.07395384416063615,False,False
MDG,Madagascar,1987,3683564458.8,0.2248401881784987,1.759823744466921,False,0.08041254208039646,False,False
MDG,Madagascar,1988,3683557860.6,-1.7912541164788465e-06,-0.5758908346260506,False,0.09714926639392706,False,False
MDG,Madagascar,1989,3431373376.8,-0.0684622023987761,-1.2870746660653365,False,0.13026888754196558,False,False
MDG,Madagascar,1990,3701101935.3,0.07860658951417898,0.24071263712209742,False,0.12368169883829726,False,False
MDG,Madagascar,1991,3908195316.3,0.05595451965934939,0.005397283912379886,False,0.10911139334329077,False,False
MDG,Madagascar,1992,3911346484.2,0.0008062974454876581,-0.5674962076012012,False,0.05723288855222685,False,False
MDG,Madagascar,1993,3804731531.5,-0.027257864556534228,-0.8590337243210036,False,0.06005463414658674,False,False
MDG,Madagascar,1994,4096453461.6,0.07667345979204732,0.22063080326413637,False,0.04770590467311393,False,False
MDG,Madagascar,1995,4322004158.1,0.05505999240911774,-0.003895288342296349,False,0.0435474916709612,False,False
MDG,Madagascar,1996,4145801222.5,-0.0407688028873765,-0.999388722601172,False,0.05119514437458463,False,False
MDG,Madagascar,1997,4108929981.9,-0.00889363445596314,-0.6682615202692375,False,0.05194638850361282,False,False
MDG,Madagascar,1998,4393975739.9,0.0693722597502604,0.14478411562373145,False,0.05214669587168188,False,False
MDG,Madagascar,1999,4781749985.1,0.08825133959634157,0.3409047072838295,False,0.05490542958810142,False,False
MDG,Madagascar,2000,4726029557.0,-0.011652727196868495,-0.6969236640391183,False,0.056175449518152294,False,False
MDG,Madagascar,2001,4184263804.7,-0.11463444012904223,-1.7667233913081697,False,0.08039902235033755,False,False
MDG,Madagascar,2002,4543888332.4,0.08594690595178278,0.31696567564155803,False,0.08734048981961601,False,False
MDG,Madagascar,2003,4979583730.9,0.09588602681832925,0.4202157429552433,False,0.09152952959763105,False,False
MDG,Madagascar,2004,3824731184.5,-0.2319174872457208,-2.9850889461843373,True,0.13912419428035905,False,False
MDG,Madagascar,2005,3525441335.7,-0.07825121148720049,-1.388765334775887,False,0.13948487769764634,False,False
MDG,Madagascar,2006,1526991065.5,-0.5668652744162581,-6.464610126808085,True,0.27439265469463,False,False
MDG,Madagascar,2007,2332269180.4,0.527362689339848,4.902502964109722,True,0.40486706375122933,False,False
MDG,Madagascar,2008,2533049972.1,0.0860881725777316,0.3184331885971039,False,0.4040026548764339,False,False
MDG,Madagascar,2009,2846880423.7,0.12389429938479335,0.711172666274387,False,0.3958000261213501,False,False
MDG,Madagascar,2010,2755972130.7,-0.03193259971272322,-0.9075960394423284,False,0.3935064285028869,False,False
MDG,Madagascar,2011,2867388363.7,0.040427198721962654,-0.155904399960133,False,0.2192436069160061,False,False
MDG,Madagascar,2012,2993469808.1,0.04397082934287555,-0.11909228095516262,False,0.058250909769565096,False,False
MDG,Madagascar,2013,2940581583.4,-0.017667866419393996,-0.7594104310244509,False,0.06167011575349418,False,False
MDG,Madagascar,2014,2963528296.3,0.007803460726795608,-0.49480792968402926,False,0.03390265930137122,False,False
MDG,Madagascar,2015,3007857304.8,0.014958186346776259,-0.42048285488185166,False,0.025312202126437106,False,False
MDG,Madagascar,2016,2976805934.8,-0.01032341858453445,-0.6831144745195384,False,0.02416932799992988,False,False
MDG,Madagascar,2017,3382906474.6,0.13642157019795254,0.8413090809616229,False,0.06299195982432716,False,False
MDG,Madagascar,2018,3720119522.3,0.09968145741891155,0.4596436229716283,False,0.06438924770577881,False,False
MDG,Madagascar,2019,4044792622.6,0.08727491102201679,0.3307613236405767,False,0.06118823632911994,False,False
MDG,Madagascar,2020,4841435396.1,0.19695515885012593,1.4701471026535302,False,0.07589479711422194,False,False
MDG,Madagascar,2021,5344813135.2,0.10397282993913204,0.5042234713837971,False,0.044199133535575974,False,False
MDG,Madagascar,2022,5935380471.0,0.11049354221771157,0.5719622574129128,False,0.04402439032107946,False,False
MDG,Madagascar,2023,6429471661.1,0.08324507460205921,0.2888983774896527,False,0.046438059871948156,False,False
MDG,Madagascar,2024,6653640488.3,0.034865823976840904,-0.21367734834263621,False,0.05889600191335392,False,False
MDV,Maldives,1978,8884310.1,,,False,,False,False
MDV,Maldives,1979,12814260.6,0.4423472904215715,2.564067853506187,True,,False,False
MDV,Maldives,1980,25763273.8,1.010515831088998,7.246200425851584,True,,False,False
MDV,Maldives,1981,38885616.1,0.5093429663430429,3.1161621952128487,True,0.31050446898394096,False,False
MDV,Maldives,1982,65069558.1,0.6733580337949179,4.467768689950754,True,0.2537092229527306,False,False
MDV,Maldives,1983,77220826.7,0.1867427558263992,0.45769583287056076,False,0.30473115363762165,False,False
MDV,Maldives,1984,82809472.5,0.07237226068184532,-0.4848023561395851,False,0.37792454491847444,False,False
MDV,Maldives,1985,83065918.7,0.0030968220453282402,-1.0556836430945618,False,0.2895716094650779,False,False
MDV,Maldives,1986,68684985.3,-0.17312676034966923,-2.507897407302212,True,0.3190768748652351,False,False
MDV,Maldives,1987,72836720.0,0.060446030262162775,-0.5830833905799939,False,0.13160060649596914,False,False
MDV,Maldives,1988,71359561.4,-0.020280410759847434,-1.2483294785007908,False,0.09826515132260379,False,False
MDV,Maldives,1989,66800308.7,-0.06389126573303183,-1.607715452841986,False,0.0874947593005708,False,False
MDV,Maldives,1990,77964852.9,0.16713312284438597,0.2960978302620953,False,0.1283324006318588,False,False
MDV,Maldives,1991,81242507.1,0.04204015114610682,-0.7347615634522608,False,0.08799119558764076,False,False
MDV,Maldives,1992,94898973.9,0.16809509316582893,0.30402518324500905,False,0.10638264695019294,False,False
MDV,Maldives,1993,112349106.8,0.18388115469391808,0.4341141050689628,False,0.1077010139689096,False,False
MDV,Maldives,1994,123524561.1,0.09947078902811524,-0.2614902697582254,False,0.059957679447620434,False,False
MDV,Maldives,1995,154866795.9,0.25373281654185953,1.0097439010913059,False,0.08130628315029746,False,False
MDV,Maldives,1996,168205228.4,0.08612842037884505,-0.3714413395087677,False,0.06805763626426213,False,False
MDV,Maldives,1997,171332186.7,0.018590137356277125,-0.9280071684594179,False,0.09147193191996217,False,False
MDV,Maldives,1998,193599922.6,0.1299681999564417,-0.010168855672219717,False,0.0863238020779639,False,False
MDV,Maldives,1999,219239550.1,0.13243614540577298,0.010168855672219717,False,0.08585269489401753,False,False
MDV,Maldives,2000,203023211.5,-0.073966301210723,-1.690741260152999,False,0.08728920134041653,False,False
MDV,Maldives,2001,233027776.1,0.14778883842057633,0.1366864976968718,False,0.09606012409828837,False,False
MDV,Maldives,2002,269846875.2,0.15800304889061678,0.220859210755551,False,0.09728301305259303,False,False
MDV,Maldives,2003,292920063.3,0.08550474443292733,-0.37658089450338145,False,0.09574697813764216,False,False
MDV,Maldives,2004,339659074.9,0.15956234295952365,0.23370895696169888,False,0.09945274775019669,False,False
MDV,Maldives,2005,362256384.2,0.06652938481520909,-0.5329520114851838,False,0.04407433658525331,False,False
MDV,Maldives,2006,553529541.8,0.5280049322592448,3.269950714333612,True,0.18835379245732717,False,False
MDV,Maldives,2007,771849569.6,0.39441441027709945,2.1690651679524864,False,0.20432222772609882,False,False
MDV,Maldives,2008,1146830061.3,0.48582069158155794,2.9223211058997514,True,0.2037473427075253,False,False
MDV,Maldives,2009,1382775073.4,0.20573668241007081,0.6142199555009296,False,0.19513282021213482,False,False
MDV,Maldives,2010,913686330.3,-0.33923719925511353,-3.876771325756317,True,0.3545387751576873,False,False
MDV,Maldives,2011,880681947.2,-0.03612222488779404,-1.378877843333467,False,0.3351509962347934,False,False
MDV,Maldives,2012,939044142.8,0.06626932206973701,-0.5350951224888272,False,0.3040852674732108,False,False
MDV,Maldives,2013,1024556824.2,0.09106353738070516,-0.33077229430679084,False,0.20698324668011603,False,False
MDV,Maldives,2014,1101101172.9,0.07470971535401927,-0.46553998613206876,False,0.1806546990010131,False,False
MDV,Maldives,2015,1004002006.3,-0.08818369191658149,-1.807903164329291,False,0.07909720856583023,False,False
MDV,Maldives,2016,1137521463.6,0.1329872415216109,0.014710298729638374,False,0.08425993571028154,False,False
MDV,Maldives,2017,1465514069.7,0.28833970750932236,1.2949304959633527,False,0.13480757536456967,False,False
MDV,Maldives,2018,2321198855.1,0.5838802936741261,3.730405369856896,True,0.25416162255967006,False,False
MDV,Maldives,2019,2674811758.5,0.15234063321333413,0.17419668197558633,False,0.2469907240757123,False,False
MDV,Maldives,2020,3661325289.9,0.3688160590236167,1.958115659798661,False,0.1837234145518017,False,False
MDV,Maldives,2021,4099470066.5,0.11966835555656585,-0.09504725618714085,False,0.18691467937535575,False,False
MDV,Maldives,2022,3992801782.9,-0.026020017677814145,-1.2956281206809837,False,0.23863015673332055,False,False
MDV,Maldives,2023,3999770239.2,0.0017452547556564557,-1.066821565696287,False,0.15668974577352654,False,False
MDV,Maldives,2024,4692462747.8,0.17318307482045436,0.34595394720760575,False,0.15792748953251765,False,False
MEX,Mexico,1970,7097271963.6,,,False,,False,False
MEX,Mexico,1971,7627450073.8,0.07470167592832011,0.05835097060107493,False,,False,False
MEX,Mexico,1972,8351504526.6,0.09492745882232634,0.246051197330742,False,,False,False
MEX,Mexico,1973,10667132065.7,0.27727070394616926,1.938241241678107,False,0.11157385629264104,False,False
MEX,Mexico,1974,14080544375.1,0.31999344232136906,2.3347187338751407,False,0.12494676613494068,False,False
MEX,Mexico,1975,18381411868.8,0.30544752952205756,2.1997290949212966,False,0.11956341384549378,False,False
MEX,Mexico,1976,24139106860.2,0.3132346433721407,2.2719954216632634,False,0.09489756526421843,False,False
MEX,Mexico,1977,31382393509.7,0.30006440136534485,2.149772345122046,False,0.01635485792676469,False,False
MEX,Mexico,1978,35905344399.6,0.14412383454761013,0.7026056321482016,False,0.07442744239883538,False,False
MEX,Mexico,1979,42974454788.9,0.1968818432884536,1.1922128950342612,False,0.07679806741663261,False,False
MEX,Mexico,1980,57574370375.6,0.33973474843178364,2.517922897208796,True,0.0839654623411257,False,False
MEX,Mexico,1981,78412639827.2,0.3619365581535088,2.723961137627746,True,0.0940740007484087,False,False
MEX,Mexico,1982,86274650447.2,0.1002645828188633,0.29558101723853925,False,0.11698484160791575,False,False
MEX,Mexico,1983,93158274474.3,0.07978733024612805,0.10554709020365129,False,0.13126448483206019,False,False
MEX,Mexico,1984,95016521283.5,0.019947200822323596,-0.44978398989556434,False,0.15861333286112592,False,False
MEX,Mexico,1985,97063210490.8,0.02154035087427908,-0.4349991666067194,False,0.14158928317206923,False,False
MEX,Mexico,1986,101083076236.3,0.04141492667688973,-0.2505582278378438,False,0.035941187822517644,False,False
MEX,Mexico,1987,109652607038.7,0.08477710732078592,0.1518534454706865,False,0.03115395153330775,False,False
MEX,Mexico,1988,99399530018.3,-0.0935050911902291,-1.5026490901170826,False,0.0659679137256744,False,False
MEX,Mexico,1989,94016224827.1,-0.05415825598178281,-1.1375008074313808,False,0.07253043948812066,False,False
MEX,Mexico,1990,104604453446.9,0.11262129105132868,0.4102543007905653,False,0.0888827378508987,False,False
MEX,Mexico,1991,114219780588.7,0.09192082005075441,0.21814885198887154,False,0.09484618057684863,False,False
MEX,Mexico,1992,112454855209.2,-0.015452011642846819,-0.7782973651544859,False,0.0904223985375717,False,False
MEX,Mexico,1993,131852484881.0,0.1724925939010331,0.9658746779291109,False,0.0937504822959342,False,False
MEX,Mexico,1994,139914928842.7,0.06114745557489165,-0.06743551918846619,False,0.06914533160474981,False,False
MEX,Mexico,1995,166734035992.5,0.19168152656498494,1.1439526801799622,False,0.08450443440706012,False,False
MEX,Mexico,1996,157582830604.4,-0.05488504691694529,-1.1442456055946941,False,0.10986678912312242,False,False
MEX,Mexico,1997,148844858127.8,-0.055450028680700814,-1.149488774954851,False,0.11882580618676654,False,False
MEX,Mexico,1998,171132230334.4,0.14973558701949785,0.7546840716748239,False,0.11391775941873253,False,False
MEX,Mexico,1999,185863562592.2,0.08608157697129482,0.16395924381953803,False,0.1146092424995966,False,False
MEX,Mexico,2000,178113615414.8,-0.04169696883731888,-1.0218570059223422,False,0.09520045421126909,False,False
MEX,Mexico,2001,202572533842.5,0.1373220029852229,0.6394829667301213,False,0.09780992253894376,False,False
MEX,Mexico,2002,193461604962.7,-0.044976131299634736,-1.0522884379655735,False,0.09491712770183525,False,False
MEX,Mexico,2003,199260698324.5,0.029975422580196476,-0.3567196320157056,False,0.07963858106238209,False,False
MEX,Mexico,2004,210040194664.4,0.054097453389154504,-0.1328612688685766,False,0.07552133967507485,False,False
MEX,Mexico,2005,218225512951.4,0.03897024709998198,-0.27324545400217454,False,0.06508732914195958,False,False
MEX,Mexico,2006,221829065156.6,0.016512973925292274,-0.4816544579309413,False,0.03824329122033334,False,False
MEX,Mexico,2007,250650606340.3,0.129926802708894,0.5708536940907132,False,0.04464635008759539,False,False
MEX,Mexico,2008,248240107870.4,-0.009616966442232866,-0.724146714330598,False,0.05272908034364703,False,False
MEX,Mexico,2009,250545865969.3,0.009288418856568281,-0.5487001011837578,False,0.054772398922247036,False,False
MEX,Mexico,2010,312338399290.8,0.24663162204828226,1.6539030457644899,False,0.10875451796943514,False,False
MEX,Mexico,2011,351694706992.3,0.12600534481467207,0.5344616028815058,False,0.10406271559243829,False,False
MEX,Mexico,2012,432987558051.4,0.23114607482813176,1.5101933688888136,False,0.11987525526738561,True,False
MEX,Mexico,2013,504135518878.2,0.1643187188726425,0.8900191125782366,False,0.09533209022865899,True,False
MEX,Mexico,2014,544166999708.7,0.07940619006488148,0.10201001582632427,False,0.0703296717988018,True,False
MEX,Mexico,2015,538015200055.6,-0.011304984786642991,-0.7398119386450305,False,0.09113282616512453,True,False
MEX,Mexico,2016,544792453300.0,0.012596769094441296,-0.5179977994234667,False,0.10207200550810804,True,False
MEX,Mexico,2017,578638429804.9,0.062126368124013176,-0.05835097060107493,False,0.06816300178987564,True,False
MEX,Mexico,2018,602000702060.1,0.04037456043677756,-0.26021308175248825,False,0.03663757440389197,True,False
MEX,Mexico,2019,617449991504.4,0.025663241573359086,-0.3967377295560783,False,0.0277628580992018,True,False
MEX,Mexico,2020,616686384395.0,-0.0012367108590276565,-0.6463758868049888,False,0.024572335561251595,True,False
MEX,Mexico,2021,601471659897.8,-0.02467173734040906,-0.8638586812670308,False,0.03415907733773339,True,False
MEX,Mexico,2022,585861539733.2,-0.025953209777585418,-0.8757510598348389,False,0.029716610092203923,True,False
MEX,Mexico,2023,595981151218.0,0.017273042858229726,-0.47460083178503754,False,0.023584002490840885,True,False
MEX,Mexico,2024,591255026725.0,-0.007929989871896526,-0.7084911579351221,False,0.017912771768922343,True,False
MKD,North Macedonia,1993,999807825.3,,,False,,False,False
MKD,North Macedonia,1994,1034497118.9,0.03469596128595143,-0.43018965289644595,False,,False,False
MKD,North Macedonia,1995,1208526120.9,0.16822570002422865,1.1656112473588018,False,,False,False
MKD,North Macedonia,1996,1732657178.6,0.43369443873474145,4.3382022838334615,True,0.20310244843695496,False,False
MKD,North Macedonia,1997,1231743682.6,-0.2891013307114463,-4.2998595477985795,True,0.3005453447543564,False,False
MKD,North Macedonia,1998,1488673981.0,0.2085907173947621,1.648009637914861,False,0.2659104954661347,False,False
MKD,North Macedonia,1999,1447513641.8,-0.02764899482716221,-1.175268150254137,False,0.2717926570645174,False,False
MKD,North Macedonia,2000,1477858663.1,0.020963547716390085,-0.5943043897636837,False,0.2703572844430713,False,False
MKD,North Macedonia,2001,1495042031.9,0.011627207140333606,-0.7058820865160376,False,0.17838628428123224,False,False
MKD,North Macedonia,2002,1656234711.4,0.10781815899526626,0.4436866089442227,False,0.09463182033627611,False,False
MKD,North Macedonia,2003,1866793246.6,0.12713085515640277,0.6744907594765952,False,0.06636381210450235,False,False
MKD,North Macedonia,2004,2821671500.5,0.5115072360793702,5.26813544499483,True,0.20531590132950148,False,False
MKD,North Macedonia,2005,2978082108.3,0.055431898352549025,-0.1823764889437256,False,0.20017061647792556,False,False
MKD,North Macedonia,2006,3293072429.4,0.10576952200952183,0.41920354788952446,False,0.18635856570551784,False,False
MKD,North Macedonia,2007,4161065767.9,0.26358161173459194,2.305200459394288,False,0.18395934535253033,False,False
MKD,North Macedonia,2008,4294432537.8,0.03205110837921388,-0.46179803234431654,False,0.19928940951904955,False,False
MKD,North Macedonia,2009,5211242723.5,0.21348808664012076,1.706537620703353,False,0.10058977611832726,False,False
MKD,North Macedonia,2010,5117234792.2,-0.01803944592257678,-1.0604253673813178,False,0.11868668928731188,False,False
MKD,North Macedonia,2011,5982687643.2,0.16912510098601996,1.1763599006406762,False,0.12024340904790158,False,False
MKD,North Macedonia,2012,6440923457.5,0.0765936384495749,0.07052540554729597,False,0.0956720909559001,False,False
MKD,North Macedonia,2013,6348713317.7,-0.014316291818780691,-1.0159303153669332,False,0.10504410486781747,False,False
MKD,North Macedonia,2014,6690206195.1,0.05378930506248092,-0.20200696134494595,False,0.07684315420570516,False,False
MKD,North Macedonia,2015,6592451551.0,-0.014611604074564633,-1.0194595633688341,False,0.07605739016502756,False,False
MKD,North Macedonia,2016,7364973879.5,0.11718286020362445,0.5556032408505469,False,0.0577703335485388,False,False
MKD,North Macedonia,2017,8428993017.3,0.1444701848517942,0.8817113996065258,False,0.07330943845248002,False,False
MKD,North Macedonia,2018,8611055372.7,0.021599538049957845,-0.5867037312403391,False,0.06592519960763382,False,False
MKD,North Macedonia,2019,8883693457.8,0.031661401918788634,-0.4664553762907525,False,0.06754560760123561,False,False
MKD,North Macedonia,2020,10177241392.8,0.145609249254796,0.8953242473281993,False,0.06094703655314728,False,False
MKD,North Macedonia,2021,10871173439.0,0.06818468968328983,-0.0299691220256192,False,0.05983570940915986,False,False
MKD,North Macedonia,2022,11639682525.8,0.07069237659689942,0.0,False,0.048741563834277184,False,False
MKD,North Macedonia,2023,12519612311.4,0.07559740428053674,0.058619508038336,False,0.04145232595874942,False,False
MKD,North Macedonia,2024,12837215392.3,0.02536844376648939,-0.5416619061589116,False,0.04327952424573121,False,False
MLI,Mali,1970,247329389.8,,,False,,False,False
MLI,Mali,1971,270904912.4,0.09532034433539827,0.3089904363606457,False,,False,False
MLI,Mali,1972,268459500.5,-0.009026827451505404,-0.8294408449207136,False,,False,False
MLI,Mali,1973,301150655.9,0.12177313650332144,0.5975913209413805,False,0.06915768581532704,False,False
MLI,Mali,1974,349032615.0,0.1589966953812636,1.0037016457502639,False,0.07209304652506304,False,False
MLI,Mali,1975,356087237.6,0.020211929478280988,-0.5104449876814988,False,0.07015730795699605,False,False
MLI,Mali,1976,373790643.6,0.04971648554247432,-0.18854925262130842,False,0.07021842490306321,False,False
MLI,Mali,1977,471760934.6,0.262099366791106,2.1285553845400424,False,0.09563052852755213,False,False
MLI,Mali,1978,564047359.7,0.1956211681203499,1.4032759199027063,False,0.1010290443555338,False,False
MLI,Mali,1979,567284582.4,0.005739274627083901,-0.6683421565615378,False,0.11508291594600463,False,False
MLI,Mali,1980,727065952.2,0.28165998998953246,2.3419624654326876,False,0.1249477827383935,False,False
MLI,Mali,1981,830271147.0,0.14194750075658957,0.8176943381346786,False,0.11079307587502461,False,False
MLI,Mali,1982,875182595.8,0.05409250816709399,-0.14080669325768952,False,0.11009473917505842,False,False
MLI,Mali,1983,988418284.1,0.12938521497504407,0.6806393623916527,False,0.10496445202343209,False,False
MLI,Mali,1984,1237315019.0,0.2518131634185945,2.01633254721386,False,0.09356356260412117,False,False
MLI,Mali,1985,1456134356.0,0.17685014215446127,1.198483372338956,False,0.07206172052438292,False,False
MLI,Mali,1986,1743115158.8,0.19708401331065084,1.4192356119172778,False,0.07454101206578365,False,False
MLI,Mali,1987,2049076480.5,0.17552559287627956,1.1840324935459963,False,0.04430803592657437,False,False
MLI,Mali,1988,2019888080.4,-0.014244661132842396,-0.8863675922549719,False,0.10081840236519353,False,False
MLI,Mali,1989,2127515896.4,0.05328404927202035,-0.1496270079822857,False,0.09314393215233181,False,False
MLI,Mali,1990,2467995904.9,0.16003641104451027,1.015044979876228,False,0.09074725154525146,False,False
MLI,Mali,1991,2599264266.9,0.053188241414573456,-0.1506722750464744,False,0.08014234494839162,False,False
MLI,Mali,1992,2900472548.6,0.11588213077665799,0.5333202431287759,False,0.06671785686030973,False,False
MLI,Mali,1993,2903213185.3,0.0009448931696744989,-0.7206490253730528,False,0.06188727076692884,False,False
MLI,Mali,1994,2694518432.5,-0.07188406068720543,-1.5152154504505624,False,0.0917978997049764,False,False
MLI,Mali,1995,2958170808.0,0.09784767931811134,0.3365637491138942,False,0.07635196791160997,False,False
MLI,Mali,1996,3006602911.2,0.016372314630724194,-0.5523353195005316,False,0.07644038671113755,False,False
MLI,Mali,1997,3152281165.1,0.04845277484343846,-0.20233638039522012,False,0.06260010524702321,False,False
MLI,Mali,1998,3204812997.8,0.01666470405038689,-0.5491453407405946,False,0.06189845678515557,False,False
MLI,Mali,1999,3217973119.8,0.004106361902873612,-0.6861572912988712,False,0.03792802028932985,False,False
MLI,Mali,2000,2981177567.1,-0.0735853109657788,-1.5337761502879452,False,0.04554186139848346,False,False
MLI,Mali,2001,2878077838.7,-0.034583558368947664,-1.1082656700259237,False,0.04730148890102853,False,False
MLI,Mali,2002,2774307283.7,-0.03605550677075231,-1.1243246783952987,False,0.03590700029082392,False,False
MLI,Mali,2003,3058861293.0,0.10256758902370033,0.38805812851728877,False,0.0673902546884067,False,False
MLI,Mali,2004,3272986411.2,0.07000157826378417,0.0327618160178352,False,0.07610924041798345,False,False
MLI,Mali,2005,3179661836.5,-0.028513584529605063,-1.0420420438659435,False,0.06642924966910359,False,False
MLI,Mali,2006,1588624984.4,-0.5003792648124266,-6.190113062926314,True,0.24347509032669162,False,False
MLI,Mali,2007,1834626837.2,0.15485206088012715,0.9584835388790254,False,0.26574130388669337,False,False
MLI,Mali,2008,2039671525.9,0.11176370286446824,0.48838805105639305,False,0.26700607015997274,False,False
MLI,Mali,2009,2194580111.0,0.07594780979826976,0.09763540931870951,False,0.26762243422541065,False,False
MLI,Mali,2010,2438634702.7,0.11120787547317734,0.48232395484369633,False,0.2759304705776322,False,False
MLI,Mali,2011,2907439380.7,0.19224063262978675,1.3663941598699734,False,0.04498801597269179,False,False
MLI,Mali,2012,3070313143.0,0.056019658872745515,-0.11978141188698259,False,0.05205749060092489,False,False
MLI,Mali,2013,3483872890.3,0.13469627625536318,0.7385832260803122,False,0.053309040088791955,False,False
MLI,Mali,2014,3521672816.9,0.010849972943974162,-0.612584259787664,False,0.07020461384837616,False,False
MLI,Mali,2015,3747044962.9,0.06399576500078918,-0.0327618160178352,False,0.07164903956224314,False,False
MLI,Mali,2016,3847760144.7,0.026878562386412286,-0.4377117902841073,False,0.04773014697511667,False,False
MLI,Mali,2017,4319894781.4,0.12270375983553183,0.6077444539332568,False,0.055544753756767776,False,False
MLI,Mali,2018,4595485040.1,0.06379559518129896,-0.0349456757255184,False,0.0431484429289174,False,False
MLI,Mali,2019,4997729073.9,0.08753026727103563,0.22400042406041834,False,0.035265333144444105,False,False
MLI,Mali,2020,5813484499.7,0.16322521964229275,1.049834992825962,False,0.052603717486475916,False,False
MLI,Mali,2021,6380090487.6,0.09746409196227157,0.3323787976915041,False,0.03789621428172019,False,False
MLI,Mali,2022,6233839496.8,-0.02292302767245158,-0.9810488736920269,False,0.06730540974624667,False,False
MLI,Mali,2023,6470797281.1,0.038011531163360424,-0.31625071288098083,False,0.06959715941461408,False,False
MLI,Mali,2024,6439962214.4,-0.0047652654472832845,-0.7829470549152289,False,0.07655914476693891,False,False
MMR,Myanmar,1970,163680999.5,,,False,,False,False
MMR,Myanmar,1971,193902031.9,0.18463372347625473,1.5982799356322965,False,,False,False
MMR,Myanmar,1972,220887574.2,0.139171013503959,1.0587028781436791,False,,False,False
MMR,Myanmar,1973,304231991.2,0.3773160047678228,3.8851418150243133,True,0.12642939820693985,False,False
MMR,Myanmar,1974,356084560.2,0.17043759532150093,1.429792288016455,False,0.10796765019902684,False,False
MMR,Myanmar,1975,373114865.3,0.04782657549216607,-0.025424379346901903,False,0.1205281938297449,False,False
MMR,Myanmar,1976,387876233.7,0.03956253093301765,-0.1235067164732506,False,0.13667949748226063,False,False
MMR,Myanmar,1977,606123846.6,0.5626733322073094,6.085067014923301,True,0.22633909449291642,False,False
MMR,Myanmar,1978,1016693814.7,0.6773697659365445,7.446348915051389,True,0.29983738933524096,False,False
MMR,Myanmar,1979,1400620595.5,0.3776228154916894,3.8887832175647863,True,0.29173623371650004,False,False
MMR,Myanmar,1980,1681016888.4,0.20019432371683998,1.7829619067617815,False,0.25964839804789147,False,False
MMR,Myanmar,1981,1967776609.3,0.1705870552989739,1.4315661632409262,False,0.22159831504074684,False,False
MMR,Myanmar,1982,2249852431.1,0.1433474818568674,1.1082715577479068,False,0.22289379852623858,False,False
MMR,Myanmar,1983,2451887471.5,0.0897992408778654,0.4727308625551101,False,0.10920240960370271,False,False
MMR,Myanmar,1984,2496472629.3,0.018184014690006967,-0.3772389927697095,False,0.07196540176845635,False,False
MMR,Myanmar,1985,3079595197.6,0.2335785946363469,2.1791852440887345,False,0.08164995888951841,False,False
MMR,Myanmar,1986,3792090507.3,0.2313600535080924,2.1528543479624256,False,0.09276466231548065,False,False
MMR,Myanmar,1987,4792084860.7,0.2637052969793181,2.5367459221029094,True,0.10727588889351301,False,False
MMR,Myanmar,1988,4882277843.1,0.018821240654495863,-0.36967603598416393,False,0.12355977879248595,False,False
MMR,Myanmar,1989,4744784910.7,-0.028161636190843997,-0.9272952904458319,False,0.13719941276242698,False,False
MMR,Myanmar,1990,5328162847.9,0.12295139783563624,0.8661993406017455,False,0.1277056582618122,False,False
MMR,Myanmar,1991,5484154972.0,0.029276906234478428,-0.24558230573425277,False,0.1157566164655271,False,False
MMR,Myanmar,1992,5537457751.6,0.009719415274029197,-0.4777016279376614,False,0.05603161674098129,False,False
MMR,Myanmar,1993,5836105779.6,0.05393233526950314,0.04704221792359799,False,0.05639765979011069,False,False
MMR,Myanmar,1994,6418593347.3,0.09980757541031449,0.591515415888412,False,0.04745303849214245,False,False
MMR,Myanmar,1995,6261896664.1,-0.024412932043111124,-0.8828035574483557,False,0.04677418557662345,False,False
MMR,Myanmar,1996,5824336419.9,-0.06987663126230936,-1.422392355876594,False,0.06611837786258673,False,False
MMR,Myanmar,1997,5894669147.3,0.01207566361717971,-0.44973634499512805,False,0.06609011148904943,False,False
MMR,Myanmar,1998,6113503813.6,0.03712416436471844,-0.15244662478059226,False,0.06396386437594502,False,False
MMR,Myanmar,1999,6448277408.6,0.05475969349283272,0.05686177148530224,False,0.04995668747103344,False,False
MMR,Myanmar,2000,6482210337.9,0.005262324672127727,-0.5306008905069122,False,0.0477584435824293,False,False
MMR,Myanmar,2001,6092479225.6,-0.06012318206049727,-1.3066329252600404,False,0.04382636929413752,False,False
MMR,Myanmar,2002,6706702919.5,0.10081670714921631,0.6034923599515097,False,0.05996534026916721,False,False
MMR,Myanmar,2003,7436375927.8,0.1087975741669498,0.698213786462617,False,0.07046787286456385,False,False
MMR,Myanmar,2004,7706257381.2,0.0362920669988025,-0.1623224251567369,False,0.07010857271658537,False,False
MMR,Myanmar,2005,7177918756.9,-0.06855969093232239,-1.406762166022635,False,0.08497792995914322,False,False
MMR,Myanmar,2006,7518933305.0,0.04750883363958236,-0.029195518682031203,False,0.0709992197809754,False,False
MMR,Myanmar,2007,8067206719.8,0.07291904217788514,0.2723871533941536,False,0.06646475838703685,False,False
MMR,Myanmar,2008,8957289205.7,0.11033341735441082,0.7164420387678394,False,0.06686803603605414,False,False
MMR,Myanmar,2009,9495368311.1,0.06007164590126113,0.11990701563827948,False,0.06740862976141222,False,False
MMR,Myanmar,2010,9990180484.8,0.05211089843893335,0.025424379346901903,False,0.025247733615783696,False,False
MMR,Myanmar,2011,10825723144.8,0.08363639288311897,0.39958671015457553,False,0.022753129023784204,False,False
MMR,Myanmar,2012,11033527299.9,0.019195406377985558,-0.3652352263576217,False,0.0342450291693506,False,False
MMR,Myanmar,2013,9916586454.4,-0.10123152960432913,-1.7945299560229901,False,0.07305165133611491,False,False
MMR,Myanmar,2014,10049278770.5,0.013380845990721424,-0.43424570519317157,False,0.0700101020054484,False,False
MMR,Myanmar,2015,10219854991.0,0.016973976381343236,-0.39160040920166334,False,0.06684734429813789,False,False
MMR,Myanmar,2016,10112462045.0,-0.010508265146088158,-0.7177751362603748,False,0.05104009291279686,False,False
MMR,Myanmar,2017,10783959875.7,0.06640300133754429,0.19505110929890906,False,0.06162360714737276,False,False
MMR,Myanmar,2018,10731523127.0,-0.004862476242902147,-0.6507677324905734,False,0.03035546646864627,False,False
MMR,Myanmar,2019,11182088460.0,0.04198521753789075,-0.09475290680657825,False,0.03230586742116561,False,False
MMR,Myanmar,2020,13405286214.3,0.19881775772501786,1.7666240459576432,False,0.08485446993905096,False,False
MMR,Myanmar,2021,13756717822.1,0.026215897384206155,-0.281912083466003,False,0.07877385233554451,False,False
MMR,Myanmar,2022,12535377301.1,-0.08878138933968183,-1.6467646764474286,False,0.10472885551214975,False,False
MMR,Myanmar,2023,12160041318.5,-0.02994213684873004,-0.9484272754600148,False,0.1076555818920437,False,False
MMR,Myanmar,2024,11174807782.3,-0.0810222194476502,-1.5546744763373166,False,0.11771909900875695,False,False
MNE,Montenegro,2006,879825840.4,,,False,,False,False
MNE,Montenegro,2007,1299340650.2,0.47681574072577115,1.8893394610163103,False,,False,False
MNE,Montenegro,2008,1502099048.5,0.1560471445796685,0.2149878874939137,False,,False,False
MNE,Montenegro,2009,2356696742.8,0.5689356471887814,2.370187998535937,False,0.21673927694624662,False,False
MNE,Montenegro,2010,4502976940.9,0.9107154769306449,4.154214248617647,True,0.3104381594318921,False,False
MNE,Montenegro,2011,5524651521.6,0.22688869921146004,0.5847674416448045,False,0.30071244058624175,False,False
MNE,Montenegro,2012,6175932504.6,0.11788634639735274,0.015795718275676017,False,0.3385121580734704,False,False
MNE,Montenegro,2013,7387914607.9,0.19624277020470715,0.4248014721858089,False,0.3317969088748359,False,False
MNE,Montenegro,2014,6759453969.5,-0.08506603984404182,-1.0435774601966548,False,0.37648702911928084,False,False
MNE,Montenegro,2015,6674238727.0,-0.012606823403858991,-0.665354016504054,False,0.1341371602990802,False,False
MNE,Montenegro,2016,6277162867.3,-0.05949380535246174,-0.9100952191858835,False,0.12084664818934564,False,False
MNE,Montenegro,2017,7292384356.9,0.16173253921586994,0.24466457520458917,False,0.12994084525238675,False,False
MNE,Montenegro,2018,8107921805.3,0.11183412838468199,-0.015795718275676017,False,0.10826953699647757,False,False
MNE,Montenegro,2019,8438759319.4,0.04080423097861363,-0.3865583861860208,False,0.0898453392254941,False,False
MNE,Montenegro,2020,10523512118.4,0.24704494109783748,0.6899792227363125,False,0.11674206811148236,False,False
MNE,Montenegro,2021,9637917250.1,-0.08415392678187417,-1.0388164020406527,False,0.12538597548500996,False,False
MNE,Montenegro,2022,8806406767.8,-0.08627491404238541,-1.049887555513047,False,0.14072738112437705,False,False
MNE,Montenegro,2023,8664556534.3,-0.01610761769700042,-0.6836275024491363,False,0.13732082374489823,False,False
MNE,Montenegro,2024,8741348456.1,0.008862764239117027,-0.5532868182658556,False,0.13686852913356506,False,False
MNG,Mongolia,1992,354767148.4,,,False,,False,False
MNG,Mongolia,1993,387587630.4,0.09251274293017375,-0.13892638605773483,False,,False,False
MNG,Mongolia,1994,464445079.7,0.19829696118186546,0.7174322655522228,False,,False,False
MNG,Mongolia,1995,530709459.5,0.14267430681535553,0.26714826213936577,False,0.0529155978915243,False,False
MNG,Mongolia,1996,534109092.9,0.006405827782310247,-0.835990683256322,False,0.08144838308858138,False,False
MNG,Mongolia,1997,606210429.5,0.1349936512193013,0.20497078445485967,False,0.0714184243458456,False,False
MNG,Mongolia,1998,726731457.8,0.19881054900260486,0.7215899308535368,False,0.07852707483501632,False,False
MNG,Mongolia,1999,981029420.0,0.34992012451177534,1.9448725193819716,False,0.12437579422957985,False,False
MNG,Mongolia,2000,959974419.2,-0.021462150238063193,-1.0615912924496624,False,0.1510556957473952,False,False
MNG,Mongolia,2001,946235061.7,-0.014312212101911803,-1.003710150228608,False,0.1556363119241956,False,False
MNG,Mongolia,2002,1102129245.4,0.16475206849756918,0.4458751321509435,False,0.15646142155484363,False,False
MNG,Mongolia,2003,1544708956.9,0.4015678862957428,2.362978436984509,False,0.19777865941154277,False,False
MNG,Mongolia,2004,1593614529.0,0.03166005601349409,-0.6315492534009677,False,0.1780820004938211,False,False
MNG,Mongolia,2005,1396369453.2,-0.12377213699461698,-1.8898248773178277,False,0.20163453815288784,False,False
MNG,Mongolia,2006,1494391223.0,0.07019758959591083,-0.31957502094513446,False,0.19389053115650626,False,False
MNG,Mongolia,2007,1743771481.3,0.16687749128997664,0.46308114101208114,False,0.19404591281260744,False,False
MNG,Mongolia,2008,2185574928.2,0.25336086272647984,1.1631929778631571,False,0.14279097186141987,False,False
MNG,Mongolia,2009,2987825936.4,0.367066348469105,2.0836769409769325,False,0.18664992862556817,False,False
MNG,Mongolia,2010,5928348234.1,0.984167873327656,7.079320322080865,True,0.36122770965241735,False,False
MNG,Mongolia,2011,9629415055.9,0.624299834566292,4.166068104269318,True,0.33059383157502964,False,False
MNG,Mongolia,2012,15884345587.4,0.6495649523038856,4.370597688323661,True,0.28376684896532367,False,False
MNG,Mongolia,2013,20163758882.7,0.2694107397596899,1.2931221041716137,False,0.2792641347005907,False,False
MNG,Mongolia,2014,22661510937.3,0.12387333478496454,0.1149481010662401,False,0.3399639605071496,False,False
MNG,Mongolia,2015,24116768493.9,0.06421714600700801,-0.3679887133887172,False,0.27577611026871807,False,False
MNG,Mongolia,2016,26419310479.1,0.09547473102718529,-0.1149481010662401,False,0.24180556136798156,False,False
MNG,Mongolia,2017,29736206992.6,0.1255481862830583,0.12850658449844674,False,0.07881840175575568,False,False
MNG,Mongolia,2018,31615438487.9,0.0631967451587776,-0.37624919977254767,False,0.030515039607263643,False,False
MNG,Mongolia,2019,33307361024.1,0.05351570679139983,-0.4546204454979403,False,0.029775022044694552,False,False
MNG,Mongolia,2020,32634584659.2,-0.02019902941014151,-1.051365906594413,False,0.0547212622746741,False,False
MNG,Mongolia,2021,34962629978.3,0.07133675342927037,-0.31035310844796465,False,0.05220277754937546,False,False
MNG,Mongolia,2022,33701162514.4,-0.03608045117552505,-1.179931331129612,False,0.050457505719096074,False,False
MNG,Mongolia,2023,35039286449.3,0.039705572005958034,-0.5664181086925972,False,0.047154921558041483,False,False
MNG,Mongolia,2024,38016581521.2,0.08497019698754382,-0.1999858198739263,False,0.05406046236433314,False,False
MOZ,Mozambique,1984,1325188500.9,,,False,,False,False
MOZ,Mozambique,1985,2829525566.6,1.135187231611451,10.637439164205446,True,,False,False
MOZ,Mozambique,1986,3450885381.2,0.2195985863971659,1.3522891891749655,False,,False,False
MOZ,Mozambique,1987,4085146123.7,0.18379652536574365,0.9892140158102407,False,0.539247721483385,False,False
MOZ,Mozambique,1988,4121792888.9,0.008970735462164647,-0.783725925333291,False,0.507282003701575,False,False
MOZ,Mozambique,1989,4321680997.5,0.04849542759372971,-0.3828988769893291,False,0.46465386749558146,False,False
MOZ,Mozambique,1990,4600672902.8,0.06455633941084282,-0.2200222666937389,False,0.0913670749859569,False,False
MOZ,Mozambique,1991,4669674821.6,0.014998223142098421,-0.7226000830968625,False,0.07074809057444953,False,False
MOZ,Mozambique,1992,5081983468.6,0.08829493760311302,0.02071514913630323,False,0.03341898650613306,False,False
MOZ,Mozambique,1993,5163211988.5,0.015983625370268317,-0.7126069409558902,False,0.031624496519272925,False,False
MOZ,Mozambique,1994,7223305768.2,0.39899461503584166,3.171576747557826,True,0.16101475688248482,False,False
MOZ,Mozambique,1995,7410074810.1,0.02585644964972067,-0.612484845087846,False,0.1650201913375683,False,False
MOZ,Mozambique,1996,7517522867.0,0.014500266144890528,-0.7276499550282789,False,0.16509110858344378,False,False
MOZ,Mozambique,1997,7583169015.2,0.008732417494620393,-0.7861427509262677,False,0.1712713800259253,False,False
MOZ,Mozambique,1998,8313495221.7,0.0963088393567526,0.10198557560635657,False,0.16594766214331166,False,False
MOZ,Mozambique,1999,7322033827.9,-0.11925927270783465,-2.0841296201379267,False,0.07796888667958615,False,False
MOZ,Mozambique,2000,6616319416.3,-0.09638229325176473,-1.8521300356787003,False,0.08835607265431383,False,False
MOZ,Mozambique,2001,4467431060.8,-0.32478606613308103,-4.168413988249427,True,0.15845953571642907,False,False
MOZ,Mozambique,2002,5093523446.0,0.14014595338554203,0.5465456740275857,False,0.1867047754541331,False,False
MOZ,Mozambique,2003,5404860952.4,0.061124192261154064,-0.25482829141652813,False,0.17984007085527565,False,False
MOZ,Mozambique,2004,5988473521.7,0.10797920139663364,0.22033682686923908,False,0.1919029215555009,False,False
MOZ,Mozambique,2005,6118093144.7,0.02164485198612076,-0.6551954183845047,False,0.18773890751412114,False,False
MOZ,Mozambique,2006,4920139667.8,-0.19580504065025006,-2.860394091103341,True,0.13247156344231273,False,False
MOZ,Mozambique,2007,5681113142.3,0.15466501479220462,0.6937861005686857,False,0.13569131447015523,False,False
MOZ,Mozambique,2008,6367161910.5,0.12075956789029063,0.34994483396907217,False,0.1416114270540033,False,False
MOZ,Mozambique,2009,7910668053.1,0.2424166629176847,1.5836914283160515,False,0.16767137373451665,False,False
MOZ,Mozambique,2010,11230847942.9,0.41970916583952733,3.381646752120404,True,0.22457077799332495,False,False
MOZ,Mozambique,2011,13467163287.6,0.19912257347529772,1.144638240395766,False,0.11690858258473656,False,False
MOZ,Mozambique,2012,19789749571.0,0.46948166799325675,3.88639869454073,True,0.1484948631471871,False,False
MOZ,Mozambique,2013,28977879799.6,0.46428734207250066,3.833722096326561,True,0.12857847031770903,False,False
MOZ,Mozambique,2014,34576421531.1,0.19320052985992708,1.0845817254806878,False,0.14101717906536393,False,False
MOZ,Mozambique,2015,38438314512.3,0.1116915172302142,0.25798409286543167,False,0.16731904995773944,False,False
MOZ,Mozambique,2016,43401165454.9,0.1291120853129999,0.434649223155506,False,0.17908550267389303,False,False
MOZ,Mozambique,2017,46766241383.2,0.07753422962332168,-0.08841113585217619,False,0.15620379488763775,False,False
MOZ,Mozambique,2018,50832826069.6,0.08695555952591172,0.007132273917081346,False,0.04583994328621475,False,False
MOZ,Mozambique,2019,55538161414.1,0.09256489769145393,0.06401758633326154,False,0.020696839817840342,False,False
MOZ,Mozambique,2020,60289393540.0,0.08554896318000482,-0.007132273917081346,False,0.020164914227065886,False,False
MOZ,Mozambique,2021,64425786318.2,0.06860896312475995,-0.17892387696078324,False,0.009323876080015168,False,False
MOZ,Mozambique,2022,66289653065.3,0.028930446233039975,-0.5813108900065541,False,0.025958055470711686,False,False
MOZ,Mozambique,2023,67935857527.8,0.024833505477519502,-0.6228587068702278,False,0.03158040708046486,False,False
MOZ,Mozambique,2024,69765373429.6,0.026930047965484816,-0.6015972904781258,False,0.028167493196136213,False,False
MRT,Mauritania,1970,26315139.8,,,False,,False,False
MRT,Mauritania,1971,38917392.0,0.4788974064276108,4.931750777056496,True,,False,False
MRT,Mauritania,1972,55901714.8,0.4364198608169838,4.446792478545546,True,,False,False
MRT,Mauritania,1973,105104201.8,0.8801606028729552,9.512898633078466,True,0.24485449450065305,False,False
MRT,Mauritania,1974,167769703.3,0.5962226098176793,6.271230970428688,True,0.1999260794022756,False,False
MRT,Mauritania,1975,188223059.3,0.12191328706963267,0.8561289719217996,False,0.27439985592878174,False,False
MRT,Mauritania,1976,406677120.6,1.1606126375398893,12.71476775218275,True,0.40015167279506897,False,False
MRT,Mauritania,1977,522227584.0,0.28413317973118346,2.708163546868923,True,0.4244876283427968,False,False
MRT,Mauritania,1978,682289435.3,0.30649827049350176,2.96350166036443,True,0.4100217361186528,False,False
MRT,Mauritania,1979,714672347.7,0.047462133699551545,0.006133894722719834,False,0.4475081542397593,False,False
MRT,Mauritania,1980,836345498.0,0.1702502562070234,1.407983227412982,False,0.4409009043249386,False,False
MRT,Mauritania,1981,960830668.9,0.14884419321642595,1.1635941569874717,False,0.10585776439517659,False,False
MRT,Mauritania,1982,1133096261.0,0.17928819059992862,1.5111676563207666,False,0.0924393177000428,False,False
MRT,Mauritania,1983,1273374706.9,0.12380099619797447,0.877680598641381,False,0.052863617549633216,False,False
MRT,Mauritania,1984,1317129629.7,0.03436138833519031,-0.14343489720711267,False,0.058269024136639265,False,False
MRT,Mauritania,1985,1450506269.9,0.10126310819564432,0.6203696909484012,False,0.05480786037186769,False,False
MRT,Mauritania,1986,1742102911.7,0.20103094198972538,1.7594006360601717,False,0.06607697509434804,False,False
MRT,Mauritania,1987,2023942394.7,0.16178119048373096,1.311293467114831,False,0.06307192231396319,False,False
MRT,Mauritania,1988,2046882263.2,0.011334249709908484,-0.40633148896543336,False,0.08089609196501972,False,False
MRT,Mauritania,1989,1967825049.7,-0.03862323442893367,-0.9766868651432768,False,0.10038000683641488,False,False
MRT,Mauritania,1990,2109426965.7,0.07195859002891924,0.28580541552890043,False,0.10022047949322939,False,False
MRT,Mauritania,1991,2201330412.6,0.04356796817068398,-0.03832507440677581,False,0.074779180109166,False,False
MRT,Mauritania,1992,2100811551.6,-0.045662777575165014,-1.057056030014156,False,0.05103673331609502,False,False
MRT,Mauritania,1993,2169793892.4,0.03283604412183583,-0.16084947057094776,False,0.05222569753324424,False,False
MRT,Mauritania,1994,2255603797.7,0.03954749140024805,-0.08422611566904731,False,0.044035911097641364,False,False
MRT,Mauritania,1995,2390562998.4,0.05983284867564764,0.14736806444533668,False,0.04128895709306847,False,False
MRT,Mauritania,1996,2451411242.9,0.025453520589386436,-0.24513437921025508,False,0.04014359010877628,False,False
MRT,Mauritania,1997,2489391257.3,0.015493122384096614,-0.3588504072125983,False,0.01668091279015114,False,False
MRT,Mauritania,1998,2389022769.9,-0.040318486339049775,-0.9960412433225958,False,0.03760695702300077,False,False
MRT,Mauritania,1999,2499843794.9,0.04638759680161564,-0.006133894722719834,False,0.03860684218925164,False,False
MRT,Mauritania,2000,2344637631.9,-0.06208634448145933,-1.244560862222838,False,0.046028788973542865,False,False
MRT,Mauritania,2001,2251014239.7,-0.03993085793992468,-0.9916157614311185,False,0.04519959479891837,False,False
MRT,Mauritania,2002,2237558424.9,-0.005977667560998157,-0.6039784533314918,False,0.0423808255090744,False,False
MRT,Mauritania,2003,2318671111.4,0.036250533437411914,-0.12186687623877125,False,0.04696338349662171,False,False
MRT,Mauritania,2004,2299558089.2,-0.008243093255455247,-0.6298424003744217,False,0.03737436311182697,False,False
MRT,Mauritania,2005,2281454208.9,-0.00787276493906619,-0.6256144303346101,False,0.02711723549038976,False,False
MRT,Mauritania,2006,1560130846.4,-0.3161682402767948,-4.145366972746219,True,0.14422201802706647,False,False
MRT,Mauritania,2007,2568568273.1,0.6463800321793316,6.843869004395428,True,0.3516621258183499,False,False
MRT,Mauritania,2008,2850445607.1,0.1097410323689012,0.7171605865348664,False,0.35143099272717054,False,False
MRT,Mauritania,2009,3141949629.8,0.10226612357517384,0.631820932418324,False,0.3475729305363757,False,False
MRT,Mauritania,2010,3556481608.2,0.13193463525587656,0.9705408546076669,False,0.34160689894763563,False,False
MRT,Mauritania,2011,3742969896.7,0.05243617401817113,0.06292159502334964,False,0.24647314879877597,False,False
MRT,Mauritania,2012,4277397892.3,0.14278180438244514,1.0943809825543522,False,0.0350205181779547,False,False
MRT,Mauritania,2013,4522468781.5,0.0572943867675173,0.11838691334291124,False,0.04155122669675936,False,False
MRT,Mauritania,2014,4531578245.3,0.0020142679231449634,-0.5127360009137678,False,0.05907449879665949,False,False
MRT,Mauritania,2015,4993494071.2,0.10193266029977144,0.6280138437475845,False,0.05338661280115679,False,False
MRT,Mauritania,2016,5080228847.5,0.017369556279288156,-0.33742750774891783,False,0.058537735738571905,False,False
MRT,Mauritania,2017,5241041040.5,0.03165451750842618,-0.1743387418517535,False,0.039173889539292045,False,False
MRT,Mauritania,2018,5223782895.1,-0.003292884994915646,-0.5733267862824073,False,0.04250932198942262,False,False
MRT,Mauritania,2019,5381274690.4,0.03014899326075149,-0.1915270343254278,False,0.03965570799044206,False,False
MRT,Mauritania,2020,5685048948.8,0.05645024197369497,0.10874946802859115,False,0.021839622504179784,False,False
MRT,Mauritania,2021,4785800456.2,-0.15817779243392682,-2.3416191887007147,False,0.08624835750206343,False,False
MRT,Mauritania,2022,4559340624.4,-0.04731911283652068,-1.0759661039970978,False,0.08423128993472223,False,False
MRT,Mauritania,2023,4588008473.3,0.006287718172794499,-0.4639468081285154,False,0.08493856488740209,False,False
MRT,Mauritania,2024,4459916731.6,-0.02791881105831262,-0.8544764391468535,False,0.07974766203068653,False,False
MUS,Mauritius,1970,31738400.0,,,False,,False,False
MUS,Mauritius,1971,33286777.3,0.04878561301136797,-0.2880954166318489,False,,False,False
MUS,Mauritius,1972,35859403.6,0.07728673391280805,-0.07989831228645478,False,,False,False
MUS,Mauritius,1973,42347246.4,0.18092444794592177,0.6771621569240762,False,0.06953867192733985,False,False
MUS,Mauritius,1974,47815505.7,0.12912904060746677,0.29880321926869285,False,0.058337535589003016,False,False
MUS,Mauritius,1975,52182066.6,0.0913210230881234,0.022620405414185925,False,0.051138859500981515,False,False
MUS,Mauritius,1976,64926963.7,0.24423902559658295,1.1396671852457245,False,0.06865943982416152,False,False
MUS,Mauritius,1977,101513308.0,0.56350000392826,3.4718284868657703,True,0.18877323646093996,False,False
MUS,Mauritius,1978,190057591.2,0.8722431072781116,5.727158034301289,True,0.3319180331397388,False,False
MUS,Mauritius,1979,306197241.7,0.6110760941812885,3.8193658437651328,True,0.31008076945230423,False,False
MUS,Mauritius,1980,420231063.4,0.3724194936142693,2.0760093862140834,False,0.24045818163610416,False,False
MUS,Mauritius,1981,504760102.5,0.20114895461580962,0.8248996350410159,False,0.253783951236908,False,False
MUS,Mauritius,1982,550032545.9,0.08969100999816049,0.010713364756068527,False,0.3161738845438494,False,False
MUS,Mauritius,1983,512034883.1,-0.06908257171914367,-1.149107684893221,False,0.26213598739204536,False,False
MUS,Mauritius,1984,510117703.4,-0.0037442365027806623,-0.6718193620291144,False,0.17483273193616747,False,False
MUS,Mauritius,1985,577756799.8,0.13259507746776222,0.3241221827004592,False,0.10757326349802891,False,False
MUS,Mauritius,1986,634224117.9,0.09773544529384526,0.0694769530530758,False,0.08328193646345121,False,False
MUS,Mauritius,1987,785227656.1,0.2380917627352186,1.0947622030237314,False,0.11969609852881528,False,False
MUS,Mauritius,1988,824028164.4,0.049413068934315074,-0.28351193001342073,False,0.091404450793932,False,False
MUS,Mauritius,1989,812915119.5,-0.013486244014598414,-0.7429835019057692,False,0.0943017556058324,False,False
MUS,Mauritius,1990,932288569.9,0.14684614363357285,0.4282244290583025,False,0.09570527176974186,False,False
MUS,Mauritius,1991,991773851.8,0.06380565397941163,-0.17837590603751732,False,0.09742316530237258,False,False
MUS,Mauritius,1992,943715144.4,-0.04845732453298379,-0.9984428476955547,False,0.07542576498716652,False,False
MUS,Mauritius,1993,901101941.5,-0.045154730379041275,-0.9743178126817873,False,0.08375444274167633,False,False
MUS,Mauritius,1994,1098541961.4,0.21910952668832984,0.9560993555999546,False,0.11771972198795351,False,False
MUS,Mauritius,1995,1415082634.0,0.2881461825969718,1.4604034460802122,False,0.15321868544480655,False,False
MUS,Mauritius,1996,1398985369.8,-0.01137549413245087,-0.7275647394304205,False,0.16061579664321599,False,False
MUS,Mauritius,1997,1339677413.5,-0.04239355005440737,-0.9541477376116798,False,0.15941751635017246,False,False
MUS,Mauritius,1998,1281160960.3,-0.04367951016440719,-0.9635415145137005,False,0.15912521873114646,False,False
MUS,Mauritius,1999,1292869242.0,0.009138806178778935,-0.5777103552032353,False,0.14049851847978476,False,False
MUS,Mauritius,2000,966762441.1,-0.2522349440346574,-2.487012734380338,False,0.10529287945253422,False,False
MUS,Mauritius,2001,867310143.0,-0.10287149549049646,-1.3959315242948305,False,0.10082386854082605,False,False
MUS,Mauritius,2002,2042535103.7,1.3550227334306642,9.253802496794506,True,0.6568662404086676,True,True
MUS,Mauritius,2003,3225477013.1,0.579153771828514,3.5861772930126574,True,0.6597940483074219,False,False
MUS,Mauritius,2004,3329382750.5,0.032214068485993064,-0.4091484656205116,False,0.6571721892100104,False,False
MUS,Mauritius,2005,3631519806.7,0.09074866990123787,0.01843943735385939,False,0.5973961887061094,False,False
MUS,Mauritius,2006,3504181954.6,-0.0350646172616399,-0.9006108051284702,False,0.5840058080370973,False,False
MUS,Mauritius,2007,5673170871.8,0.6189715446575859,3.8770411166904344,True,0.31554563963975296,False,False
MUS,Mauritius,2008,6514858744.6,0.14836286299498447,0.43930387327533815,False,0.2594972886355355,False,False
MUS,Mauritius,2009,7318907627.9,0.12341770018673914,0.2570825956610011,False,0.250342669271235,False,False
MUS,Mauritius,2010,7928681896.2,0.08331492885297709,-0.03586310625673906,False,0.2510951198975252,False,False
MUS,Mauritius,2011,9841085923.9,0.2412007509869405,1.1174729712665217,False,0.2180098973805651,False,False
MUS,Mauritius,2012,10694876889.2,0.08675780009465117,-0.010713364756068527,False,0.06437584600541861,False,False
MUS,Mauritius,2013,12391683917.0,0.15865605984800868,0.5144943819808566,False,0.06500709679521308,False,False
MUS,Mauritius,2014,12759055557.6,0.02964662777558491,-0.4279032971702578,False,0.0818511564486357,False,False
MUS,Mauritius,2015,10302274190.0,-0.19255197663408596,-2.051036162283074,False,0.16422097342792172,False,False
MUS,Mauritius,2016,10444397736.4,0.013795356615333931,-0.5436948397966098,False,0.13132904507884352,False,False
MUS,Mauritius,2017,10629579614.0,0.01773025906076131,-0.5149508722224012,False,0.1259789723742463,False,False
MUS,Mauritius,2018,11234112089.6,0.05687266077802211,-0.22902054959266496,False,0.1007274775954665,False,False
MUS,Mauritius,2019,12361096211.7,0.10031804143589662,0.08834249312527388,False,0.11277877036714982,False,False
MUS,Mauritius,2020,12402260814.6,0.003330174136257913,-0.6201416818743082,False,0.040117334071041795,False,False
MUS,Mauritius,2021,14700286003.2,0.1852908290635813,0.7090580219431669,False,0.07335495974355828,False,False
MUS,Mauritius,2022,17652775747.4,0.20084573480796863,0.8226846524727525,False,0.08398530850236814,False,False
MUS,Mauritius,2023,19079313500.9,0.080810959925671,-0.05415428441210871,False,0.0808718302466092,False,False
MUS,Mauritius,2024,20364236675.8,0.06734640503912193,-0.1525111647738738,False,0.08357751623759649,False,False
MWI,Malawi,1970,135209089.9,,,False,,False,False
MWI,Malawi,1971,152207137.9,0.12571675478750488,0.4858508605862911,False,,False,False
MWI,Malawi,1972,175657679.9,0.1540699228928868,0.8479081885728191,False,,False,False
MWI,Malawi,1973,215019020.3,0.22407981491277806,1.7419033267223294,False,0.05063032477257247,False,False
MWI,Malawi,1974,242448768.9,0.12756894046735634,0.5095024467402434,False,0.04600784377598732,False,False
MWI,Malawi,1975,270146842.5,0.1142429954405102,0.3393360642258514,False,0.044362258336044826,False,False
MWI,Malawi,1976,309343465.2,0.14509376580997801,0.7332866606734936,False,0.042617006402280326,False,False
MWI,Malawi,1977,460539297.9,0.48876362266856765,5.121797659559539,True,0.15619659557244675,False,False
MWI,Malawi,1978,594691119.5,0.29129288686484545,2.600184318330903,True,0.15949824586855002,False,False
MWI,Malawi,1979,668979096.1,0.12491859078450562,0.4756586617763779,False,0.15994164544616554,False,False
MWI,Malawi,1980,830099378.4,0.24084501778799305,1.955987500088487,False,0.14587055172189686,False,False
MWI,Malawi,1981,821549155.7,-0.010300239853787474,-1.2510255779672015,False,0.1868003063828756,False,False
MWI,Malawi,1982,864818902.9,0.052668482341914125,-0.44694304228138515,False,0.1259995972451544,False,False
MWI,Malawi,1983,892447751.9,0.0319475544618093,-0.711540062049637,False,0.09846028449738743,False,False
MWI,Malawi,1984,879965289.0,-0.013986771632765183,-1.2981009467751317,False,0.10483499145714649,False,False
MWI,Malawi,1985,1020836517.7,0.1600872562372173,0.9247468552133562,False,0.07072411569746075,False,False
MWI,Malawi,1986,1157319300.3,0.13369700263809436,0.587755071174533,False,0.07234227649066052,False,False
MWI,Malawi,1987,1366795219.6,0.1810009728911457,1.1918057017537318,False,0.0850304641707307,False,False
MWI,Malawi,1988,1359054452.1,-0.005663443498335696,-1.1918157537728507,False,0.09362464687643023,False,False
MWI,Malawi,1989,1410101287.7,0.03756055213322984,-0.6398645818579412,False,0.08118134201496982,False,False
MWI,Malawi,1990,1558240456.5,0.10505569358186184,0.22201831158583887,False,0.07469625846891056,False,False
MWI,Malawi,1991,1664940523.2,0.06847471213760015,-0.24510452800682517,False,0.07082427490217778,False,False
MWI,Malawi,1992,1708915403.5,0.02641228301385845,-0.7822230129874829,False,0.042178267479717355,False,False
MWI,Malawi,1993,1826231847.6,0.06864964986547961,-0.24287065114041423,False,0.030825089832747232,False,False
MWI,Malawi,1994,2021054114.3,0.10667991961482426,0.24275895458399846,False,0.03297961404043814,False,False
MWI,Malawi,1995,2238776661.5,0.10772722296721349,0.2561325519170387,False,0.03360293076245506,False,False
MWI,Malawi,1996,2311685185.8,0.032566233851638815,-0.7036398018060739,False,0.03892002043235547,False,False
MWI,Malawi,1997,2225560611.3,-0.037256186538304537,-1.5952410107424553,False,0.060517554830961745,False,False
MWI,Malawi,1998,2438886276.0,0.09585255221397526,0.10449829546789355,False,0.06314166838801435,False,False
MWI,Malawi,1999,2757065362.4,0.1304608130075844,0.5464303710166785,False,0.0681305820947697,False,False
MWI,Malawi,2000,2716150630.5,-0.014839957172572915,-1.3089957461030732,False,0.07128229683055409,False,False
MWI,Malawi,2001,2591698365.2,-0.0458193532797887,-1.7045888359308639,False,0.08157541584712266,False,False
MWI,Malawi,2002,2900916474.8,0.11931099457869898,0.40405215589471716,False,0.08142706939001162,False,False
MWI,Malawi,2003,3111209644.5,0.07249197676899621,-0.1938058479844696,False,0.07928190393225348,False,False
MWI,Malawi,2004,3443607862.6,0.10683890064676738,0.2447890715505374,False,0.0739885943218256,False,False
MWI,Malawi,2005,3195998422.2,-0.07190407569027024,-2.037679122776678,False,0.08892140271782174,False,False
MWI,Malawi,2006,870594215.5,-0.7275986716849763,-10.41060706221167,True,0.3589228505737054,False,False
MWI,Malawi,2007,868946321.0,-0.0018928387883367925,-1.1436668110825101,False,0.34418394173416816,False,False
MWI,Malawi,2008,994770539.4,0.1448009104350647,0.7295470279758877,False,0.35584729094246964,False,False
MWI,Malawi,2009,1144449860.3,0.1504661778486922,0.8018899694942211,False,0.36295584064845016,False,False
MWI,Malawi,2010,1020774253.2,-0.10806555305758891,-2.499445082157123,False,0.36258559834974524,False,False
MWI,Malawi,2011,1213551485.4,0.18885393278255935,1.2920845017983347,False,0.12545456771472632,False,False
MWI,Malawi,2012,1331643879.7,0.09731140023373253,0.12312713489806268,False,0.11790421562630264,False,False
MWI,Malawi,2013,1562928822.3,0.17368377996984075,1.098368407282687,False,0.1216230309008922,False,False
MWI,Malawi,2014,1660844756.6,0.0626490041663621,-0.31949622398438665,False,0.11890496563613828,False,False
MWI,Malawi,2015,1722514630.8,0.03713163072883918,-0.6453417171471166,False,0.06702226635301098,False,False
MWI,Malawi,2016,1848081075.2,0.07289717146941288,-0.18863169213698552,False,0.05216338171997525,False,False
MWI,Malawi,2017,2162398106.2,0.17007751186780817,1.0523179698792873,False,0.06396913390304695,False,False
MWI,Malawi,2018,2265713574.3,0.04777819024340402,-0.5093898942056369,False,0.053205931505454204,False,False
MWI,Malawi,2019,2427416965.7,0.07136974118626549,-0.20813629652357887,False,0.05271318754027492,False,False
MWI,Malawi,2020,2961709327.2,0.22010736888210092,1.6911769602686049,False,0.07460840457940222,False,False
MWI,Malawi,2021,3197123056.9,0.0794857643651885,-0.10449829546789355,False,0.07369961468547881,False,False
MWI,Malawi,2022,3340066801.7,0.044710116644243625,-0.5485678275233309,False,0.07277230075651575,False,False
MWI,Malawi,2023,3604152682.7,0.07906604768071945,-0.10985789058352313,False,0.06920254992008097,False,False
MWI,Malawi,2024,3743648285.8,0.03870413253289229,-0.6252615695137594,False,0.07384326968723691,False,False
NER,Niger,1970,31677128.3,,,False,,False,False
NER,Niger,1971,41579704.9,0.3126096692293916,1.5970976288312957,False,,False,False
NER,Niger,1972,54878131.9,0.31982975906113276,1.6494632667520126,False,,False,False
NER,Niger,1973,65143781.3,0.18706266129295845,0.6865342822748188,False,0.07465619325587705,False,False
NER,Niger,1974,94027452.3,0.4433833962905067,2.5455691576368538,True,0.1046855893061454,False,False
NER,Niger,1975,114513117.9,0.21786898505597407,0.9099654075705856,False,0.10066937151689367,False,False
NER,Niger,1976,133362568.9,0.1646051679115097,0.5236552884637069,False,0.1153143635779022,False,False
NER,Niger,1977,173254567.7,0.2991244029643161,1.4992921185179833,False,0.11327646069073607,False,False
NER,Niger,1978,609493090.1,2.517904885228605,17.591592639353184,True,1.0057765792499362,True,True
NER,Niger,1979,631712155.6,0.036454991633054545,-0.405788234658679,False,1.0501102020884374,False,False
NER,Niger,1980,865702257.1,0.3704062038789744,2.0162824973112974,False,1.0366489819235192,False,False
NER,Niger,1981,1024767756.1,0.18374157823366488,0.6624472366783717,False,1.0343137647076956,False,False
NER,Niger,1982,960416774.7,-0.06279567347523018,-1.1256303022188554,False,1.0794450770884016,False,False
NER,Niger,1983,972233736.6,0.01230399365285062,-0.580949824767363,False,0.17178575026032192,False,False
NER,Niger,1984,978440332.1,0.006383851193752177,-0.623887245724278,False,0.17540596557480445,False,False
NER,Niger,1985,1223458486.1,0.2504170627084883,1.1460290700854203,False,0.13245488293484967,False,False
NER,Niger,1986,1443389299.3,0.17976156583871528,0.6335811293513336,False,0.131670262171705,False,False
NER,Niger,1987,1651886700.4,0.14444987308767976,0.37747360713752715,False,0.10685969317149845,False,False
NER,Niger,1988,1700418784.0,0.02937978953898468,-0.45710303540328595,False,0.10280674075659382,False,False
NER,Niger,1989,1528025986.6,-0.10138255294643939,-1.4054919945203206,False,0.1382965646834193,False,False
NER,Niger,1990,1757574146.9,0.15022529872725943,0.4193614305480733,False,0.11672467617785821,False,False
NER,Niger,1991,1526204768.1,-0.13164131892136,-1.6249518101038456,False,0.13252085240140893,False,False
NER,Niger,1992,1548857816.8,0.01484273222930721,-0.5625369423561726,False,0.11287310978758348,False,False
NER,Niger,1993,1574772623.6,0.016731559552406683,-0.5488377156150656,False,0.1119720563934697,False,False
NER,Niger,1994,1542542790.1,-0.02046634099234035,-0.8186254657305395,False,0.10079667402158826,False,False
NER,Niger,1995,1603602191.8,0.0395836031855179,-0.3830971402860542,False,0.06801626367683826,False,False
NER,Niger,1996,1554793033.0,-0.030437198857413028,-0.8909417865643778,False,0.0288546349565019,False,False
NER,Niger,1997,1588957267.9,0.021973493690076396,-0.5108191824036497,False,0.02968562959182851,False,False
NER,Niger,1998,1686927568.3,0.06165697616870425,-0.2230040826837886,False,0.039213550980784544,False,False
NER,Niger,1999,1716840769.4,0.017732356541036998,-0.5415791670429461,False,0.03409428215967631,False,False
NER,Niger,2000,1721127519.8,0.0024968829238007917,-0.6520785255804877,False,0.03336666785020854,False,False
NER,Niger,2001,1633337031.5,-0.05100754435104349,-1.0401337341891812,False,0.04076820863220778,False,False
NER,Niger,2002,1847978005.9,0.13141254392725132,0.28291688081164984,False,0.0684207427948699,False,False
NER,Niger,2003,2149675773.7,0.16325831088723763,0.5138868466703731,False,0.09071537585659593,False,False
NER,Niger,2004,1975337918.6,-0.08109960452311904,-1.2583844712273549,False,0.1091543437463869,False,False
NER,Niger,2005,1961937154.7,-0.006784036176198938,-0.7193908804802119,False,0.10987949109614671,False,False
NER,Niger,2006,760592818.3,-0.6123255954055764,-5.111243444024421,True,0.3132874322506006,False,False
NER,Niger,2007,1090578795.1,0.43385365843652224,2.476452177991082,False,0.385461498569702,False,False
NER,Niger,2008,948320310.3,-0.13044310547680849,-1.6162614457383946,False,0.37259910275840696,False,False
NER,Niger,2009,1248816310.1,0.316871838065915,1.6280101514247334,False,0.4125047106783,False,False
NER,Niger,2010,1533781918.5,0.22818857032479123,0.9848109674281871,False,0.42470928118793266,False,False
NER,Niger,2011,2213013664.6,0.4428476681771496,2.5416836458133476,True,0.2346995327585248,False,False
NER,Niger,2012,1783792450.5,-0.19395325974075317,-2.076885872854778,False,0.2807024915755033,False,False
NER,Niger,2013,1982335397.2,0.11130383842825897,0.13707310105903367,False,0.24222902769180157,False,False
NER,Niger,2014,2002738488.1,0.010292451483648435,-0.5955390738417465,False,0.23801946005499894,False,False
NER,Niger,2015,2228591634.7,0.11277216068996965,0.14772250206366452,False,0.2303450483632795,False,False
NER,Niger,2016,2511623278.5,0.12700022713587011,0.2509153699061757,False,0.13541914511351208,False,False
NER,Niger,2017,3035459319.8,0.20856473412399934,0.8424838323019044,False,0.0704902944641947,False,False
NER,Niger,2018,3176315504.4,0.04640358171865744,-0.33363341686762654,False,0.07680070903438946,False,False
NER,Niger,2019,3584099139.8,0.12838259764658666,0.2609413827846058,False,0.05771637611178125,False,False
NER,Niger,2020,4549110074.0,0.2692478351069969,1.2826042972872584,False,0.08544468079535002,False,False
NER,Niger,2021,4966894821.1,0.0918387861150709,-0.004102411336829265,False,0.08975792837196107,False,False
NER,Niger,2022,5428667300.1,0.09297005385302937,0.004102411336829265,False,0.08532131462448402,False,False
NER,Niger,2023,5613719022.6,0.03408787318695894,-0.4229563960461946,False,0.08831070207904407,False,False
NER,Niger,2024,5308857136.5,-0.054306580873155874,-1.0640608813618773,False,0.11836416443886946,False,False
NGA,Nigeria,1970,836680592.1,,,False,,False,False
NGA,Nigeria,1971,960364871.1,0.14782735510759548,0.6851854489835193,False,,False,False
NGA,Nigeria,1972,1081759364.5,0.12640455419923358,0.4869508120685992,False,,False,False
NGA,Nigeria,1973,1778977495.8,0.6445223902658437,5.28132394521565,True,0.29314700134914096,False,False
NGA,Nigeria,1974,1880722152.3,0.05719277323080796,-0.15349636051168988,False,0.2698104216394792,False,False
NGA,Nigeria,1975,1687175642.1,-0.1029107409424116,-1.6350048773808687,False,0.28047428418469633,False,False
NGA,Nigeria,1976,1337791872.3,-0.20708203762657906,-2.5989478866762576,True,0.3295605870265835,False,False
NGA,Nigeria,1977,3146444249.6,1.351968430029757,11.8276345527496,True,0.6503615955636665,True,True
NGA,Nigeria,1978,5091168447.7,0.6180704451849823,5.036552416449251,True,0.6474551042319514,False,False
NGA,Nigeria,1979,6244582441.2,0.22655192130228374,1.4136586240199918,False,0.6330044744505854,False,False
NGA,Nigeria,1980,8938210283.3,0.43135435675061307,3.30878599807611,True,0.5740185951942433,False,False
NGA,Nigeria,1981,11445499562.3,0.2805135703379653,1.9129895915100237,False,0.45664085967585816,False,False
NGA,Nigeria,1982,11992466650.3,0.04778883481867746,-0.24051515533096662,False,0.21542560250657047,False,False
NGA,Nigeria,1983,17576996152.9,0.4656697963350436,3.62632191393015,True,0.16853940589395822,False,False
NGA,Nigeria,1984,17783310906.8,0.01173777089698902,-0.5741115696132364,False,0.21092576926693796,False,False
NGA,Nigeria,1985,18655375059.1,0.04903834594527279,-0.22895287710407544,False,0.19636928998416242,False,False
NGA,Nigeria,1986,22215781653.5,0.1908515150792025,1.0833070002701162,False,0.1877681878071222,False,False
NGA,Nigeria,1987,29024891233.2,0.306498762271876,2.1534420472938356,False,0.18716634178687963,False,False
NGA,Nigeria,1988,29624118543.4,0.02064529046415786,-0.49168635758033974,False,0.1287820078145537,False,False
NGA,Nigeria,1989,30121991493.0,0.016806338013757305,-0.5272098798496315,False,0.12777455199753343,False,False
NGA,Nigeria,1990,33458483418.1,0.11076598059179976,0.342240184630203,False,0.12246631818473792,False,False
NGA,Nigeria,1991,33526931287.4,0.0020457552855779326,-0.6637960699696712,False,0.12766864512961923,False,False
NGA,Nigeria,1992,29018663727.6,-0.13446705041848817,-1.9270093439360885,False,0.08805318212362287,False,False
NGA,Nigeria,1993,30699263745.6,0.05791445235989823,-0.14681834484341916,False,0.09141666022108907,False,False
NGA,Nigeria,1994,33092276818.4,0.07795017797920267,0.03858107190229159,False,0.09640569964416883,False,False
NGA,Nigeria,1995,34094439060.4,0.030283870992000583,-0.4024963156485995,False,0.08397245792035907,False,False
NGA,Nigeria,1996,31414754638.8,-0.07859593808986876,-1.4100092693952528,False,0.0924201576936141,False,False
NGA,Nigeria,1997,28467535604.0,-0.09381639515210227,-1.5508508798045288,False,0.07955881039664402,False,False
NGA,Nigeria,1998,30313714707.5,0.06485208727518343,-0.08262134537716233,False,0.08089790324022847,False,False
NGA,Nigeria,1999,29095550936.6,-0.04018523571440136,-1.054578078505748,False,0.06884248456086572,False,False
NGA,Nigeria,2000,33514256077.2,0.15186875650605414,0.7225823207687672,False,0.10471413801460933,False,False
NGA,Nigeria,2001,34976644763.9,0.04363482463496715,-0.2789540459331414,False,0.09539026543010362,False,False
NGA,Nigeria,2002,36779630348.3,0.05154827161297337,-0.20572742654098614,False,0.06833699029144835,False,False
NGA,Nigeria,2003,41856858871.2,0.1380445772515675,0.5946610854978803,False,0.07826837407027704,False,False
NGA,Nigeria,2004,45910626685.7,0.09684835230885502,0.2134542242327707,False,0.049007895903084235,False,False
NGA,Nigeria,2005,33654648314.5,-0.2669529748548918,-3.1529601072994695,True,0.16082919336384074,False,False
NGA,Nigeria,2006,17491682578.5,-0.48025953458073245,-5.126779898637672,True,0.26951076258464607,False,False
NGA,Nigeria,2007,19484330676.5,0.1139197495185098,0.3714234011841082,False,0.27909776260201097,False,False
NGA,Nigeria,2008,20418957892.7,0.04796814587668918,-0.23885591092908687,False,0.2640310376540396,False,False
NGA,Nigeria,2009,22748897639.8,0.11410669238575477,0.3731532660869592,False,0.267302653839376,False,False
NGA,Nigeria,2010,29148883008.7,0.28133167023016536,1.9205598310778624,False,0.29021882384442327,False,False
NGA,Nigeria,2011,34129232146.0,0.17085900464225423,0.8983074726901701,False,0.08744790218917263,False,False
NGA,Nigeria,2012,39282745538.8,0.15099998062523068,0.7145431539001503,False,0.08563925409639078,False,False
NGA,Nigeria,2013,42604005424.4,0.08454754982234003,0.099629466904953,False,0.07536391663702083,False,False
NGA,Nigeria,2014,46672476310.2,0.09549503257432956,0.2009313591157852,False,0.07860984469121154,False,False
NGA,Nigeria,2015,45024833871.7,-0.035302228824312776,-1.0093934594612823,False,0.08056773827392659,False,False
NGA,Nigeria,2016,43735939488.9,-0.028626299576645864,-0.947618138104289,False,0.08195168464600606,False,False
NGA,Nigeria,2017,65142821169.8,0.48945745606614843,3.846439633831596,True,0.21480138055525544,False,False
NGA,Nigeria,2018,69440288784.6,0.06596993402539786,-0.072277415766689,False,0.21575059718746467,False,False
NGA,Nigeria,2019,81342753974.7,0.17140575591528417,0.9033668036597986,False,0.21649351758986307,False,False
NGA,Nigeria,2020,87591245939.4,0.07681682337241091,0.02809364124678279,False,0.1999303117867413,False,False
NGA,Nigeria,2021,96254706293.5,0.09890783332496289,0.2325115115224994,False,0.17752607770167841,False,False
NGA,Nigeria,2022,103064224482.6,0.0707447817495428,-0.02809364124678279,False,0.04358655668374161,False,False
NGA,Nigeria,2023,102472750412.9,-0.0057388882773756755,-0.7358308144839533,False,0.06350198625192435,False,False
NGA,Nigeria,2024,108757630161.5,0.0613322051303975,-0.11519236921011941,False,0.03947974350156152,False,False
NIC,Nicaragua,1970,242870748.6,,,False,,False,False
NIC,Nicaragua,1971,295916932.6,0.21841322722385703,1.7234377130177356,False,,False,False
NIC,Nicaragua,1972,354332865.6,0.1974065238063365,1.4846125640488215,False,,False,False
NIC,Nicaragua,1973,498244781.6,0.40614893500299676,3.857804419016087,True,0.11493430862598701,False,False
NIC,Nicaragua,1974,675465603.5,0.3556902720203021,3.284140028935567,True,0.10234914933806656,False,False
NIC,Nicaragua,1975,871394018.7,0.2900642374456601,2.5380378361252527,True,0.08865831405636825,False,False
NIC,Nicaragua,1976,962314691.1,0.10433933496082637,0.42653196956540057,False,0.12144189360545941,False,False
NIC,Nicaragua,1977,1355890701.5,0.4089888827843957,3.8900917769358854,True,0.12627188982570442,False,False
NIC,Nicaragua,1978,1525327856.3,0.12496372651022258,0.6610106160373442,False,0.13663117176958742,False,False
NIC,Nicaragua,1979,1615169381.3,0.05889981267235833,-0.09006982482031639,False,0.1470085933688245,False,False
NIC,Nicaragua,1980,2273188106.6,0.40739920711621025,3.872018758970106,True,0.17262212946696362,False,False
NIC,Nicaragua,1981,2561916287.3,0.12701464514164207,0.6843275038867417,False,0.1690547326724524,False,False
NIC,Nicaragua,1982,3037458636.8,0.18561978463440476,1.3506091612947022,False,0.13438809320401507,False,False
NIC,Nicaragua,1983,4202530072.2,0.38356783571789355,3.601079968089214,True,0.1556222697435586,False,False
NIC,Nicaragua,1984,4912584153.2,0.1689587150600187,1.161189510624266,False,0.1307201057895371,False,False
NIC,Nicaragua,1985,5880204932.9,0.19696777694275291,1.4796244522555355,False,0.09928691023202639,False,False
NIC,Nicaragua,1986,6895951891.5,0.1727400609657075,1.2041796210323519,False,0.09123225359914958,False,False
NIC,Nicaragua,1987,8091567355.3,0.1733793220445352,1.2114473783451782,False,0.09259221686049096,False,False
NIC,Nicaragua,1988,8811780896.0,0.0890079151634644,0.2522291032738693,False,0.0413153861596614,False,False
NIC,Nicaragua,1989,9875552769.9,0.12072155293635212,0.6127813572338614,False,0.044286991146889915,False,False
NIC,Nicaragua,1990,10976880083.2,0.11152057398313642,0.5081754547518549,False,0.03793438015789138,False,False
NIC,Nicaragua,1991,11128234987.6,0.013788517616371454,-0.6029400047715863,False,0.058063983591242256,False,False
NIC,Nicaragua,1992,11407262916.9,0.02507387106858494,-0.4746368547807221,False,0.04953678026564141,False,False
NIC,Nicaragua,1993,11657293343.5,0.021918529310793522,-0.5105099258844848,False,0.052766644175516526,False,False
NIC,Nicaragua,1994,12406061120.5,0.06423170069898831,-0.02945160562922653,False,0.04084177917312154,False,False
NIC,Nicaragua,1995,10591398107.2,-0.14627229349220416,-2.4226708924466207,False,0.08174678069995224,False,False
NIC,Nicaragua,1996,6174328565.0,-0.41704310398806466,-5.501063435427565,True,0.19979868535803444,False,False
NIC,Nicaragua,1997,6321398617.4,0.023819602544912444,-0.48889662991341926,False,0.19961813604176964,False,False
NIC,Nicaragua,1998,6379424177.2,0.009179228096814152,-0.6553430036748316,False,0.19789571559734406,False,False
NIC,Nicaragua,1999,6409337546.3,0.004689039052601318,-0.7063919496264516,False,0.1875748474711396,False,False
NIC,Nicaragua,2000,6822420902.0,0.06445024196587457,-0.02696701061293126,False,0.19932346338047185,False,False
NIC,Nicaragua,2001,6387014039.0,-0.06381999428859042,-1.4852709468793026,False,0.04638638948485449,False,False
NIC,Nicaragua,2002,6440411044.0,0.008360245440819591,-0.6646540150664488,False,0.045547941215226644,False,False
NIC,Nicaragua,2003,6854198401.8,0.06424859453427145,-0.029259539665902334,False,0.052990634702754426,False,False
NIC,Nicaragua,2004,5096750020.7,-0.25640465566892134,-3.674765392015532,True,0.13365816786793178,False,False
NIC,Nicaragua,2005,5011294159.0,-0.01676673593033373,-0.9503225918932041,False,0.12279618483512583,False,False
NIC,Nicaragua,2006,4190303477.1,-0.16382807631149476,-2.6222625353498112,True,0.13276462172616996,False,False
NIC,Nicaragua,2007,4113792029.7,-0.018259166148259953,-0.9672900266228561,False,0.12917780219199065,False,False
NIC,Nicaragua,2008,4718042360.2,0.14688402479696205,0.9102224223699488,False,0.15472026647458065,False,False
NIC,Nicaragua,2009,5923375456.1,0.255473139891204,2.14477175042658,False,0.1627981048337508,False,False
NIC,Nicaragua,2010,7017467446.6,0.18470751999576263,1.3402376273185017,False,0.1698013544437134,False,False
NIC,Nicaragua,2011,7938152810.7,0.13119909299274002,0.7319004791189058,False,0.1006275531449391,False,False
NIC,Nicaragua,2012,9154589728.9,0.1532392922142214,0.9824754388236555,False,0.049371733826133954,False,False
NIC,Nicaragua,2013,10255435645.0,0.12025071015741484,0.6074283470739309,False,0.05426354313661899,False,False
NIC,Nicaragua,2014,10965052288.8,0.06919419792234471,0.02696701061293126,False,0.042755260129254714,False,False
NIC,Nicaragua,2015,11513227717.4,0.04999296074127457,-0.1913317980583913,False,0.04345567631711129,False,False
NIC,Nicaragua,2016,12218682282.7,0.0612733963590284,-0.06308455891294097,False,0.04407338911159407,False,False
NIC,Nicaragua,2017,12741482690.8,0.0427869712956046,-0.2732566707347574,False,0.030554511797772306,False,False
NIC,Nicaragua,2018,13016798421.6,0.021607825202226483,-0.5140423199750249,False,0.018359988018401868,False,False
NIC,Nicaragua,2019,13682755037.4,0.05116132202638357,-0.1780487020666165,False,0.01482516466578547,False,False
NIC,Nicaragua,2020,13840341958.2,0.011517192288341027,-0.6287626957022969,False,0.020659636330353878,False,False
NIC,Nicaragua,2021,14824686632.9,0.07112141287208606,0.04887751167152255,False,0.02371589805357598,False,False
NIC,Nicaragua,2022,15131422389.3,0.020690876238777856,-0.5244671100260837,False,0.025006234358629677,False,False
NIC,Nicaragua,2023,15360449736.8,0.015135876959059269,-0.5876218803930751,False,0.026033377373100207,False,False
NIC,Nicaragua,2024,15490530047.6,0.008468522278248125,-0.6634230160222492,False,0.025968163570346436,False,False
NPL,Nepal,1970,3800810.8,,,False,,False,False
NPL,Nepal,1971,9157279.6,1.4092963532938816,9.729408608662428,True,,False,False
NPL,Nepal,1972,12304770.9,0.34371466608926093,1.7622254472777614,False,,False,False
NPL,Nepal,1973,20103243.4,0.6337763265466403,3.9309699036711265,True,0.5509130921871404,False,False
NPL,Nepal,1974,27553349.5,0.3705922448314982,1.96318478746284,False,0.49748751248172907,False,False
NPL,Nepal,1975,34017048.9,0.23458851708755035,0.946306754949269,False,0.4764252742521435,False,False
NPL,Nepal,1976,49578186.8,0.45745114297672074,2.612614820869707,True,0.14918432295192335,False,False
NPL,Nepal,1977,100529800.0,1.0277022313369475,6.876290636154662,True,0.30631710619486907,False,False
NPL,Nepal,1978,112579824.5,0.11986519917477212,0.08853892948048371,False,0.3518434503832282,False,False
NPL,Nepal,1979,146346992.4,0.2999397809507156,1.4349276605803494,False,0.3568138772290858,False,False
NPL,Nepal,1980,204459231.0,0.3970852946616481,2.1612690667208816,False,0.341892052203279,False,False
NPL,Nepal,1981,278427656.7,0.3617759165884762,1.8972665169383984,False,0.3447642804062836,False,False
NPL,Nepal,1982,352779239.0,0.2670409368854916,1.18894828648555,False,0.10745595034899029,False,False
NPL,Nepal,1983,452414309.5,0.2824289512683029,1.3040019989789569,False,0.05543542825798218,False,False
NPL,Nepal,1984,470288696.6,0.039508889804468206,-0.5122722918587246,False,0.13951876631736956,False,False
NPL,Nepal,1985,589788225.3,0.2540982370274556,1.0921777980190017,False,0.1201577477735862,False,False
NPL,Nepal,1986,743794136.3,0.2611206945029527,1.144683584879035,False,0.10190355942131749,False,False
NPL,Nepal,1987,985839696.3,0.32542009702315533,1.62543989215938,False,0.11142064444570697,False,False
NPL,Nepal,1988,1165294504.9,0.1820324432800995,0.5533534306802812,False,0.1092010867103518,False,False
NPL,Nepal,1989,1355746933.8,0.16343716382352946,0.41431951226124436,False,0.06543116328213493,False,False
NPL,Nepal,1990,1626688626.5,0.19984680469870741,0.6865485503312999,False,0.06642358988426432,False,False
NPL,Nepal,1991,1765142177.1,0.08511373863718341,-0.1712921604802747,False,0.08688916965012417,False,False
NPL,Nepal,1992,1798082304.9,0.018661458678710163,-0.6681451866519805,False,0.07601788837629347,False,False
NPL,Nepal,1993,2003093150.2,0.11401638553547833,0.04480828911700092,False,0.07020154432333481,False,False
NPL,Nepal,1994,2320287857.8,0.15835244984404717,0.3763019223530862,False,0.0693784719543608,False,False
NPL,Nepal,1995,2409751198.5,0.038557000761459514,-0.5193894133765131,False,0.056478062034476674,False,False
NPL,Nepal,1996,2397938028.0,-0.004902236590795472,-0.8443271522633644,False,0.06864779932032412,False,False
NPL,Nepal,1997,2413357113.7,0.006430143531632515,-0.7595967658706776,False,0.07089038581882368,False,False
NPL,Nepal,1998,2668527138.8,0.1057323939550705,-0.01712978566506294,False,0.06946763803121556,False,False
NPL,Nepal,1999,3027783792.6,0.13462731878438094,0.19891292726244544,False,0.061493979471056746,False,False
NPL,Nepal,2000,2874494832.4,-0.05062744591428325,-1.186207199703524,False,0.07844788115362676,False,False
NPL,Nepal,2001,2740752757.6,-0.04652715784788353,-1.1555500042658426,False,0.0860159487811751,False,False
NPL,Nepal,2002,2997587654.6,0.09370961911387554,-0.10702214250461313,False,0.08886442458727929,False,False
NPL,Nepal,2003,3213264260.6,0.07195005813058697,-0.2697148857704696,False,0.08449582753329109,False,False
NPL,Nepal,2004,3366391763.1,0.04765481145687245,-0.4513665437567198,False,0.0675621483484685,False,False
NPL,Nepal,2005,3189016423.0,-0.05269004696490254,-1.2016289365412298,False,0.06812977334262377,False,False
NPL,Nepal,2006,3402732071.5,0.06701616428144686,-0.3066048177831432,False,0.05729887184093705,False,False
NPL,Nepal,2007,3613195511.4,0.06185131108698294,-0.345221595732758,False,0.05214077647580344,False,False
NPL,Nepal,2008,3696697651.9,0.023110329965965626,-0.6348816904483497,False,0.04893780912553913,False,False
NPL,Nepal,2009,3777036974.1,0.021732727359703663,-0.6451818039164056,False,0.04788057853592904,False,False
NPL,Nepal,2010,3787483271.7,0.0027657387713260206,-0.7869949318239609,False,0.027847909170560292,False,False
NPL,Nepal,2011,3826237147.3,0.010232091555246958,-0.7311702110246914,False,0.02279848675650334,False,False
NPL,Nepal,2012,3809914765.9,-0.004265909501066312,-0.839569436796498,False,0.011862610645054299,False,False
NPL,Nepal,2013,4012919215.7,0.053283199828236816,-0.4092839877250896,False,0.022578825287577167,False,False
NPL,Nepal,2014,3980972649.0,-0.007960929433867836,-0.8671965074782635,False,0.024741906030645962,False,False
NPL,Nepal,2015,4142916401.3,0.04067944358790809,-0.5035202491904777,False,0.027333897513894163,False,False
NPL,Nepal,2016,4297388214.0,0.037285766290511724,-0.5288942293776931,False,0.027984336699111222,False,False
NPL,Nepal,2017,4963402939.1,0.15498127977599574,0.351096225105414,False,0.060166472800611916,False,False
NPL,Nepal,2018,5510938186.4,0.1103144866572694,0.01712978566506294,False,0.06482993262404427,False,False
NPL,Nepal,2019,6515787783.1,0.18233730132916182,0.5556328053582318,False,0.06563099517406268,False,False
NPL,Nepal,2020,7905810313.0,0.21333146139370918,0.7873711630390205,False,0.06860251502941404,False,False
NPL,Nepal,2021,8820883327.7,0.11574689734147703,0.05774704800042258,False,0.04383749296443187,False,False
NPL,Nepal,2022,9183774214.5,0.04113997128387603,-0.5000769575604457,False,0.06733678908168847,False,False
NPL,Nepal,2023,9982808324.0,0.08700498192109607,-0.15715163814716396,False,0.07001670627035766,False,False
NPL,Nepal,2024,10152157325.7,0.01696406423960517,-0.6808363323012098,False,0.0766274538118652,False,False
PAK,Pakistan,1970,3406742576.0,,,False,,False,False
PAK,Pakistan,1971,3795844722.3,0.114215306152325,0.6054902707730567,False,,False,False
PAK,Pakistan,1972,4072098744.3,0.07277800916803856,-0.0410631210486019,False,,False,False
PAK,Pakistan,1973,4566895944.2,0.1215091359443583,0.7192971726372711,False,0.026283620537287902,False,False
PAK,Pakistan,1974,5121326329.1,0.12140201827986297,0.7176257969843239,False,0.023382555496911556,False,False
PAK,Pakistan,1975,5752876894.9,0.12331777457949755,0.7475176775744637,False,0.02145342738820405,False,False
PAK,Pakistan,1976,6802351667.8,0.1824260786512526,1.669794883467296,False,0.03889186177180827,False,False
PAK,Pakistan,1977,7564124307.0,0.11198665937928065,0.5707163054048368,False,0.02846487900512114,False,False
PAK,Pakistan,1978,8329288878.1,0.10115705930320318,0.4017401614272217,False,0.03164098768058189,False,False
PAK,Pakistan,1979,8918890624.5,0.07078656473906508,-0.0721359767579261,False,0.0410119814363637,False,False
PAK,Pakistan,1980,9931198662.3,0.11350156431106018,0.594353631997371,False,0.04092473759370052,False,False
PAK,Pakistan,1981,10580767699.9,0.06540691206448623,-0.15607563828774074,False,0.02291956591063162,False,False
PAK,Pakistan,1982,11703994182.1,0.10615737100159728,0.47976089936261856,False,0.02180604082507578,False,False
PAK,Pakistan,1983,12026223274.4,0.027531549254596666,-0.7470515482390182,False,0.03464869495912443,False,False
PAK,Pakistan,1984,12227885011.6,0.016768501016380943,-0.9149892722512143,False,0.044081874361306485,False,False
PAK,Pakistan,1985,13464882307.0,0.10116199933402381,0.4018172415920788,False,0.04098545895301895,False,False
PAK,Pakistan,1986,14954407650.6,0.11062297535461108,0.549438505072989,False,0.046194800432207105,False,False
PAK,Pakistan,1987,16797670141.1,0.12325880994865379,0.7465976421270744,False,0.04980649262303795,False,False
PAK,Pakistan,1988,17065165352.3,0.015924542448628065,-0.9281577053839183,False,0.05280299647157592,False,False
PAK,Pakistan,1989,18348188708.1,0.07518376349204714,-0.00352571558831778,False,0.04257051649837799,False,False
PAK,Pakistan,1990,20663375831.9,0.1261806906737306,0.7921882580886593,False,0.04622477165695548,False,False
PAK,Pakistan,1991,23363317172.7,0.13066312894681253,0.8621285263979399,False,0.049207200670323296,False,False
PAK,Pakistan,1992,24916921216.9,0.06649757963374237,-0.13905776145760274,False,0.0473519423572181,False,False
PAK,Pakistan,1993,24538518425.4,-0.015186578959977881,-1.4135899737516513,False,0.058970086848518066,False,False
PAK,Pakistan,1994,27381870429.1,0.11587301052197274,0.6313557219688664,False,0.06146872080334393,False,False
PAK,Pakistan,1995,30231991090.7,0.10408787336058123,0.4474701657350547,False,0.058472007140225005,False,False
PAK,Pakistan,1996,29841837480.8,-0.012905322998061464,-1.3779951380086306,False,0.062708236223809,False,False
PAK,Pakistan,1997,30087535063.7,0.008233326217196968,-1.0481650973610377,False,0.06464831862897949,False,False
PAK,Pakistan,1998,32302604020.2,0.07362081844891422,-0.027912620440042193,False,0.057492252276409736,False,False
PAK,Pakistan,1999,34182506198.9,0.058196614041531314,-0.26857917935014,False,0.04791065266016261,False,False
PAK,Pakistan,2000,33101002264.3,-0.03163910593058872,-1.6703016294593005,False,0.04532644657312747,False,False
PAK,Pakistan,2001,32359125649.3,-0.022412512137136353,-1.5263374728595234,False,0.04716683618234631,False,False
PAK,Pakistan,2002,34301743105.4,0.06003306384584062,-0.23992473187648686,False,0.05029037458519096,False,False
PAK,Pakistan,2003,36987109546.7,0.07828658832434798,0.04488820292362894,False,0.05138998706535526,False,False
PAK,Pakistan,2004,36879998439.8,-0.0028959036867900467,-1.2218164179458364,False,0.0498001353588901,False,False
PAK,Pakistan,2005,34521383741.9,-0.06395376349459503,-2.1745128829463862,False,0.058847732244431794,False,False
PAK,Pakistan,2006,37659231394.5,0.09089576698489821,0.24163142278557026,False,0.06484740118625855,False,False
PAK,Pakistan,2007,42532926374.9,0.12941567843872104,0.8426643379533592,False,0.07825640107209006,False,False
PAK,Pakistan,2008,50112215045.1,0.17819814708711812,1.6038257278484433,False,0.09856957798453969,False,False
PAK,Pakistan,2009,56926359340.6,0.13597771101052714,0.9450528798062295,False,0.09362785003083846,False,False
PAK,Pakistan,2010,63407877831.5,0.11385794851414932,0.5999143570462641,False,0.03220362972923163,False,False
PAK,Pakistan,2011,65010917821.7,0.025281401065967213,-0.7821610039549987,False,0.05630421808263521,False,False
PAK,Pakistan,2012,63876676495.3,-0.01744693605942904,-1.448858720888621,False,0.0808632560774745,False,False
PAK,Pakistan,2013,60219473309.0,-0.05725412446230038,-2.069977243424496,False,0.08312916952017083,False,False
PAK,Pakistan,2014,64281642245.6,0.06745606883268596,-0.12410228685614871,False,0.06755795460043129,False,False
PAK,Pakistan,2015,68673371108.6,0.06832010990354886,-0.11062050291518657,False,0.054653564707185444,False,False
PAK,Pakistan,2016,75132689979.4,0.09405856690193981,0.2909811430337797,False,0.06487316652801156,False,False
PAK,Pakistan,2017,93080292741.6,0.2388787459509425,2.5506357243608337,True,0.10552997266535129,False,False
PAK,Pakistan,2018,100120484567.5,0.07563568633635742,0.00352571558831778,False,0.0734601583517871,False,False
PAK,Pakistan,2019,110097413225.2,0.09964922463967585,0.37821315346674694,False,0.0702641786291204,False,False
PAK,Pakistan,2020,117948502847.7,0.07131039133899453,-0.06396261870710485,False,0.06977527462835814,False,False
PAK,Pakistan,2021,130752452005.8,0.10855541909364463,0.5171780631378675,False,0.06893661870726467,False,False
PAK,Pakistan,2022,127601482349.2,-0.024098742381215454,-1.5526480182629805,False,0.05287211639213724,False,False
PAK,Pakistan,2023,131021002940.1,0.026798439390711692,-0.7584903896589228,False,0.05515726071003277,False,False
PAK,Pakistan,2024,129717513746.7,-0.009948704132542341,-1.3318624967663653,False,0.05547076081730702,False,False
PER,Peru,1970,3299813044.7,,,False,,False,False
PER,Peru,1971,3409738680.8,0.033312686085824605,-0.2150982121221792,False,,False,False
PER,Peru,1972,3585308809.5,0.051490787164606644,0.007169934638734269,False,,False,False
PER,Peru,1973,4023439916.7,0.12220177688434619,0.8717707294369093,False,0.046960547074048134,False,False
PER,Peru,1974,5380537914.0,0.337297940418378,3.5018048257868073,True,0.13952027366380435,False,False
PER,Peru,1975,6263823225.1,0.16416301217796803,1.3848411521444972,False,0.12147925088893466,False,False
PER,Peru,1976,7725087025.3,0.23328624510738338,2.2300280511917934,False,0.10917174843336742,False,False
PER,Peru,1977,9323170353.5,0.20686929777829133,1.9070214895894102,False,0.08143737570518234,False,False
PER,Peru,1978,9864921758.9,0.05810806676900637,0.08808105224636421,False,0.10176379642023807,False,False
PER,Peru,1979,9416570413.8,-0.045449052314632254,-1.1781375061643466,False,0.11562522714484373,False,False
PER,Peru,1980,9534086343.5,0.01247969531749904,-0.4698283530480538,False,0.1219790317877456,False,False
PER,Peru,1981,8742790842.6,-0.08299646892116486,-1.637239073958749,False,0.11273901172940977,False,False
PER,Peru,1982,10871140798.2,0.24344056650988755,2.3541874554094147,False,0.12733954037691508,False,False
PER,Peru,1983,11510208723.9,0.05878572797123671,0.09636698370305088,False,0.12736782542189784,False,False
PER,Peru,1984,12325632944.2,0.07084356503517086,0.24380114563946736,False,0.11882167798028716,False,False
PER,Peru,1985,13049982870.9,0.05876776713855114,0.09614737215077691,False,0.11591151321664894,False,False
PER,Peru,1986,15046004898.8,0.15295208029359997,1.2477623097174486,False,0.08091673342497925,False,False
PER,Peru,1987,17636125496.0,0.17214673360943644,1.4824600926013278,False,0.05527534984088055,False,False
PER,Peru,1988,18380470896.9,0.04220572149301294,-0.10636086433935049,False,0.058943924534475244,False,False
PER,Peru,1989,18770828679.8,0.02123763776725851,-0.3627428203342486,False,0.068369603734221,False,False
PER,Peru,1990,20297695234.2,0.08134252250904184,0.37217450050890216,False,0.06655726381457516,False,False
PER,Peru,1991,20804189541.3,0.024953291556304213,-0.31731060064765365,False,0.06270752772304208,False,False
PER,Peru,1992,20421065903.5,-0.01841569636920637,-0.8475939636525608,False,0.03616286717557896,False,False
PER,Peru,1993,23650210716.0,0.15812812258475462,1.3110510615306903,False,0.06846509903548949,False,False
PER,Peru,1994,26596519778.8,0.12457855442305821,0.9008321774123037,False,0.07182585797071775,False,False
PER,Peru,1995,30911667664.7,0.1622448320979044,1.3613870889449537,False,0.08222078096507336,False,False
PER,Peru,1996,29032988173.4,-0.0607757404640249,-1.3655407204045993,False,0.1050290999256322,False,False
PER,Peru,1997,29724003466.9,0.023801039334046425,-0.3313994741186742,False,0.0972353714575,False,False
PER,Peru,1998,30581703299.9,0.028855461343056055,-0.26959780363498165,False,0.0886013815283347,False,False
PER,Peru,1999,29361508474.8,-0.039899505045031036,-1.110281816418177,False,0.08717604888177409,False,False
PER,Peru,2000,28834463709.6,-0.017950193725650876,-0.8419021474696178,False,0.03916828289060995,False,False
PER,Peru,2001,27722614292.0,-0.03855973978908522,-1.0939001746150447,False,0.033231373347551316,False,False
PER,Peru,2002,28445374390.4,0.026071137836685576,-0.3036424171543867,False,0.03379796656251331,False,False
PER,Peru,2003,30221849065.8,0.06245214603325944,0.14119718595380945,False,0.04463342350562376,False,False
PER,Peru,2004,31742552289.6,0.050318007362457395,-0.007169934638734269,False,0.04348922030759698,False,False
PER,Peru,2005,29513668636.0,-0.07021753113187001,-1.4809878347512113,False,0.05776777385486437,False,False
PER,Peru,2006,29295983199.5,-0.007375749832552958,-0.7126058014453601,False,0.053260013726710506,False,False
PER,Peru,2007,32239012465.4,0.10045845691057842,0.6059097677196293,False,0.06676374170284033,False,False
PER,Peru,2008,34719588729.2,0.07694330793978987,0.3183842137636841,False,0.06895902180903593,False,False
PER,Peru,2009,37389855104.7,0.07690950478495284,0.3179708942124429,False,0.07187889117764087,False,False
PER,Peru,2010,42153893573.5,0.12741526960881844,0.9355173969792372,False,0.05046928778054838,False,False
PER,Peru,2011,45012107240.1,0.06780426253191507,0.20663884073662037,False,0.02420602572572997,False,False
PER,Peru,2012,61628878216.7,0.36916225423449167,3.891417687384466,True,0.12823415651904324,False,False
PER,Peru,2013,63547800560.9,0.031136739783785616,-0.2417040467970667,False,0.13561481853882235,False,False
PER,Peru,2014,67907395747.3,0.06860340008498089,0.21641009363906555,False,0.13654410952367496,False,False
PER,Peru,2015,67829892596.8,-0.0011413064754891566,-0.6363757175078302,False,0.14932294260989287,False,False
PER,Peru,2016,70260218413.7,0.035829716425271885,-0.18432185839494905,False,0.15208634438477978,False,False
PER,Peru,2017,68257550196.8,-0.028503586554599947,-0.9709410969156832,False,0.0371800655767014,False,False
PER,Peru,2018,68737663405.5,0.00703384764492343,-0.5364160821227079,False,0.03712969450902512,False,False
PER,Peru,2019,64935891863.0,-0.05530841978250611,-1.2986904355281872,False,0.03482711776673515,False,False
PER,Peru,2020,74849100910.6,0.15266147523644746,1.2442090096663212,False,0.08064472241169715,False,False
PER,Peru,2021,88976755115.6,0.18874848238824016,1.6854537891410655,False,0.11050618600556597,False,False
PER,Peru,2022,91689317833.1,0.0304861951188915,-0.24965841763176239,False,0.10249784698080808,False,False
PER,Peru,2023,93991708227.4,0.025110781154364936,-0.3153849363033214,False,0.1002483434243929,False,False
PER,Peru,2024,93268743431.7,-0.007691793343630682,-0.716470143776752,False,0.08694449810096949,False,False
PHL,Philippines,1970,2196027768.6,,,False,,False,False
PHL,Philippines,1971,2419452684.8,0.10174047860170599,0.46990000750864336,False,,False,False
PHL,Philippines,1972,2671171407.1,0.10403953087464801,0.4962218359425732,False,,False,False
PHL,Philippines,1973,2761258308.0,0.03372561590789269,-0.3088015330582814,False,0.03994862080757418,False,False
PHL,Philippines,1974,3305257925.0,0.19701149125523965,1.5606569595391566,False,0.06705593572008464,False,False
PHL,Philippines,1975,4170679935.6,0.26183191455474697,2.302785392713482,False,0.0896436994873602,False,False
PHL,Philippines,1976,6039460845.0,0.4480758385337844,4.435090374002485,True,0.15955405195745165,False,False
PHL,Philippines,1977,8183427508.3,0.35499305622205757,3.3693864511304836,True,0.15776834382817598,False,False
PHL,Philippines,1978,10772164769.3,0.3163389983444449,2.926836496218967,True,0.09494266109186933,False,False
PHL,Philippines,1979,13281603751.1,0.23295586686083247,1.97218378691504,False,0.08450035676897662,False,False
PHL,Philippines,1980,17417202374.8,0.31137795564466253,2.8700375637484288,True,0.07823004032044673,False,False
PHL,Philippines,1981,20785921054.3,0.19341330524895417,1.5194613608807517,False,0.0663757810557505,False,False
PHL,Philippines,1982,24412638705.7,0.17447952592169313,1.3026886946288874,False,0.06571173485026816,False,False
PHL,Philippines,1983,24211103886.8,-0.008255347622579845,-0.7894412003443616,False,0.11801674151391417,False,False
PHL,Philippines,1984,24356701585.1,0.006013674509875555,-0.6260752965279115,False,0.1353132234483446,False,False
PHL,Philippines,1985,26637306936.4,0.09363358759115159,0.37708428651622145,False,0.09291781296751361,False,False
PHL,Philippines,1986,28204156851.4,0.058821633836372955,-0.021477453452658172,False,0.07363683665849192,False,False
PHL,Philippines,1987,29784762858.7,0.05604159754279414,-0.053306063537299275,False,0.04172520819136149,False,False
PHL,Philippines,1988,28932152202.9,-0.028625732554756755,-1.0226615510203072,False,0.048251585373084924,False,False
PHL,Philippines,1989,28652845074.5,-0.009653866274490497,-0.8054528275920259,False,0.051199959178084425,False,False
PHL,Philippines,1990,30579850826.6,0.06725355709318248,0.07505955875271832,False,0.04443672039392585,False,False
PHL,Philippines,1991,32493338656.3,0.06257348476126467,0.021477453452658172,False,0.04509785835044893,False,False
PHL,Philippines,1992,33219038809.8,0.022333813129396418,-0.4392261788211335,False,0.042591439114642964,False,False
PHL,Philippines,1993,36142381235.0,0.08800201721482614,0.3126084888130442,False,0.03920444155719653,False,False
PHL,Philippines,1994,40249396303.7,0.11363432425760589,0.6060725375806175,False,0.033763532787054774,False,False
PHL,Philippines,1995,39371063204.7,-0.021822267652726435,-0.9447687436165233,False,0.05369377367277288,False,False
PHL,Philippines,1996,43993253267.6,0.11740069194647051,0.6491936467838144,False,0.06122252214757515,False,False
PHL,Philippines,1997,50698365608.8,0.15241228695714937,1.0500410776645477,False,0.06654482779629482,False,False
PHL,Philippines,1998,53589505356.3,0.057026290942171265,-0.04203231781891241,False,0.0681901934497336,False,False
PHL,Philippines,1999,58466255807.6,0.09100196799496452,0.3469548978418342,False,0.0664375461210488,False,False
PHL,Philippines,2000,58441426798.4,-0.00042467246888022725,-0.699787872169376,False,0.058520608036680855,False,False
PHL,Philippines,2001,58387972865.2,-0.0009146582506344147,-0.7053977149007439,False,0.06494530548027026,False,False
PHL,Philippines,2002,60049127095.2,0.028450280913761006,-0.36919879513068743,False,0.03939874031310401,False,False
PHL,Philippines,2003,62736143449.5,0.04474696776258025,-0.18261817653206155,False,0.03804410678064666,False,False
PHL,Philippines,2004,61123614178.8,-0.02570335347434949,-0.9892032596718681,False,0.027601359430979314,False,False
PHL,Philippines,2005,58669013597.6,-0.04015797518156827,-1.1546940913213337,False,0.03562872800739688,False,False
PHL,Philippines,2006,57585168048.9,-0.018473900995402692,-0.9064333243982456,False,0.03674747968390549,False,False
PHL,Philippines,2007,59163973066.0,0.027416869145181932,-0.3810303170122381,False,0.03653408561160561,False,False
PHL,Philippines,2008,58255598052.1,-0.015353516115063304,-0.8707080664583654,False,0.025285275899464544,False,False
PHL,Philippines,2009,55969980626.0,-0.03923429683196955,-1.1441189063495016,False,0.02742384192689972,False,False
PHL,Philippines,2010,65343964857.0,0.16748235618729979,1.222578162372002,False,0.08359051087655243,False,False
PHL,Philippines,2011,65767801994.6,0.006486247636297016,-0.620664811128102,False,0.08110062524974063,False,False
PHL,Philippines,2012,68065636191.2,0.03493858889778112,-0.29491421639715254,False,0.08112533874632497,False,False
PHL,Philippines,2013,76726107578.9,0.12723705929042195,0.7618101264905933,False,0.08574761081862964,False,False
PHL,Philippines,2014,78697459572.6,0.025693366389958117,-0.40076268428475487,False,0.07067043574191532,False,False
PHL,Philippines,2015,79698419388.1,0.012719086752433162,-0.5493050931251355,False,0.04923924426637244,False,False
PHL,Philippines,2016,75276875923.6,-0.05547843355548643,-1.330097879044435,False,0.06538040981195564,False,False
PHL,Philippines,2017,73598354220.4,-0.022297972419891288,-0.9502150831425457,False,0.0689962192755002,False,False
PHL,Philippines,2018,79219780497.7,0.07637978235852794,0.17954562830015744,False,0.04989192628601479,False,False
PHL,Philippines,2019,84368372551.9,0.06499124362443132,0.0491583525517672,False,0.056191208975960326,False,False
PHL,Philippines,2020,98504239510.9,0.16754936158457,1.223345306552172,False,0.08806257659604527,False,False
PHL,Philippines,2021,106639207267.5,0.08258495062742788,0.2505885430263369,False,0.0674262176828188,False,False
PHL,Philippines,2022,110775513064.5,0.03878785207605917,-0.25084403749425066,False,0.04854082582854954,False,False
PHL,Philippines,2023,124472460162.5,0.12364598203237231,0.7206959158256873,False,0.05073745298569952,False,False
PHL,Philippines,2024,137018240525.2,0.10079161564189665,0.45903648416497816,False,0.047794324250522185,False,False
PNG,Papua New Guinea,1970,208775480.0,,,False,,False,False
PNG,Papua New Guinea,1971,407176568.0,0.9503083791257478,6.843217447291907,True,,False,False
PNG,Papua New Guinea,1972,495025775.0,0.2157521181326918,1.386840417396305,False,,False,False
PNG,Papua New Guinea,1973,525578942.0,0.061720355874398614,0.24267295999247201,False,0.47484863542926925,False,False
PNG,Papua New Guinea,1974,505321531.0,-0.03854304155131083,-0.5020962669600519,False,0.44771952424586553,False,False
PNG,Papua New Guinea,1975,506036560.4,0.0014149988791987145,-0.20528287696876701,False,0.4096953561815354,False,False
PNG,Papua New Guinea,1976,520751938.4,0.029079673587948163,0.00021383395203369745,False,0.09769046119649721,False,False
PNG,Papua New Guinea,1977,675812946.0,0.2977636685835907,1.9960326111452862,False,0.13238617410236872,False,False
PNG,Papua New Guinea,1978,583277481.3,-0.13692467012906273,-1.2328874763490367,False,0.16207696321768605,False,False
PNG,Papua New Guinea,1979,608638131.4,0.04347956318059221,0.1071780393896325,False,0.15741840639564902,False,False
PNG,Papua New Guinea,1980,719001777.7,0.18132883992355153,1.131139942853846,False,0.1647938911676908,False,False
PNG,Papua New Guinea,1981,1184523871.7,0.6474561098988503,4.59359239743201,True,0.29492415524541515,False,False
PNG,Papua New Guinea,1982,1627595970.5,0.3740507974432914,2.562703075602319,True,0.3026891477411156,False,False
PNG,Papua New Guinea,1983,1867658923.3,0.147495420946669,0.8798210174678966,False,0.23827361484578663,False,False
PNG,Papua New Guinea,1984,2029276420.0,0.08653480283992931,0.4269978178995293,False,0.22821041225725602,False,False
PNG,Papua New Guinea,1985,2112192646.1,0.040859995850146325,0.08771956116389865,False,0.2519409760783003,False,False
PNG,Papua New Guinea,1986,1984116631.7,-0.06063652131186159,-0.6662094355183854,False,0.1622367570868354,False,False
PNG,Papua New Guinea,1987,2275815262.8,0.1470168771530691,0.8762663335017323,False,0.08674700961281714,False,False
PNG,Papua New Guinea,1988,2249839538.9,-0.011413810393397839,-0.30057689861562525,False,0.08122317033258106,False,False
PNG,Papua New Guinea,1989,2316234092.1,0.02951079490427211,0.0034162577450160716,False,0.07703386101290928,False,False
PNG,Papua New Guinea,1990,2593899557.8,0.11987798066138322,0.6746751698327196,False,0.08745796161908706,False,False
PNG,Papua New Guinea,1991,2774125271.9,0.06948060635503461,0.300317084367009,False,0.0645818584891357,False,False
PNG,Papua New Guinea,1992,3788946401.1,0.36581661955912614,2.501538558392305,True,0.14857072820844835,False,False
PNG,Papua New Guinea,1993,3268510852.4,-0.13735627100687087,-1.23609346238552,False,0.18216540471531362,False,False
PNG,Papua New Guinea,1994,2792345094.2,-0.1456827832926917,-1.2979438512367092,False,0.21112714505143793,False,False
PNG,Papua New Guinea,1995,2505573004.3,-0.10269937283026231,-0.9786576291075768,False,0.21725303140019003,False,False
PNG,Papua New Guinea,1996,2507363358.3,0.0007145487267492534,-0.21048590950060495,False,0.21470089990474947,False,False
PNG,Papua New Guinea,1997,2589508592.6,0.03276159956157865,0.027563646859670582,False,0.08199614332293705,False,False
PNG,Papua New Guinea,1998,2712134542.3,0.047354911294917645,0.13596461647940894,False,0.08583746435381276,False,False
PNG,Papua New Guinea,1999,2657223999.3,-0.020246245952619146,-0.3661853496799663,False,0.058988696046473,False,False
PNG,Papua New Guinea,2000,2325079588.0,-0.12499676782518065,-1.14428550587811,False,0.06804528470575545,False,False
PNG,Papua New Guinea,2001,2047405719.9,-0.11942553258525268,-1.1029016642235696,False,0.0818542600339885,False,False
PNG,Papua New Guinea,2002,1856713721.0,-0.09313835408710003,-0.9076371697869188,False,0.07405692639264444,False,False
PNG,Papua New Guinea,2003,1863354062.5,0.003576394909401426,-0.18922775324582444,False,0.05892421757362988,False,False
PNG,Papua New Guinea,2004,1769749010.6,-0.050234710506071645,-0.588943466165265,False,0.05378865155912044,False,False
PNG,Papua New Guinea,2005,1870906689.6,0.0571593363771421,0.20879312894441607,False,0.07171965727066941,False,False
PNG,Papua New Guinea,2006,1754570834.6,-0.062181537778814966,-0.6776860137041025,False,0.0594775210338992,False,False
PNG,Papua New Guinea,2007,1530876142.9,-0.1274925396505846,-1.1628244153982394,False,0.06982800465529933,False,False
PNG,Papua New Guinea,2008,1436380431.4,-0.06172655569704877,-0.6743063491204708,False,0.06664846441462949,False,False
PNG,Papua New Guinea,2009,1768982572.7,0.23155574528108946,1.5042317633566202,False,0.14189594627686217,False,False
PNG,Papua New Guinea,2010,5987009775.4,2.3844368326715735,17.496105411609612,True,1.0775932811190219,True,True
PNG,Papua New Guinea,2011,12584089527.7,1.1018989445126204,7.969251384852528,True,1.0586662660933635,True,True
PNG,Papua New Guinea,2012,14922490380.0,0.18582201335684467,1.1645158047376092,False,1.0049260611268425,False,False
PNG,Papua New Guinea,2013,21609688423.6,0.4481288225564932,3.1129640373716247,True,0.9220874736040141,False,False
PNG,Papua New Guinea,2014,20428666793.2,-0.05465241364193851,-0.6217587251120125,False,0.9787977514191885,False,False
PNG,Papua New Guinea,2015,20386681359.9,-0.0020552214065175933,-0.2310601131876265,False,0.4713326817512271,False,False
PNG,Papua New Guinea,2016,19247283289.3,-0.05588933532071405,-0.6309467361524828,False,0.21627645484703192,False,False
PNG,Papua New Guinea,2017,17223736382.3,-0.10513415719947006,-0.9967435160714068,False,0.22768988838949264,False,False
PNG,Papua New Guinea,2018,17723605372.7,0.02902209946232648,-0.00021383395203369745,False,0.052172746391166085,False,False
PNG,Papua New Guinea,2019,18744676569.0,0.057610806313300955,0.2121467048652248,False,0.0655239034478232,False,False
PNG,Papua New Guinea,2020,18046873709.3,-0.03722672179119002,-0.4923184769056714,False,0.06563581373051763,False,False
PNG,Papua New Guinea,2021,19711775407.6,0.09225429983709788,0.46948296668271067,False,0.07881041875564943,False,False
PNG,Papua New Guinea,2022,19606599470.6,-0.005335690714061592,-0.2554278550849756,False,0.050915497805819915,False,False
PNG,Papua New Guinea,2023,15483629098.5,-0.21028482671267767,-1.7778160196729158,False,0.11762525627237633,False,False
PNG,Papua New Guinea,2024,12854160687.9,-0.16982248760109697,-1.4772566351462588,False,0.123642295566912,False,False
PRY,Paraguay,1970,144131808.1,,,False,,False,False
PRY,Paraguay,1971,162143126.8,0.1249642180822681,0.03728482423997917,False,,False,False
PRY,Paraguay,1972,184900809.6,0.14035551952856484,0.1577330673878332,False,,False,False
PRY,Paraguay,1973,208205811.2,0.12604056007335074,0.04570799120246891,False,0.008592329297082054,False,False
PRY,Paraguay,1974,257137393.0,0.2350154470616428,0.8985165552328929,False,0.05274962054448538,False,False
PRY,Paraguay,1975,310687008.8,0.20825293114797971,0.6890802034555843,False,0.051192013076038816,False,False
PRY,Paraguay,1976,375035112.8,0.20711552841729253,0.6801791913390419,False,0.04740034761653554,False,False
PRY,Paraguay,1977,555080513.4,0.48007611675554007,2.8162963630196156,True,0.13425623190248015,False,False
PRY,Paraguay,1978,723510117.6,0.30343274558194944,1.4339321883063383,False,0.114927368578682,False,False
PRY,Paraguay,1979,912112477.7,0.260676879993917,1.0993361236192034,False,0.11258705134504961,False,False
PRY,Paraguay,1980,1056127261.9,0.1578914747040303,0.2949648018304419,False,0.12365139087603262,False,False
PRY,Paraguay,1981,1249022955.2,0.18264436518093063,0.48867435791812713,False,0.12776428941535328,False,False
PRY,Paraguay,1982,1396514339.0,0.11808540682615631,-0.016546928301239484,False,0.07592928396021133,False,False
PRY,Paraguay,1983,1510708330.3,0.08177072595027601,-0.3007359897160024,False,0.06806150025667333,False,False
PRY,Paraguay,1984,1563667838.5,0.03505607742924366,-0.666312439716705,False,0.05899180819909343,False,False
PRY,Paraguay,1985,1907737935.7,0.22004040035130523,0.7813258112525521,False,0.07471663924043412,False,False
PRY,Paraguay,1986,2173394455.8,0.1392521033044949,0.14909802465841915,False,0.06901561627434008,False,False
PRY,Paraguay,1987,2610091518.5,0.2009285804215677,0.631761777182587,False,0.07813103144223216,False,False
PRY,Paraguay,1988,2433415137.9,-0.0676897263363142,-1.4703738504789023,False,0.12075010119872628,False,False
PRY,Paraguay,1989,2459604124.7,0.010762235506844187,-0.8564296035624404,False,0.12471773836891512,False,False
PRY,Paraguay,1990,2176252017.0,-0.11520232254227514,-1.8421948274358793,False,0.13424280575072517,False,False
PRY,Paraguay,1991,2129183915.2,-0.021628056600211276,-1.1099074392706954,False,0.12124261145383483,False,False
PRY,Paraguay,1992,1690940097.4,-0.2058271315462359,-2.551400547837338,True,0.08495329026723895,False,False
PRY,Paraguay,1993,1649950801.5,-0.024240536943340274,-1.1303520175726751,False,0.08865811023360518,False,False
PRY,Paraguay,1994,2153330722.2,0.3050878367054146,1.4468844924871491,False,0.19300663676019003,False,False
PRY,Paraguay,1995,2617585263.3,0.21559834553685464,0.7465634683646624,False,0.20524999758840037,False,False
PRY,Paraguay,1996,2604084334.0,-0.005157780145422897,-0.9810154238644188,False,0.20386434400440165,False,False
PRY,Paraguay,1997,2496673813.2,-0.0412469440400236,-1.2634396491936881,False,0.159192796074803,False,False
PRY,Paraguay,1998,2826034207.6,0.13191967355072998,0.09171637406001998,False,0.14594175693556988,False,False
PRY,Paraguay,1999,3433334794.8,0.21489498802484364,0.741059179015112,False,0.1209755204834607,False,False
PRY,Paraguay,2000,3106035613.7,-0.09532981799378126,-1.68667787728286,False,0.12843945301289036,False,False
PRY,Paraguay,2001,2867285123.1,-0.07686663010138295,-1.542189865511563,False,0.1384942602240361,False,False
PRY,Paraguay,2002,3373052129.5,0.17639229608710272,0.4397473233188693,False,0.14581793075896948,False,False
PRY,Paraguay,2003,6798833897.6,1.01563261893845,7.007419512638788,True,0.45246313817464895,False,False
PRY,Paraguay,2004,7376893644.3,0.0850233665664426,-0.27528168689595833,False,0.4584510796853234,False,False
PRY,Paraguay,2005,8302216058.4,0.12543523855938732,0.04097090557323282,False,0.4301288416542691,False,False
PRY,Paraguay,2006,9565284908.6,0.15213635026060968,0.24992672426916623,False,0.3953997064617195,False,False
PRY,Paraguay,2007,10714075892.8,0.12010002787968599,-0.0007810382397000006,False,0.4009504188949721,False,False
PRY,Paraguay,2008,12542605510.3,0.17066610651216285,0.3949356823644253,False,0.03272321380468589,False,False
PRY,Paraguay,2009,14051476381.7,0.12029963552317069,0.0007810382397000006,False,0.02268327957820114,False,False
PRY,Paraguay,2010,16123448799.3,0.14745585170668907,0.213298383914527,False,0.021821351865294745,False,False
PRY,Paraguay,2011,16051060833.8,-0.004489608048567351,-0.9757864862422508,False,0.06781598131326232,False,False
PRY,Paraguay,2012,16608641152.8,0.03473791076947763,-0.6688023276141485,False,0.0752308697884659,False,False
PRY,Paraguay,2013,16505154683.0,-0.0062308811929838726,-0.9894132280624478,False,0.07150987232203675,False,False
PRY,Paraguay,2014,17285275329.7,0.047265273284806675,-0.5707665109866523,False,0.06259717809143985,False,False
PRY,Paraguay,2015,17315302892.1,0.0017371758231934376,-0.9270573270849246,False,0.024679680115885623,False,False
PRY,Paraguay,2016,17249495429.0,-0.0038005377965419918,-0.9703940052001833,False,0.024547976789216847,False,False
PRY,Paraguay,2017,17066059548.8,-0.010634275127352821,-1.0238730211561806,False,0.023679026992842807,False,False
PRY,Paraguay,2018,17201035979.9,0.00790905661110819,-0.8787578249007744,False,0.022728038982000442,False,False
PRY,Paraguay,2019,17873915576.2,0.03911855059696889,-0.634520602126159,False,0.019285062111895113,False,False
PRY,Paraguay,2020,21121327299.6,0.181684405387037,0.4811619671647848,False,0.07991655894332203,False,False
PRY,Paraguay,2021,22658308979.4,0.07276918055377668,-0.3711796966635308,False,0.07598041333059713,False,False
PRY,Paraguay,2022,25239775496.5,0.11393023722321738,-0.049064183609482476,False,0.06775721111729203,False,False
PRY,Paraguay,2023,26605367216.2,0.05410474906519536,-0.5172425874461691,False,0.05728445132950065,False,False
PRY,Paraguay,2024,29963457224.3,0.1262185175198507,0.04710063898217665,False,0.049817717032156913,False,False
RUS,Russian Federation,1992,79671384011.6,,,False,,False,False
RUS,Russian Federation,1993,112463242743.2,0.41158891788330876,3.7508741361678224,True,,False,False
RUS,Russian Federation,1994,122365566099.3,0.08804942054455167,0.6159647133572919,False,,False,False
RUS,Russian Federation,1995,122074627736.6,-0.002377616285155759,-0.2602206431943093,False,0.21764770721645083,False,False
RUS,Russian Federation,1996,127025505816.3,0.040556159551700555,0.1557826563560756,False,0.18841164450965106,False,False
RUS,Russian Federation,1997,128143868208.0,0.008804234901589991,-0.15187501325382782,False,0.17257402647113404,False,False
RUS,Russian Federation,1998,175719267829.0,0.37126551809546426,3.3601638612417473,True,0.15496070426472672,False,False
RUS,Russian Federation,1999,180043060834.5,0.024606254390427296,0.0012373585043683785,False,0.15886117505845224,False,False
RUS,Russian Federation,2000,146665107929.8,-0.1853887217313076,-2.0334917388757274,False,0.20064341769247876,False,False
RUS,Russian Federation,2001,141151650545.7,-0.03759215441166108,-0.6014290220807841,False,0.20475631327806998,False,False
RUS,Russian Federation,2002,138446858475.7,-0.01916231272920388,-0.42285458271102755,False,0.20607425824533135,False,False
RUS,Russian Federation,2003,185905051377.9,0.3427899587228971,3.0842522642616896,True,0.19437213148215923,False,False
RUS,Russian Federation,2004,214206935067.3,0.15223837910605842,1.2379183625717831,False,0.2025096557013497,False,False
RUS,Russian Federation,2005,249832035581.0,0.16631161125809135,1.3742797912248503,False,0.1557374996747496,False,False
RUS,Russian Federation,2006,311276773723.7,0.2459441920641059,2.145873151494287,False,0.13364570263259165,False,False
RUS,Russian Federation,2007,416328308281.2,0.3374859399267205,3.032859409170837,True,0.0906032921895125,True,True
RUS,Russian Federation,2008,419311363943.6,0.0071651521240903016,-0.16775677138912645,False,0.12243742764554084,True,False
RUS,Russian Federation,2009,406462229699.8,-0.030643420018371503,-0.5340998301109923,False,0.15615976495731465,True,False
RUS,Russian Federation,2010,417886400642.8,0.02810635308337872,0.035151277712234565,False,0.1635566702849145,True,False
RUS,Russian Federation,2011,544355500577.8,0.3026399034294083,2.695221596595989,True,0.17615793396843799,True,True
RUS,Russian Federation,2012,591836363065.8,0.08722399688733207,0.6079668385317675,False,0.13214998783023635,True,False
RUS,Russian Federation,2013,668513124292.2,0.12955736756221414,1.01815256151033,False,0.12676669427277404,True,False
RUS,Russian Federation,2014,554415745561.2,-0.1706733564158559,-1.8909084136033645,False,0.1713910605916639,True,False
RUS,Russian Federation,2015,492191137727.2,-0.11223456103508367,-1.3246704989012152,False,0.19139117440811387,True,False
RUS,Russian Federation,2016,535225173047.3,0.08743358427544834,0.6099976183385989,False,0.13571381851763742,True,False
RUS,Russian Federation,2017,519202537324.6,-0.029936252122588436,-0.5272477847865902,False,0.12768549814972882,True,False
RUS,Russian Federation,2018,477785389198.2,-0.07977069669154258,-1.0101145480249865,False,0.09747184620017083,True,False
RUS,Russian Federation,2019,485793305491.7,0.01676048802358432,-0.07478355119876244,False,0.07907084440653998,True,False
RUS,Russian Federation,2020,460933940334.8,-0.05117272073508383,-0.7330168055958985,False,0.06550016187031679,True,False
RUS,Russian Federation,2021,472158073713.0,0.02435085029765305,-0.0012373585043683785,False,0.044393630807844094,True,False
RUS,Russian Federation,2022,376117000821.9,-0.20340872736929683,-2.2080951055072924,False,0.0922401289037267,True,False
RWA,Rwanda,1970,4878977.4,,,False,,False,False
RWA,Rwanda,1971,1998751.4,-0.59033394989696,-5.599676596747361,True,,False,False
RWA,Rwanda,1972,3384478.7,0.693296474989336,4.186938338713433,True,,False,False
RWA,Rwanda,1973,7914015.3,1.3383262243606375,9.104753978345757,True,0.9817926217753525,True,True
RWA,Rwanda,1974,12310096.7,0.5554805283229614,3.1362063088074863,True,0.8025081489977623,False,False
RWA,Rwanda,1975,24074478.2,0.9556693003069587,6.187313026887362,True,0.7243540182241102,False,False
RWA,Rwanda,1976,47677144.2,0.9804019760644285,6.375879119797947,True,0.30124990863189605,False,False
RWA,Rwanda,1977,87491537.9,0.8350834423509788,5.26794610039691,True,0.28247070473144786,False,False
RWA,Rwanda,1978,126802922.0,0.449316414404918,2.326793192121414,False,0.24017590927633797,False,False
RWA,Rwanda,1979,156078453.5,0.2308742656576952,0.661353394172494,False,0.3334244128595006,False,False
RWA,Rwanda,1980,189831300.7,0.2162556486376257,0.5498985915356163,False,0.34985436345764076,False,False
RWA,Rwanda,1981,196579659.0,0.03554923911449559,-0.8278375637360336,False,0.30662237802429065,False,False
RWA,Rwanda,1982,218308574.3,0.11053491195648069,-0.25613414228904413,False,0.15657460464327994,False,False
RWA,Rwanda,1983,240503861.8,0.10166933466158401,-0.3237267993993673,False,0.082636573254784,False,False
RWA,Rwanda,1984,290096525.8,0.20620319203539705,0.47325696633406594,False,0.07626879809831288,False,False
RWA,Rwanda,1985,365597855.9,0.26026278629773225,0.8854164340091831,False,0.08951669472836377,False,False
RWA,Rwanda,1986,451264931.1,0.23432050767669743,0.6876281247806963,False,0.07246857845608559,False,False
RWA,Rwanda,1987,605111630.7,0.3409232337753001,1.5003852947346843,False,0.0869838306292558,False,False
RWA,Rwanda,1988,653567381.9,0.0800773753826971,-0.48834753997065283,False,0.09502940946607853,False,False
RWA,Rwanda,1989,623297105.0,-0.04631546453863811,-1.4519878767280292,False,0.15516398922888455,False,False
RWA,Rwanda,1990,711728808.0,0.14187728819950163,-0.017174577677640517,False,0.14752659657725833,False,False
RWA,Rwanda,1991,809899702.6,0.13793300692136667,-0.047246443627431495,False,0.13988207784459158,False,False
RWA,Rwanda,1992,857063267.2,0.05823383370631219,-0.6548863871878376,False,0.07657581336452855,False,False
RWA,Rwanda,1993,908962809.2,0.06055508850537272,-0.6371887489540694,False,0.07670907898703709,False,False
RWA,Rwanda,1994,955151668.6,0.0508149056622591,-0.7114495463288111,False,0.04582663331859008,False,False
RWA,Rwanda,1995,1032504216.9,0.08098457118687574,-0.4814309260961036,False,0.035477074840338824,False,False
RWA,Rwanda,1996,1045357833.6,0.01244897259460287,-1.003957893196698,False,0.025079865833950204,False,False
RWA,Rwanda,1997,1112854511.6,0.06456801281868718,-0.60659353692251,False,0.02558990463583469,False,False
RWA,Rwanda,1998,1227864434.5,0.10334677327645037,-0.31093772437956646,False,0.03411758720965898,False,False
RWA,Rwanda,1999,1311799009.3,0.06835817737010941,-0.5776966828999913,False,0.03352098501008972,False,False
RWA,Rwanda,2000,1289758077.6,-0.016802064602687516,-1.2269727360694656,False,0.047964427385310884,False,False
RWA,Rwanda,2001,1299040552.2,0.007197066458597412,-1.0439993116873996,False,0.048940928881984966,False,False
RWA,Rwanda,2002,1452031421.5,0.11777220429408541,-0.20095580441989275,False,0.0589323985063293,False,False
RWA,Rwanda,2003,1555052246.9,0.0709494463236724,-0.5579404111950871,False,0.05399607696529134,False,False
RWA,Rwanda,2004,1670716289.3,0.07437952173669826,-0.5317889375185034,False,0.0545858827087328,False,False
RWA,Rwanda,2005,1526467033.2,-0.08633976757384565,-1.7571399160312953,False,0.07933258897496678,False,False
RWA,Rwanda,2006,433571511.0,-0.7159640519120253,-6.5575016910170065,True,0.34869313495249227,False,False
RWA,Rwanda,2007,619217476.9,0.4281784231436736,2.165633580310827,False,0.4193722741220811,False,False
RWA,Rwanda,2008,928908920.7,0.5001335643018574,2.7142317168844823,True,0.4876040123141635,False,False
RWA,Rwanda,2009,1101366314.6,0.1856558700825488,0.3166007169893384,False,0.49207993020860585,False,False
RWA,Rwanda,2010,1233314075.5,0.11980370123079487,-0.18546732901708768,False,0.48509560241066985,False,False
RWA,Rwanda,2011,1460707197.2,0.18437568030496387,0.30684033412941464,False,0.1688619600937613,False,False
RWA,Rwanda,2012,1814518289.8,0.24221903833856184,0.7478478551991652,False,0.1482916749610506,False,False
RWA,Rwanda,2013,2314567423.3,0.2755823054035551,1.0022150324051378,False,0.05992659746704544,False,False
RWA,Rwanda,2014,2909860018.3,0.25719388815697575,0.862018636794774,False,0.06361626118878977,False,False
RWA,Rwanda,2015,3451961693.0,0.18629819692038208,0.32149792517536535,False,0.04169602449216356,False,False
RWA,Rwanda,2016,4318716827.6,0.25109060055841126,0.8154861423871139,False,0.03370039546116275,False,False
RWA,Rwanda,2017,5076087515.8,0.17536937901549954,0.23817477354133568,False,0.04514540818929058,False,False
RWA,Rwanda,2018,5681081205.9,0.11918503930771007,-0.19018411190029091,False,0.05740917734836041,False,False
RWA,Rwanda,2019,6514940151.8,0.14677821275182779,0.020190898000929727,False,0.04956453998150775,False,False
RWA,Rwanda,2020,8193642650.5,0.2576696730262662,0.8656461009134098,False,0.062064847174108186,False,False
RWA,Rwanda,2021,9317675644.8,0.13718355098527613,-0.052960422133560475,False,0.0544861602581328,False,False
RWA,Rwanda,2022,9690063879.9,0.03996578645746518,-0.7941650616264762,False,0.07800643015808209,False,False
RWA,Rwanda,2023,11383983796.8,0.17480998452586882,0.2339098555704802,False,0.07823402838259923,False,False
RWA,Rwanda,2024,13050400791.1,0.14638258662740067,0.017174577677640517,False,0.0782399213857842,False,False
SDN,Sudan,1970,385062510.6,,,False,,False,False
SDN,Sudan,1971,395962358.0,0.028306695925853553,-0.17782667316283463,False,,False,False
SDN,Sudan,1972,452076898.3,0.14171685557039737,1.2694540153070004,False,,False,False
SDN,Sudan,1973,564428703.6,0.2485236598518752,2.6324661627041226,True,0.11012498123512329,False,False
SDN,Sudan,1974,1136481106.1,1.013506929841404,12.39477949625753,True,0.4461503770050325,False,False
SDN,Sudan,1975,1598563165.3,0.40659018149954274,4.649627808462148,True,0.3869877999208107,False,False
SDN,Sudan,1976,2087109291.2,0.30561577828444175,3.3610456897082677,True,0.3436236279191078,False,False
SDN,Sudan,1977,2620862387.0,0.2557379711980077,2.724531402049447,True,0.3234661973496021,False,False
SDN,Sudan,1978,3159023632.7,0.20533746768597494,2.081346738076263,False,0.3305562067455339,False,False
SDN,Sudan,1979,4077980153.2,0.29089890654428974,3.1732367285802052,True,0.07439648138650427,False,False
SDN,Sudan,1980,5176866635.3,0.2694683252045016,2.899750943770717,True,0.03868112017908763,False,False
SDN,Sudan,1981,6193993918.6,0.1964754657507335,1.9682545397912365,False,0.04104396703821645,False,False
SDN,Sudan,1982,7169372761.6,0.15747171466717558,1.4705092240448834,False,0.054942494718417584,False,False
SDN,Sudan,1983,7506202442.6,0.04698175031490881,0.06049452890685869,False,0.09749938992328269,False,False
SDN,Sudan,1984,8480412476.1,0.1297873379981147,1.117215799090391,False,0.08216764713631712,False,False
SDN,Sudan,1985,8955218074.8,0.05598850292224866,0.1754339589833548,False,0.06469583095692827,False,False
SDN,Sudan,1986,9631230107.2,0.07548805922463253,0.4242770199456463,False,0.04822863671177117,False,False
SDN,Sudan,1987,11248637748.6,0.1679336516101797,1.6040189497084032,False,0.05181110718611494,False,False
SDN,Sudan,1988,11530990242.8,0.025101038944483678,-0.218735578128108,False,0.05751574620592096,False,False
SDN,Sudan,1989,13359370988.2,0.15856233566251166,1.4844271544131755,False,0.06351167014802077,False,False
SDN,Sudan,1990,14798052810.3,0.10769083539717172,0.8352318780968823,False,0.05931377117116128,False,False
SDN,Sudan,1991,15298882978.4,0.03384432901546375,-0.10715831809179086,False,0.06723219269432867,False,False
SDN,Sudan,1992,15558414380.8,0.016964075270490264,-0.3225752202295006,False,0.06202330208902164,False,False
SDN,Sudan,1993,15979632963.1,0.027073361847195,-0.19356583268847893,False,0.06168416469797558,False,False
SDN,Sudan,1994,17096156407.1,0.06987165766436965,0.35260346316433916,False,0.03740052152110272,False,False
SDN,Sudan,1995,17816478183.1,0.04213355088988591,-0.0013756370789607337,False,0.02007521732242004,False,False
SDN,Sudan,1996,16971980942.0,-0.0473997853235133,-1.1439528883769552,False,0.04348596570914341,False,False
SDN,Sudan,1997,16326140589.2,-0.03805332771743575,-1.0246783221363738,False,0.05125892371267633,False,False
SDN,Sudan,1998,16843023940.7,0.03165986159900691,-0.1350353400123898,False,0.05166406028551772,False,False
SDN,Sudan,1999,16205567433.6,-0.037846915693068084,-1.0220442006637334,False,0.0430539962233895,False,False
SDN,Sudan,2000,16097061560.3,-0.006695592347789603,-0.6245074293620441,False,0.03255909205317432,False,False
SDN,Sudan,2001,15031932328.7,-0.06616917178393067,-1.3834779066269065,False,0.03729362822420162,False,False
SDN,Sudan,2002,16154779698.8,0.07469747372107194,0.41418798440003335,False,0.05575357977857303,False,False
SDN,Sudan,2003,17349202470.0,0.07393618442774086,0.4044728116498121,False,0.06444811079267383,False,False
SDN,Sudan,2004,18404623839.8,0.060833999235700764,0.23726962928388937,False,0.062125211415142934,False,False
SDN,Sudan,2005,17670919956.2,-0.039865193115947495,-1.0478003934710025,False,0.06814497620689514,False,False
SDN,Sudan,2006,18579233641.9,0.05140160715748765,0.1168984125987142,False,0.04798397215273695,False,False
SDN,Sudan,2007,20006622120.2,0.07682709124669951,0.44136504092061274,False,0.048330546737230064,False,False
SDN,Sudan,2008,20583833869.8,0.02885103472900652,-0.17088010823199185,False,0.045625272579720676,False,False
SDN,Sudan,2009,21359139483.0,0.03766575352794255,-0.05839131241354868,False,0.04355247099191559,False,False
SDN,Sudan,2010,22592936139.0,0.057764342846395644,0.19809629220012417,False,0.018574814039815726,False,False
SDN,Sudan,2011,21460776765.5,-0.050111210270968876,-1.1785546645933649,False,0.04858324379641195,False,False
SDN,Sudan,2012,22078256122.2,0.028772460729038052,-0.17188282820987227,False,0.041253398663492834,False,False
SDN,Sudan,2013,22721571815.8,0.02913797584552591,-0.16721831692539202,False,0.04126796338806463,False,False
SDN,Sudan,2014,21971930557.2,-0.03299249121835479,-0.9600945938744629,False,0.04582864356857868,False,False
SDN,Sudan,2015,21657638751.4,-0.014304241722492117,-0.7216050028057194,False,0.03594827787786452,False,False
SDN,Sudan,2016,21361100515.0,-0.013692085263950271,-0.7137929846977603,False,0.028087229540354978,False,False
SDN,Sudan,2017,21969836080.4,0.028497387808860353,-0.17539316384948303,False,0.02801545387702491,False,False
SDN,Sudan,2018,21804346688.2,-0.007532572914717317,-0.63518853425543,False,0.02252246437096754,False,False
SDN,Sudan,2019,22843739036.9,0.04766904340511591,0.06926540110995892,False,0.028297443372563846,False,False
SDN,Sudan,2020,23811151810.3,0.04234914309944249,0.0013756370789607337,False,0.028412132590970668,False,False
SDN,Sudan,2021,22976037485.2,-0.03507240354239194,-0.9866373388077578,False,0.03539851022260705,False,False
SDN,Sudan,2022,22440226840.5,-0.02332041132180185,-0.8366646075708342,False,0.03801430572660464,False,False
SDN,Sudan,2023,22580297676.7,0.006241952775058568,-0.4594052967912777,False,0.037389429714974,False,False
SDN,Sudan,2024,22020660462.5,-0.024784315167708182,-0.8553461769522497,False,0.0315489718404047,False,False
SEN,Senegal,1970,145252948.4,,,False,,False,False
SEN,Senegal,1971,152510983.4,0.04996824560154667,-0.32865153056970614,False,,False,False
SEN,Senegal,1972,161630904.1,0.05979845186677868,-0.27810899977227405,False,,False,False
SEN,Senegal,1973,199394700.6,0.23364217821015076,0.6157178086973305,False,0.10332343043737006,False,False
SEN,Senegal,1974,265053301.3,0.3292895974789012,1.1074941258620874,False,0.13657986419880724,False,False
SEN,Senegal,1975,349089898.5,0.31705546313827404,1.0445916704092388,False,0.13573373077835033,False,False
SEN,Senegal,1976,409699389.0,0.17362143894862658,0.3071179705291709,False,0.1110513898976821,False,False
SEN,Senegal,1977,628096050.2,0.5330656258313338,2.1552194645671885,False,0.13632751878512628,False,False
SEN,Senegal,1978,894933930.7,0.4248361065398083,1.5987516078010022,False,0.13377387507746963,False,False
SEN,Senegal,1979,1122627355.1,0.25442484253770825,0.7225729878753511,False,0.141422312242169,False,False
SEN,Senegal,1980,1473265666.4,0.31233722366293715,1.0203325900239864,False,0.14163427826209832,False,False
SEN,Senegal,1981,1670746375.6,0.13404283674278106,0.10362247237432645,False,0.15381576831017732,False,False
SEN,Senegal,1982,1859912163.0,0.1132223239640826,-0.003427306637696967,False,0.12903736294146778,False,False
SEN,Senegal,1983,2072975337.1,0.11455550339341469,0.003427306637696967,False,0.09184648124286499,False,False
SEN,Senegal,1984,2197164471.2,0.05990864043454325,-0.27754245936310046,False,0.09654350444711828,False,False
SEN,Senegal,1985,2559359017.9,0.16484635148964744,0.26200038945518456,False,0.03827174164332833,False,False
SEN,Senegal,1986,3230709274.4,0.2623118725448901,0.7631245741068787,False,0.07634224680868003,False,False
SEN,Senegal,1987,4036586047.8,0.2494426780477379,0.6969569229243218,False,0.0866792273146787,False,False
SEN,Senegal,1988,3893072265.5,-0.035553257282405104,-0.768364907555778,False,0.12726804808087241,False,False
SEN,Senegal,1989,3278516015.5,-0.15785893712945775,-1.3972060959888297,False,0.18553483527364392,False,False
SEN,Senegal,1990,3750339025.9,0.14391359022476613,0.15437347885336658,False,0.18383936989841995,False,False
SEN,Senegal,1991,3589290724.2,-0.042942331503310505,-0.8063562275035094,False,0.16281153493559122,False,False
SEN,Senegal,1992,3684277264.2,0.02646387470359368,-0.4495005095159294,False,0.11019118110174363,False,False
SEN,Senegal,1993,3843451727.8,0.04320371464620565,-0.36343172794458156,False,0.11181328377789734,False,False
SEN,Senegal,1994,3697792446.1,-0.03789803853823237,-0.7804207256778298,False,0.0758852748097898,False,False
SEN,Senegal,1995,3915938299.7,0.05899353648960881,-0.28224751519527413,False,0.04709053831206116,False,False
SEN,Senegal,1996,3786088622.4,-0.03315927559684673,-0.7560561227952004,False,0.0444952076905156,False,False
SEN,Senegal,1997,3805574682.6,0.005146752266894206,-0.5591036336212897,False,0.04371996536260696,False,False
SEN,Senegal,1998,4096776592.1,0.07651982520049994,-0.19213516525731544,False,0.05227068726759159,False,False
SEN,Senegal,1999,4000850002.6,-0.02341513805878004,-0.7059561189576384,False,0.04897891205546378,False,False
SEN,Senegal,2000,3653475930.9,-0.08682506754171104,-1.031981659753185,False,0.05980380637774608,False,False
SEN,Senegal,2001,3700965274.5,0.01299840056378887,-0.5187339643438528,False,0.059348703915915034,False,False
SEN,Senegal,2002,4118750354.6,0.11288543639643911,-0.00515943206858603,False,0.07930227663070986,False,False
SEN,Senegal,2003,4397912285.2,0.06777830811916519,-0.2370801424407838,False,0.07778334697378637,False,False
SEN,Senegal,2004,3939186585.9,-0.10430533161011846,-1.1218573715324511,False,0.09476667640520954,False,False
SEN,Senegal,2005,3860802578.7,-0.019898526127340443,-0.6878752707992394,False,0.08339160933117007,False,False
SEN,Senegal,2006,1935468310.4,-0.4986875731284591,-3.149594740421788,True,0.2440229521090435,False,False
SEN,Senegal,2007,2584601135.0,0.33538798910422085,1.1388493322759832,False,0.303062709910471,False,False
SEN,Senegal,2008,2849818625.1,0.10261447559876591,-0.05796812584662683,False,0.30665244863408175,False,False
SEN,Senegal,2009,3719735198.7,0.3052533118908487,0.983910279113441,False,0.33733676512124783,False,False
SEN,Senegal,2010,4648723571.7,0.24974583495208735,0.6985156203474602,False,0.34582778308410445,False,False
SEN,Senegal,2011,5802042499.9,0.24809367784762482,0.6900209663105621,False,0.08951867102875802,False,False
SEN,Senegal,2012,7105327014.3,0.22462512372538868,0.5693561412305843,False,0.07509816665449871,False,False
SEN,Senegal,2013,8174836125.9,0.15052215182320716,0.1883517514453964,False,0.05605010508470801,False,False
SEN,Senegal,2014,10754111100.6,0.3155139668828577,1.0366659850409605,False,0.05932763631554411,False,False
SEN,Senegal,2015,10470479738.4,-0.02637422652107213,-0.721170430407714,False,0.13078684417819852,False,False
SEN,Senegal,2016,11454854863.9,0.09401432886497552,-0.10218623983396104,False,0.12960761518443414,False,False
SEN,Senegal,2017,14232312903.4,0.24246994593123694,0.661106248153951,False,0.13233610195269452,False,False
SEN,Senegal,2018,20031136617.5,0.4074407127962105,1.5093122613318568,False,0.17352119456267734,False,False
SEN,Senegal,2019,20812048599.6,0.03898490619936967,-0.38512295700930976,False,0.17420137967387087,False,False
SEN,Senegal,2020,26017274799.0,0.2501063830640893,0.7003693977314878,False,0.14516094797383508,False,False
SEN,Senegal,2021,30676437909.5,0.1790795979400226,0.3351813866444179,False,0.13315486154536058,False,False
SEN,Senegal,2022,35581328119.7,0.15989112636448022,0.23652283468781649,False,0.13533519094418334,False,False
SEN,Senegal,2023,45458235461.2,0.27758680924649193,0.8416614773863254,False,0.09316944115943282,False,False
SEN,Senegal,2024,47146494529.5,0.037138684578748915,-0.3946154041260242,False,0.0938746074729525,False,False
SLB,Solomon Islands,1978,11479143.5,,,False,,False,False
SLB,Solomon Islands,1979,13761784.0,0.1988511163746669,0.7787980533454957,False,,False,False
SLB,Solomon Islands,1980,19399965.0,0.4096984082877626,2.039458360662044,False,,False,False
SLB,Solomon Islands,1981,23416124.0,0.20701887864230684,0.8276332724132154,False,0.11944474635080585,False,False
SLB,Solomon Islands,1982,28028049.2,0.1969551066606925,0.7674617721582594,False,0.10446964125659107,False,False
SLB,Solomon Islands,1983,34345140.3,0.22538461577982383,0.9374423935729028,False,0.09132031792544093,False,False
SLB,Solomon Islands,1984,44042054.2,0.28233729183514233,1.2779636184221668,False,0.0877452383990086,False,False
SLB,Solomon Islands,1985,65542894.0,0.4881888501921874,2.508754331764332,True,0.12098925179382496,False,False
SLB,Solomon Islands,1986,76820063.1,0.1720578450502963,0.6186005314550151,False,0.1271149031045479,False,False
SLB,Solomon Islands,1987,97512652.7,0.26936439212583796,1.2003983834792433,False,0.12022559517230459,False,False
SLB,Solomon Islands,1988,103661460.7,0.06305651451116767,-0.03312067211637312,False,0.15736296087746596,False,False
SLB,Solomon Islands,1989,99982954.0,-0.035485769495818054,-0.6223070207422025,False,0.2015473784563935,False,False
SLB,Solomon Islands,1990,120500491.4,0.20521035415696964,0.8168200672124846,False,0.1210348125047429,False,False
SLB,Solomon Islands,1991,129466452.6,0.07440601358410714,0.034738216937217306,False,0.12140609164971511,False,False
SLB,Solomon Islands,1992,94291522.1,-0.27169146750839457,-2.0345857611738682,False,0.17779705672498128,False,False
SLB,Solomon Islands,1993,150544684.3,0.5965876989485996,3.1568732843299787,True,0.3216681572757434,False,False
SLB,Solomon Islands,1994,154928415.7,0.029119137752245283,-0.23603294775543862,False,0.31540877006589074,False,False
SLB,Solomon Islands,1995,158741508.5,0.02461196535684973,-0.2629814244731285,False,0.3145136010688156,False,False
SLB,Solomon Islands,1996,147494744.3,-0.07084954846576874,-0.833747784622194,False,0.3229787278104853,False,False
SLB,Solomon Islands,1997,139946900.8,-0.05117364375131839,-0.7161051444963072,False,0.2780241471599923,False,False
SLB,Solomon Islands,1998,154585730.7,0.10460274444319806,0.21528509358606204,False,0.0703031200616759,False,False
SLB,Solomon Islands,1999,165883917.0,0.07308686415517918,0.026850995292681243,False,0.07622114095430572,False,False
SLB,Solomon Islands,2000,156207110.5,-0.058334808310560926,-0.7589218951032822,False,0.08264888079582346,False,False
SLB,Solomon Islands,2001,164030802.8,0.05008537879586483,-0.1106753601027769,False,0.07418939618591786,False,False
SLB,Solomon Islands,2002,180737376.7,0.10185022334110028,0.19882771314270264,False,0.06679949549194537,False,False
SLB,Solomon Islands,2003,181240395.0,0.0027831448546193904,-0.3934963925005186,False,0.06302842221751442,False,False
SLB,Solomon Islands,2004,179639740.0,-0.008831668017496908,-0.4629415982317898,False,0.06090489976178489,False,False
SLB,Solomon Islands,2005,167389191.6,-0.06819509090805853,-0.8178767281334014,False,0.06405294458695522,False,False
SLB,Solomon Islands,2006,174423711.1,0.04202493263011853,-0.1588689339837564,False,0.06305982736839516,False,False
SLB,Solomon Islands,2007,178330553.8,0.02239857571749604,-0.2762153267805339,False,0.04178761461445937,False,False
SLB,Solomon Islands,2008,166904390.6,-0.06407294182922019,-0.7932303137669563,False,0.04981429041677348,False,False
SLB,Solomon Islands,2009,172447071.6,0.03320871895625266,-0.21158125738435776,False,0.05451283029356132,False,False
SLB,Solomon Islands,2010,230756584.9,0.33812991290018535,1.6115488505571038,False,0.15344153447346498,False,False
SLB,Solomon Islands,2011,257503829.4,0.11591107795078126,0.28289785287530017,False,0.15310910790288215,False,False
SLB,Solomon Islands,2012,228146820.3,-0.1140061068932593,-1.0917817376138648,False,0.1780838775358449,False,False
SLB,Solomon Islands,2013,203970814.6,-0.1059668754892571,-1.0437150072309322,False,0.18628542368476897,False,False
SLB,Solomon Islands,2014,187516688.3,-0.0806690228318575,-0.8924586243950029,False,0.19608341884596692,False,False
SLB,Solomon Islands,2015,207462428.9,0.10636781601053902,0.2258384928938269,False,0.11646372524102941,False,False
SLB,Solomon Islands,2016,263838572.3,0.27174146036424807,1.2146109235064666,False,0.16933041686160344,False,False
SLB,Solomon Islands,2017,322629656.2,0.22282975300954488,0.9221668163724189,False,0.17191399408853122,False,False
SLB,Solomon Islands,2018,316761174.2,-0.018189530587857994,-0.5188924515566682,False,0.1510231950634761,False,False
SLB,Solomon Islands,2019,304960708.8,-0.03725350946119832,-0.632876374456883,False,0.13875891007791968,False,False
SLB,Solomon Islands,2020,322597088.9,0.05783164713053668,-0.06436026195407107,False,0.14068216827108415,False,False
SLB,Solomon Islands,2021,448610953.0,0.39062306646871936,1.9254064984750976,False,0.18128053449716072,False,False
SLB,Solomon Islands,2022,477369215.2,0.06410512718801131,-0.026850995292681243,False,0.17318189562263883,False,False
SLB,Solomon Islands,2023,527817629.5,0.10568007465429874,0.221726473139409,False,0.16208594028968423,False,False
SLB,Solomon Islands,2024,596145038.0,0.12945268342917293,0.36386339134180773,False,0.1379834933459283,False,False
SLE,Sierra Leone,1970,61400031.7,,,False,,False,False
SLE,Sierra Leone,1971,111055280.8,0.8087169945223334,6.764046520485515,True,,False,False
SLE,Sierra Leone,1972,119385359.4,0.07500839707930407,-0.05424719007955159,False,,False,False
SLE,Sierra Leone,1973,141780896.4,0.1875903135238206,0.9919673090992078,False,0.39513739123676245,False,False
SLE,Sierra Leone,1974,192934915.6,0.36079627438439577,2.601556071836499,True,0.3226336073295113,False,False
SLE,Sierra Leone,1975,204952159.9,0.06228651907109772,-0.17247055711139916,False,0.3091309391443461,False,False
SLE,Sierra Leone,1976,233371952.3,0.13866549351744606,0.537312976708216,False,0.12061143399148447,False,False
SLE,Sierra Leone,1977,289671338.3,0.2412431547370657,1.4905587540858127,False,0.11227157235373855,False,False
SLE,Sierra Leone,1978,346957175.3,0.19776149527321052,1.0864872653768964,False,0.11212522207801058,False,False
SLE,Sierra Leone,1979,420277110.6,0.2113227237240538,1.2125106471065898,False,0.07095345854347425,False,False
SLE,Sierra Leone,1980,484856463.4,0.15365898158908675,0.6766462294117703,False,0.042088782273764745,False,False
SLE,Sierra Leone,1981,603585822.9,0.24487527435939294,1.5243117433014757,False,0.03714162507803095,False,False
SLE,Sierra Leone,1982,648424257.2,0.07428675856660849,-0.060953317484302126,False,0.06578191147547768,False,False
SLE,Sierra Leone,1983,648742644.1,0.0004910163314599814,-0.7467310866175896,False,0.10000761263513615,False,False
SLE,Sierra Leone,1984,620429061.0,-0.04364378287368398,-1.156872149276803,False,0.11627076731842986,False,False
SLE,Sierra Leone,1985,712222501.0,0.14795154800139199,0.6236075180349847,False,0.11546487507102068,False,False
SLE,Sierra Leone,1986,872673735.1,0.22528245579817763,1.3422372902642128,False,0.10881485837883824,False,False
SLE,Sierra Leone,1987,1036088193.5,0.18725722091461172,0.9888719068505228,False,0.1184106383005189,False,False
SLE,Sierra Leone,1988,1036485425.2,0.00038339564381884017,-0.74773119682514,False,0.11843404404765694,False,False
SLE,Sierra Leone,1989,1089991403.4,0.05162250900891885,-0.2715703264063918,False,0.09399680308816646,False,False
SLE,Sierra Leone,1990,1196563740.7,0.0977735576331793,0.1573075764386966,False,0.09327591846119311,False,False
SLE,Sierra Leone,1991,1271189256.6,0.06236651952727845,-0.1717271194453825,False,0.06941715363224076,False,False
SLE,Sierra Leone,1992,1390152937.8,0.09358455523624198,0.11837952135508771,False,0.03930050407007677,False,False
SLE,Sierra Leone,1993,1556470569.6,0.11963980888549397,0.36050885267680033,False,0.02767266716430522,False,False
SLE,Sierra Leone,1994,1557983211.5,0.0009718409904717618,-0.7422628225685518,False,0.046088008768237376,False,False
SLE,Sierra Leone,1995,1249606744.8,-0.19793311277282655,-2.5906702147823757,True,0.12738060492208006,False,False
SLE,Sierra Leone,1996,1241837537.9,-0.006217321515212593,-0.80907111903334,False,0.12476847161874198,False,False
SLE,Sierra Leone,1997,1200047496.1,-0.033651778533501986,-1.064017273940697,False,0.11392598162140201,False,False
SLE,Sierra Leone,1998,1314139190.3,0.09507264884996913,0.13220825303762151,False,0.10650037211969618,False,False
SLE,Sierra Leone,1999,1319225620.6,0.003870541520673232,-0.7153254367143279,False,0.10670758928614327,False,False
SLE,Sierra Leone,2000,1248363708.6,-0.05371477849844297,-1.2504610841301314,False,0.057237269153928086,False,False
SLE,Sierra Leone,2001,1256749338.8,0.0067172973246749645,-0.6888707689326181,False,0.05711763690433631,False,False
SLE,Sierra Leone,2002,1408416911.2,0.12068243659854949,0.37019790634628424,False,0.07174319536148965,False,False
SLE,Sierra Leone,2003,1575774381.1,0.11882665464262843,0.3529522771110084,False,0.07732434136253066,False,False
SLE,Sierra Leone,2004,1683344084.8,0.0682646608487878,-0.11691617676783851,False,0.07528883565246375,False,False
SLE,Sierra Leone,2005,1804606614.1,0.07203668601978497,-0.08186305678378361,False,0.04663088151045835,False,False
SLE,Sierra Leone,2006,1528631481.5,-0.15292813981934517,-2.1724426989780516,False,0.11360597794959174,False,False
SLE,Sierra Leone,2007,551066958.2,-0.6395030686799315,-6.6941435332474555,True,0.3160054788251198,False,False
SLE,Sierra Leone,2008,633810297.6,0.15015115344652852,0.6440482707051395,False,0.3218498807831222,False,False
SLE,Sierra Leone,2009,856852310.4,0.3519065777955577,2.5189448518620554,True,0.3789425723074349,False,False
SLE,Sierra Leone,2010,931127139.3,0.08668335020924034,0.05424719007955159,False,0.3801153998488137,False,False
SLE,Sierra Leone,2011,1050427525.8,0.12812470119782704,0.4393582597705949,False,0.3801581011849368,False,False
SLE,Sierra Leone,2012,1335231392.5,0.27113138194193365,1.7683075937219932,False,0.11022488088377691,False,False
SLE,Sierra Leone,2013,1399720774.9,0.04829828205226239,-0.3024620943781055,False,0.12899882790765488,False,False
SLE,Sierra Leone,2014,1433230470.4,0.023940271589091733,-0.5288190842262588,False,0.09751345568062819,False,False
SLE,Sierra Leone,2015,1558062042.1,0.08709804478630745,0.0581009127106833,False,0.09748709992762564,False,False
SLE,Sierra Leone,2016,1624480861.3,0.042629123491436216,-0.35514511907508484,False,0.10131291201718656,False,False
SLE,Sierra Leone,2017,1794303621.9,0.10453971151380537,0.2201848885074983,False,0.033348940638408764,False,False
SLE,Sierra Leone,2018,1833287511.4,0.021726473169975336,-0.5493917310374368,False,0.03776397843180562,False,False
SLE,Sierra Leone,2019,1930475456.2,0.053012931248182626,-0.25864924678153683,False,0.03360541860454799,False,False
SLE,Sierra Leone,2020,2195562997.5,0.13731722951909764,0.524783670152238,False,0.047633071453500556,False,False
SLE,Sierra Leone,2021,2531912460.6,0.1531950864006124,0.6723352895414201,False,0.05566623736871938,False,False
SLE,Sierra Leone,2022,2401417378.1,-0.051540124127781195,-1.2302521997449551,False,0.084528926723035,False,False
SLE,Sierra Leone,2023,2403103683.5,0.0007022125413842506,-0.7447684575917881,False,0.08754831396894174,False,False
SLE,Sierra Leone,2024,2329744049.4,-0.03052703660008349,-1.0349793038991635,False,0.0963911422217923,False,False
SLV,El Salvador,1970,205547537.2,,,False,,False,False
SLV,El Salvador,1971,230545489.7,0.12161640484982672,0.835837260216876,False,,False,False
SLV,El Salvador,1972,277866666.7,0.205257439915989,2.0559608160453564,False,,False,False
SLV,El Salvador,1973,282878601.1,0.018037191936415953,-0.6751368384400395,False,0.09378690149147827,False,False
SLV,El Salvador,1974,419353322.8,0.482449790013473,6.099537220639859,True,0.1990584690909805,False,False
SLV,El Salvador,1975,491365106.2,0.1717210273169678,1.566744405013605,False,0.1731036595206615,False,False
SLV,El Salvador,1976,567663297.6,0.15527800089439903,1.3268797996626993,False,0.16992742485170456,False,False
SLV,El Salvador,1977,813716218.0,0.4334487035541612,5.384728038724536,True,0.1978440150243482,False,False
SLV,El Salvador,1978,998400248.5,0.22696368391664534,2.37260323436086,False,0.15301067634039964,False,False
SLV,El Salvador,1979,973789596.7,-0.02465008581175243,-1.2978425841727834,False,0.16448055529918137,False,False
SLV,El Salvador,1980,996824512.7,0.023654921019962805,-0.5931875466877757,False,0.18160607819390215,False,False
SLV,El Salvador,1981,1219725516.4,0.2236110778378133,2.3236966940847745,False,0.18344726263823466,False,False
SLV,El Salvador,1982,1535580026.8,0.2589554011563513,2.839286217954888,True,0.13165783402814826,False,False
SLV,El Salvador,1983,1840051299.4,0.1982776978641021,1.9541429979806073,False,0.12757557129752353,False,False
SLV,El Salvador,1984,1927867239.5,0.04772472383168602,-0.24206643285293233,False,0.10728807989919105,False,False
SLV,El Salvador,1985,1947465463.0,0.010165753688040624,-0.7899623809204128,False,0.11136547185638997,False,False
SLV,El Salvador,1986,1955293877.5,0.004019796319232549,-0.8796172656653061,False,0.11711866580190185,False,False
SLV,El Salvador,1987,2073829069.0,0.060622698645973694,-0.05391568984806186,False,0.07874390515264339,False,False
SLV,El Salvador,1988,2098775766.3,0.012029292902152822,-0.7627777807950104,False,0.025473345878241835,False,False
SLV,El Salvador,1989,2171656069.6,0.0347251499994603,-0.43169926362653016,False,0.023396876053294866,False,False
SLV,El Salvador,1990,2232089054.6,0.027828064418658816,-0.5323113205797245,False,0.022019827433419,False,False
SLV,El Salvador,1991,2272547389.7,0.01812577102003221,-0.6738446805131509,False,0.018884640352530676,False,False
SLV,El Salvador,1992,2346752650.2,0.03265289904902535,-0.4619284710510151,False,0.009703240845054369,False,False
SLV,El Salvador,1993,1992942227.9,-0.15076596260362018,-3.1375729499675096,True,0.08035095836712393,False,False
SLV,El Salvador,1994,2163863049.9,0.08576305906273185,0.31282231049160775,False,0.08974661762007158,False,False
SLV,El Salvador,1995,2569443217.7,0.18743338115540298,1.7959502370626945,False,0.12309693718170142,False,False
SLV,El Salvador,1996,2872513549.1,0.11795175285923976,0.7823787130564787,False,0.12775576462444777,False,False
SLV,El Salvador,1997,3203304451.6,0.11515729929407703,0.7416142890171676,False,0.12952711906074638,False,False
SLV,El Salvador,1998,3310661338.2,0.03351441869547456,-0.4493609506513667,False,0.05590729656773737,False,False
SLV,El Salvador,1999,3762995865.5,0.13662965827423879,1.0548448817540523,False,0.055483918954656396,False,False
SLV,El Salvador,2000,4535064825.0,0.20517401216900177,2.0547438038547696,False,0.06128694269840537,False,False
SLV,El Salvador,2001,5344553477.7,0.17849549762499817,1.6655677970788763,False,0.06615264927549928,False,False
SLV,El Salvador,2002,6114021552.3,0.1439723781997102,1.1619576827593483,False,0.0653737195420404,False,False
SLV,El Salvador,2003,8616503266.2,0.4093020759729913,5.032486234420011,True,0.11221503026336399,False,False
SLV,El Salvador,2004,9147790266.4,0.06165923505003246,-0.038795091662429275,False,0.12900915129542784,False,False
SLV,El Salvador,2005,9621574748.3,0.051792232670683225,-0.18273116345944285,False,0.14467318754878247,False,False
SLV,El Salvador,2006,10004564795.6,0.03980533928374563,-0.3575913976858371,False,0.15531235635295224,False,False
SLV,El Salvador,2007,9864898765.1,-0.0139602304901284,-1.1419030471262297,False,0.16999981087961516,False,False
SLV,El Salvador,2008,10688436435.5,0.0834816139536585,0.2795414583750822,False,0.036423910901597634,False,False
SLV,El Salvador,2009,10405779193.0,-0.026445144171059254,-1.3240282116766107,False,0.04610560396315308,False,False
SLV,El Salvador,2010,11495710496.5,0.10474288213161387,0.589692738906098,False,0.057832435309745765,False,False
SLV,El Salvador,2011,12729163388.5,0.1072967949545649,0.6269482462339312,False,0.06582222451552508,False,False
SLV,El Salvador,2012,13548206071.0,0.06434379522851863,0.0003662495168027379,False,0.05490571807669827,False,False
SLV,El Salvador,2013,14131937323.3,0.043085501448747454,-0.3097416416266226,False,0.05478802490665565,False,False
SLV,El Salvador,2014,15173875769.4,0.07372934242937146,0.13727903658408536,False,0.027364167938898582,False,False
SLV,El Salvador,2015,15604154313.2,0.028356535293883933,-0.5246021887771183,False,0.030311841211944975,False,False
SLV,El Salvador,2016,16582870003.6,0.06272148241779929,-0.023299431733019217,False,0.018357684644335133,False,False
SLV,El Salvador,2017,17192280768.2,0.03674941457466052,-0.4021700631631786,False,0.018781670818324138,False,False
SLV,El Salvador,2018,16686606483.9,-0.02941286796777598,-1.3673202358451604,False,0.04019646978656385,False,False
SLV,El Salvador,2019,17368634891.6,0.04087280468668397,-0.3420196190471971,False,0.03443873420403423,False,False
SLV,El Salvador,2020,18485326634.2,0.06429358148003139,-0.0003662495168027379,False,0.03812201554550888,False,False
SLV,El Salvador,2021,20341989714.6,0.10043983085291841,0.5269214661340538,False,0.04753715010846348,False,False
SLV,El Salvador,2022,21188282065.6,0.04160322381800219,-0.33136454301849694,False,0.04743755370910655,False,False
SLV,El Salvador,2023,22861743174.6,0.07898049987341493,0.2138809209076517,False,0.025402669703879627,False,False
SLV,El Salvador,2024,24961880871.3,0.09186253561947577,0.4017991508573438,False,0.023325931620010575,False,False
SOM,"Somalia, Fed. Rep.",1970,73220144.1,,,False,,False,False
SOM,"Somalia, Fed. Rep.",1971,79710586.3,0.08864284931119126,0.7020892932721443,False,,False,False
SOM,"Somalia, Fed. Rep.",1972,96232136.6,0.2072692106142493,2.2262564064051396,False,,False,False
SOM,"Somalia, Fed. Rep.",1973,118816346.9,0.23468470199174618,2.5785034945646648,True,0.07762306948521831,False,False
SOM,"Somalia, Fed. Rep.",1974,153787755.8,0.2943316287062181,3.3448751770391603,True,0.08640868975270975,False,False
SOM,"Somalia, Fed. Rep.",1975,185278662.1,0.20476861851702743,2.1941276266290415,False,0.07483498248027448,False,False
SOM,"Somalia, Fed. Rep.",1976,242236035.1,0.30741463887114295,3.512971826174508,True,0.04839323746773653,False,False
SOM,"Somalia, Fed. Rep.",1977,318670720.5,0.31553804688243936,3.617345181315596,True,0.04888461243023582,False,False
SOM,"Somalia, Fed. Rep.",1978,410803672.5,0.2891164643411286,3.277868299920629,True,0.04454725125262186,False,False
SOM,"Somalia, Fed. Rep.",1979,461002731.0,0.12219719992887845,1.1332113234198755,False,0.08288118200519883,False,False
SOM,"Somalia, Fed. Rep.",1980,537806923.4,0.1666024672639086,1.70375101947466,False,0.08934162478649023,False,False
SOM,"Somalia, Fed. Rep.",1981,943549900.4,0.7544398544275044,9.25656140279107,True,0.25095301950987453,False,False
SOM,"Somalia, Fed. Rep.",1982,1112727706.4,0.17929926750909564,1.8668854624699553,False,0.2600885752637386,False,False
SOM,"Somalia, Fed. Rep.",1983,1301878679.4,0.16998855327504936,1.7472570402589913,False,0.2669671737417,False,False
SOM,"Somalia, Fed. Rep.",1984,1413251592.9,0.08554784348364075,0.6623232071721414,False,0.27277170976102216,False,False
SOM,"Somalia, Fed. Rep.",1985,1551613402.8,0.09790316925529208,0.821070226016342,False,0.2809632977163263,False,False
SOM,"Somalia, Fed. Rep.",1986,1709094992.1,0.10149537830481026,0.8672246122474672,False,0.04415457047527035,False,False
SOM,"Somalia, Fed. Rep.",1987,1878432481.8,0.09908020939897066,0.8361933896886141,False,0.03365714605203939,False,False
SOM,"Somalia, Fed. Rep.",1988,1947394726.1,0.03671265534863255,0.03486581151885867,False,0.027226726651805658,False,False
SOM,"Somalia, Fed. Rep.",1989,2030965476.1,0.04291412977551046,0.11454526278547131,False,0.03278685585848045,False,False
SOM,"Somalia, Fed. Rep.",1990,2244600537.9,0.10518891843018285,0.914680947654637,False,0.034157943416981126,False,False
SOM,"Somalia, Fed. Rep.",1991,2325272820.3,0.03594059657290982,0.024946038355151502,False,0.035013161700379214,False,False
SOM,"Somalia, Fed. Rep.",1992,2328282431.3,0.0012943044677276028,-0.42020576802801185,False,0.037703639292257264,False,False
SOM,"Somalia, Fed. Rep.",1993,2381899237.6,0.023028480385028915,-0.1409548848320872,False,0.03888036107841735,False,False
SOM,"Somalia, Fed. Rep.",1994,2500958277.3,0.049984918681935664,0.20539407410108146,False,0.03906492750795599,False,False
SOM,"Somalia, Fed. Rep.",1995,2556348054.7,0.02214742161144634,-0.15227514107767126,False,0.018076141517818743,False,False
SOM,"Somalia, Fed. Rep.",1996,2528407325.3,-0.010929939430050939,-0.5772685854932766,False,0.023332052043080413,False,False
SOM,"Somalia, Fed. Rep.",1997,2450397710.7,-0.030853262375651558,-0.8332527806118843,False,0.031705144000539955,False,False
SOM,"Somalia, Fed. Rep.",1998,2529802081.2,0.03240468686094089,-0.020484987588756283,False,0.03287416526019659,False,False
SOM,"Somalia, Fed. Rep.",1999,2526665894.6,-0.001239696426572734,-0.45276379969413705,False,0.02543084593183096,False,False
SOM,"Somalia, Fed. Rep.",2000,2477537976.4,-0.01944377303900613,-0.686658311781049,False,0.02408476531755056,False,False
SOM,"Somalia, Fed. Rep.",2001,2476280807.3,-0.0005074267728588655,-0.4433552558268542,False,0.024003647633121013,False,False
SOM,"Somalia, Fed. Rep.",2002,2607722167.1,0.05308015125445986,0.2451630735268255,False,0.029243283991749996,False,False
SOM,"Somalia, Fed. Rep.",2003,2762599394.4,0.05939176698115678,0.3262576718580352,False,0.035560842531226405,False,False
SOM,"Somalia, Fed. Rep.",2004,2775888430.0,0.004810337549098875,-0.3750301263540426,False,0.03482698196169457,False,False
SOM,"Somalia, Fed. Rep.",2005,2672234285.5,-0.03734088999391094,-0.9166088622566931,False,0.04031337620307453,False,False
SOM,"Somalia, Fed. Rep.",2006,2762438309.6,0.03375603126921267,-0.003122280994881169,False,0.039737941197982976,False,False
SOM,"Somalia, Fed. Rep.",2007,2868829766.4,0.03851360460440678,0.05800525201016594,False,0.03742407541974071,False,False
SOM,"Somalia, Fed. Rep.",2008,2865716564.1,-0.0010851819569297483,-0.4507785253373575,False,0.030588403029687575,False,False
SOM,"Somalia, Fed. Rep.",2009,2943660874.7,0.0271988903496041,-0.08737150212974873,False,0.031673452857323,False,False
SOM,"Somalia, Fed. Rep.",2010,2934384056.4,-0.0031514561951520026,-0.4773269856122754,False,0.019747365759976366,False,False
SOM,"Somalia, Fed. Rep.",2011,2940364939.5,0.002038207332457187,-0.4106477552108639,False,0.01891780703768724,False,False
SOM,"Somalia, Fed. Rep.",2012,2940422478.5,1.9568659395563515e-05,-0.4365841714085985,False,0.01254833895603803,False,False
SOM,"Somalia, Fed. Rep.",2013,2938896763.1,-0.0005188762537207126,-0.4435023641255526,False,0.012482018272462798,False,False
SOM,"Somalia, Fed. Rep.",2014,2837118511.5,-0.03463144839856247,-0.8817966862005244,False,0.015418878212820425,False,False
SOM,"Somalia, Fed. Rep.",2015,2770590306.7,-0.023449216002198736,-0.738122121097695,False,0.016690061591381516,False,False
SOM,"Somalia, Fed. Rep.",2016,2744666127.8,-0.009356915324979065,-0.5570576342107795,False,0.015115722753561564,False,False
SOM,"Somalia, Fed. Rep.",2017,2838649115.2,0.034242047310625745,0.003122280994881169,False,0.026373327339903767,False,False
SOM,"Somalia, Fed. Rep.",2018,5313257657.7,0.8717556985994901,10.763890377331288,True,0.3944396785936265,False,False
SOM,"Somalia, Fed. Rep.",2019,5374181112.2,0.011466309075320202,-0.28951108324440067,False,0.389029395195841,False,False
SOM,"Somalia, Fed. Rep.",2020,4591822809.5,-0.14557721192610307,-2.3072798777324923,False,0.4081212719422327,False,False
SOM,"Somalia, Fed. Rep.",2021,4142587646.4,-0.09783373220991443,-1.6938492637390152,False,0.4186754819157858,False,False
SOM,"Somalia, Fed. Rep.",2022,4095256883.7,-0.011425410091475463,-0.5836346248741545,False,0.4219035648637228,False,False
SOM,"Somalia, Fed. Rep.",2023,3093994159.7,-0.24449326438720864,-3.5781997008314472,True,0.10392426882306846,False,False
SOM,"Somalia, Fed. Rep.",2024,1799443760.8,-0.41840751212843985,-5.812731503044078,True,0.15595529655429327,False,False
SRB,Serbia,1970,2329427795.6,,,False,,False,False
SRB,Serbia,1971,3115343352.3,0.33738566964148764,2.181643671505267,False,,False,False
SRB,Serbia,1972,3932625145.5,0.26234084040740346,1.6127094681070586,False,,False,False
SRB,Serbia,1973,4798029563.7,0.22005769331721314,1.2921500258050604,False,0.059421439664727405,False,False
SRB,Serbia,1974,5640709040.8,0.17563032197120698,0.9553346664553408,False,0.06882510611633441,False,False
SRB,Serbia,1975,6626723036.8,0.17480320095718982,0.9490640487455461,False,0.06818624987306011,False,False
SRB,Serbia,1976,8317656494.7,0.2551688743455529,1.5583369438459909,False,0.041869509366518835,False,False
SRB,Serbia,1977,10136187399.9,0.21863500931527602,1.281364291496775,False,0.034020317620613555,False,False
SRB,Serbia,1978,12541323594.4,0.2372821357390973,1.4227329657396104,False,0.03623760127815385,False,False
SRB,Serbia,1979,15981333108.6,0.2742939760948395,1.703329272294093,False,0.03809057690189099,False,False
SRB,Serbia,1980,18494670860.1,0.15726708994930472,0.8161182688857084,False,0.04488007409265305,False,False
SRB,Serbia,1981,20652767920.0,0.11668750832196939,0.5084739956824749,False,0.06328589560236579,False,False
SRB,Serbia,1982,19905765859.1,-0.03616958578111995,-0.6503750543438488,False,0.12133500056482137,False,False
SRB,Serbia,1983,20481895431.6,0.028942848849828007,-0.15674089585273737,False,0.11957330306163708,False,False
SRB,Serbia,1984,19647974298.0,-0.04071503715976421,-0.6848352934514316,False,0.08935350374603604,False,False
SRB,Serbia,1985,22254003529.2,0.1326360260693782,0.6293838216173322,False,0.08200763534510125,False,False
SRB,Serbia,1986,21502883400.5,-0.03375213487831252,-0.6320477356240888,False,0.0741891903302582,False,False
SRB,Serbia,1987,22471937201.3,0.04506622589868425,-0.03450541645992544,False,0.07029169317250877,False,False
SRB,Serbia,1988,21177810252.1,-0.057588579818794394,-0.8127579717918186,False,0.07956117916273336,False,False
SRB,Serbia,1989,19072884954.7,-0.09939296236688455,-1.1296877766337137,False,0.092092248075878,False,False
SRB,Serbia,1990,17792819636.9,-0.06711440460319884,-0.8849757060546422,False,0.054347714983220836,False,False
SRB,Serbia,1991,16472055974.4,-0.07423014954644458,-0.9389220035169545,False,0.05570618507530082,False,False
SRB,Serbia,1992,16483026471.4,0.0006660065396237869,-0.3711149295945056,False,0.037047272685766394,False,False
SRB,Serbia,1993,12708824729.0,-0.22897504587210882,-2.1120829690294713,False,0.08414645010497357,False,False
SRB,Serbia,1994,11100638781.8,-0.12654088647003803,-1.3355031903161743,False,0.08546238524256947,False,False
SRB,Serbia,1995,10785293239.6,-0.028407873492561686,-0.591531511851099,False,0.09069273517829195,False,False
SRB,Serbia,1996,9409821312.2,-0.1275321770899771,-1.343018420145427,False,0.09128635525101282,False,False
SRB,Serbia,1997,10616369758.8,0.12822224849643926,0.5959218355875691,False,0.13470426591162094,False,False
SRB,Serbia,1998,10897975637.2,0.026525628326629747,-0.1750664680052687,False,0.10835758677959266,False,False
SRB,Serbia,1999,10978472128.8,0.007386371036215644,-0.3201661132611673,False,0.09255120514934932,False,False
SRB,Serbia,2000,11573165499.6,0.05416904682391399,0.03450541645992544,False,0.0933029903165763,False,False
SRB,Serbia,2001,12478681866.6,0.0782427562304624,0.2170144157319753,False,0.047180111697817405,False,False
SRB,Serbia,2002,11400905180.2,-0.08636943372077932,-1.0309530473881665,False,0.06323669986265264,False,False
SRB,Serbia,2003,14259748378.8,0.25075580871990444,1.5248803552722374,False,0.12343346357499055,False,False
SRB,Serbia,2004,14562774444.5,0.021250449702921115,-0.2150589575437727,False,0.12208087986392466,False,False
SRB,Serbia,2005,16159378880.4,0.10963600665414397,0.4550147430585342,False,0.12352018086548079,False,False
SRB,Serbia,2006,19885774045.6,0.2306026235773091,1.3720938614916443,False,0.14201968299860798,False,False
SRB,Serbia,2007,26211637916.4,0.31811001454075605,2.0355099592743318,False,0.11896387408207884,False,False
SRB,Serbia,2008,30493346800.9,0.16335144328470363,0.8622453205879756,False,0.11337301169235464,False,False
SRB,Serbia,2009,33809169778.7,0.10873922759118493,0.448216029715909,False,0.08910114326778981,False,False
SRB,Serbia,2010,32907137502.0,-0.026680107278714837,-0.578432870618042,False,0.1298700901055481,False,False
SRB,Serbia,2011,31657124951.8,-0.03798606153829176,-0.6641462255017588,False,0.14715583437254098,False,False
SRB,Serbia,2012,34361115814.7,0.08541492213891799,0.27138845508169346,False,0.08776019297924244,False,False
SRB,Serbia,2013,35636906791.2,0.037128915818100516,-0.09468021109814777,False,0.06538542626472715,False,False
SRB,Serbia,2014,32106752435.5,-0.09905894404313775,-1.127155497582901,False,0.0712434720234629,False,False
SRB,Serbia,2015,30247124550.8,-0.05792014899158204,-0.8152716831976096,False,0.07455812299656839,False,False
SRB,Serbia,2016,27905718375.2,-0.07740921526830136,-0.9630233205893594,False,0.079580199903984,False,False
SRB,Serbia,2017,30930994202.3,0.10841060554056847,0.4457246612033181,False,0.08762448153599331,False,False
SRB,Serbia,2018,31047957743.9,0.0037814349204237097,-0.34749606361580143,False,0.08357687738158912,False,False
SRB,Serbia,2019,32398386691.1,0.04349493639288782,-0.04641776741617543,False,0.07570173697661653,False,False
SRB,Serbia,2020,38918907143.4,0.20126065271303228,1.1496448135002233,False,0.10550907551102551,False,False
SRB,Serbia,2021,42008848728.4,0.07939435641434756,0.22574499370701798,False,0.0748154672351609,False,False
SRB,Serbia,2022,44850264265.7,0.06763850053760367,0.13662081864044717,False,0.0741540348031412,False,False
SRB,Serbia,2023,50259125533.2,0.12059820284351197,0.5381219793617693,False,0.061870835904988326,False,False
SRB,Serbia,2024,51983619466.8,0.034312056075485264,-0.1160355512342462,False,0.06415356204780771,False,False
STP,Sao Tome and Principe,1977,2183745.2,,,False,,False,False
STP,Sao Tome and Principe,1978,10315766.6,3.7238874755168316,31.393198932831545,True,,True,True
STP,Sao Tome and Principe,1979,16719040.6,0.6207269171832561,4.491017113447197,True,,False,False
STP,Sao Tome and Principe,1980,23460544.5,0.403223131116746,2.6054149059004676,True,1.8575846789097064,True,True
STP,Sao Tome and Principe,1981,34421443.2,0.46720563966450146,3.1600974773805484,True,1.61599721946806,True,True
STP,Sao Tome and Principe,1982,37835228.9,0.09917613506687584,-0.030455013045563126,False,1.4995966453002632,False,False
STP,Sao Tome and Principe,1983,43794125.3,0.1574959785693275,0.47513630396431966,False,0.21784879684105277,False,False
STP,Sao Tome and Principe,1984,54043032.0,0.23402469234840506,1.1385854983540409,False,0.15791285707451835,False,False
STP,Sao Tome and Principe,1985,62644805.0,0.15916525556893246,0.4896077412316212,False,0.14444296811787385,False,False
STP,Sao Tome and Principe,1986,78917328.4,0.2597585450222091,1.3616795892107818,False,0.06468113398049068,False,False
STP,Sao Tome and Principe,1987,97671747.7,0.2376464039043673,1.1699831463146684,False,0.04784750999381097,False,False
STP,Sao Tome and Principe,1988,109175723.8,0.11778202367520452,0.13084472921503842,False,0.06033086387522264,False,False
STP,Sao Tome and Principe,1989,134446478.1,0.23146862159845827,1.1164261937464812,False,0.0599981355974825,False,False
STP,Sao Tome and Principe,1990,150047861.4,0.11604159157219307,0.1157564281106151,False,0.06983752494580402,False,False
STP,Sao Tome and Principe,1991,167715805.5,0.11774872320839358,0.13055603799330567,False,0.06432535288270597,False,False
STP,Sao Tome and Principe,1992,189843609.2,0.13193630519217803,0.2535522229893391,False,0.049873418123888874,False,False
STP,Sao Tome and Principe,1993,209813616.4,0.10519188549013325,0.021697239029146508,False,0.05174727462614521,False,False
STP,Sao Tome and Principe,1994,222778525.7,0.06179250671359182,-0.35454432396681584,False,0.02676305092695371,False,False
STP,Sao Tome and Principe,1995,245655455.1,0.10268911389963464,0.0,False,0.026239253728741665,False,False
STP,Sao Tome and Principe,1996,235376843.0,-0.04184157887239193,-1.2529776988151171,False,0.06837391847505181,False,False
STP,Sao Tome and Principe,1997,238209013.7,0.01203249505729831,-0.7859280231819028,False,0.06288324740403972,False,False
STP,Sao Tome and Principe,1998,258261791.0,0.08418143792515953,-0.16044830899338183,False,0.058664232501561116,False,False
STP,Sao Tome and Principe,1999,321781710.6,0.24595167312225463,1.2419838882545327,False,0.1090130432460993,False,False
STP,Sao Tome and Principe,2000,304831898.2,-0.05267487816008909,-1.346894652728047,False,0.12245699372081686,False,False
STP,Sao Tome and Principe,2001,308356185.0,0.011561410799888483,-0.7900119866465243,False,0.11457023162717815,False,False
STP,Sao Tome and Principe,2002,333450000.5,0.08137931626051209,-0.18474069898910372,False,0.11143446978000474,False,False
STP,Sao Tome and Principe,2003,339959178.8,0.019520702624800323,-0.7210106211669685,False,0.11369807943011638,False,False
STP,Sao Tome and Principe,2004,356057555.2,0.04735385129716052,-0.4797171359881392,False,0.049645075294902904,False,False
STP,Sao Tome and Principe,2005,332257441.8,-0.06684344441625822,-1.4697259849708573,False,0.055043160294636975,False,False
STP,Sao Tome and Principe,2006,348203074.5,0.04799180001391323,-0.4741865770476954,False,0.05627679339945701,False,False
STP,Sao Tome and Principe,2007,162832260.3,-0.532364093758167,-5.505456948243713,True,0.24793595733912632,False,False
STP,Sao Tome and Principe,2008,128374045.8,-0.21161786022324236,-2.7248165881222945,True,0.24229374710920382,False,False
STP,Sao Tome and Principe,2009,153645969.5,0.19686162839622834,0.8164083229829572,False,0.27823306444010365,False,False
STP,Sao Tome and Principe,2010,177736250.8,0.15679084442237845,0.4690232954133,False,0.30430071968351025,False,False
STP,Sao Tome and Principe,2011,216360036.7,0.21730955686390563,0.9936772328980229,False,0.32892544040459276,False,False
STP,Sao Tome and Principe,2012,193339402.3,-0.10639966026591074,-1.8126500750622903,False,0.1961301447112564,False,False
STP,Sao Tome and Principe,2013,206271695.9,0.06688907406434041,-0.3103607314819316,False,0.1321629881171097,False,False
STP,Sao Tome and Principe,2014,206321644.6,0.00024215004284555697,-0.8881418788073466,False,0.1276513004196984,False,False
STP,Sao Tome and Principe,2015,234344644.5,0.13582191027184165,0.2872376389922959,False,0.12426195007120046,False,False
STP,Sao Tome and Principe,2016,240916227.4,0.02804238566672268,-0.6471337262105341,False,0.08933677241126044,False,False
STP,Sao Tome and Principe,2017,272509888.6,0.13113961454968392,0.24664548512796075,False,0.06057516184903826,False,False
STP,Sao Tome and Principe,2018,255625527.5,-0.06195870978019258,-1.4273788305621111,False,0.08571159192053,False,False
STP,Sao Tome and Principe,2019,275561663.6,0.0779896135373257,-0.21412699636515464,False,0.08216491892956364,False,False
STP,Sao Tome and Principe,2020,312857068.7,0.13534322812819588,0.283087807290076,False,0.08205791034143109,False,False
STP,Sao Tome and Principe,2021,327486146.2,0.04675961953101293,-0.4848687002450467,False,0.080527823690778,False,False
STP,Sao Tome and Principe,2022,286876907.1,-0.1240029221730784,-1.9652577611741477,False,0.10571561106900841,False,False
STP,Sao Tome and Principe,2023,318480674.3,0.11016490493946773,0.0648097596037102,False,0.1024346279243893,False,False
STP,Sao Tome and Principe,2024,326406625.8,0.024886758097397044,-0.6744907594765952,False,0.10145827455835688,False,False
SUR,Suriname,2015,2562547848.2,,,False,,False,False
SUR,Suriname,2016,2962151764.6,0.15594007997965464,1.0718697930015941,False,,False,False
SUR,Suriname,2017,3127952233.4,0.05597298247221616,-0.05228701895313379,False,,False,False
SUR,Suriname,2018,3540170610.4,0.1317853810548537,0.800243727885419,False,0.052160633053197944,False,False
SUR,Suriname,2019,3927535691.1,0.10941989054483225,0.5487377910677714,False,0.04266663901339321,False,False
SUR,Suriname,2020,3885801062.2,-0.0106261615889508,-0.8012122486882897,False,0.06660223943211545,False,False
SUR,Suriname,2021,4139436483.4,0.06527236395792246,0.05228701895313379,False,0.054978134404137916,False,False
SUR,Suriname,2022,4194863046.5,0.01338988128511498,-0.5311454080353543,False,0.060759241425435706,False,False
SUR,Suriname,2023,4047562766.7,-0.03511444310986522,-1.0765895395289349,False,0.05853674058829055,False,False
SWZ,Eswatini,1970,37033600.0,,,False,,False,False
SWZ,Eswatini,1971,34636158.6,-0.06473692538667586,-0.7123500017920738,False,,False,False
SWZ,Eswatini,1972,32579541.5,-0.059377748085493565,-0.6774883184502419,False,,False,False
SWZ,Eswatini,1973,36932052.2,0.13359643812053035,0.5778172246557781,False,0.11299253692412926,False,False
SWZ,Eswatini,1974,36186536.7,-0.020186137936846094,-0.4225451758978856,False,0.09299360016984616,False,False
SWZ,Eswatini,1975,33746594.9,-0.06742678417191561,-0.7298476511392199,False,0.08558263636694674,False,False
SWZ,Eswatini,1976,40783709.8,0.20852814693905608,1.0652512762437896,False,0.12469574547119781,False,False
SWZ,Eswatini,1977,61099341.7,0.4981310429979571,2.949130814070527,True,0.2242354650627061,False,False
SWZ,Eswatini,1978,148246663.9,1.4263217863769553,8.987052300519483,True,0.6111996642492432,True,True
SWZ,Eswatini,1979,183128664.8,0.23529703793894274,1.239384086002516,False,0.5760078456607988,False,False
SWZ,Eswatini,1980,207635163.8,0.13382120721932989,0.5792793574994983,False,0.5355336289869428,False,False
SWZ,Eswatini,1981,185846514.0,-0.10493718598159729,-0.9738544597263346,False,0.5934621595423561,False,False
SWZ,Eswatini,1982,205660366.1,0.10661406379675209,0.4022956965139843,False,0.6091221520114845,False,False
SWZ,Eswatini,1983,237056126.4,0.15265829238451412,0.7018154224971793,False,0.12664422784838072,False,False
SWZ,Eswatini,1984,191395502.5,-0.1926152451464338,-1.544204079239129,False,0.15721486285337719,False,False
SWZ,Eswatini,1985,236548443.2,0.23591432458032813,1.243399562672484,False,0.18071197228886,False,False
SWZ,Eswatini,1986,273377332.3,0.1556927984888976,0.7215550177679936,False,0.1655795427336477,False,False
SWZ,Eswatini,1987,302794584.4,0.10760677138994801,0.40875330293752865,False,0.16560256073625407,False,False
SWZ,Eswatini,1988,259436559.3,-0.14319286847852875,-1.2227093518642496,False,0.18956501107561202,False,False
SWZ,Eswatini,1989,271146128.0,0.04513461299207111,0.0023691731818144615,False,0.14303076140257112,False,False
SWZ,Eswatini,1990,256044454.3,-0.05569570110180588,-0.6535364413651624,False,0.12151415397630218,False,False
SWZ,Eswatini,1991,260437309.6,0.0171566117766917,-0.17962895154765987,False,0.09662921129430346,False,False
SWZ,Eswatini,1992,237910547.0,-0.086495911951319,-0.8538931635173663,False,0.07659163443811383,False,False
SWZ,Eswatini,1993,228166871.4,-0.040955206580227776,-0.5576488781378933,False,0.054016549563829064,False,False
SWZ,Eswatini,1994,240790698.9,0.05532717095405637,0.06867220966385194,False,0.057373919331162745,False,False
SWZ,Eswatini,1995,249640731.9,0.03675404839318741,-0.052146767018110524,False,0.05873421534634888,False,False
SWZ,Eswatini,1996,234857815.8,-0.05921676317597746,-0.6764411045547201,False,0.06182257951415432,False,False
SWZ,Eswatini,1997,409051383.1,0.741697978867093,4.533544412205605,True,0.336182944478324,False,False
SWZ,Eswatini,1998,300826830.3,-0.26457446978865873,-2.012301990918139,False,0.37947878001927937,False,False
SWZ,Eswatini,1999,340291444.0,0.13118714730545755,0.562144682257354,False,0.37866196419640014,False,False
SWZ,Eswatini,2000,333715753.2,-0.01932370300794284,-0.41693499886796576,False,0.3824507645409081,False,False
SWZ,Eswatini,2001,348534802.3,0.04440620185861821,-0.0023691731818144615,False,0.37397645246040284,False,False
SWZ,Eswatini,2002,410868440.2,0.17884480255244783,0.8721598194069005,False,0.17359818519958714,False,False
SWZ,Eswatini,2003,453448988.2,0.10363547995867695,0.3829198780376734,False,0.0771052203238794,False,False
SWZ,Eswatini,2004,463598561.7,0.022383054685576553,-0.14563071124806942,False,0.07713501565403662,False,False
SWZ,Eswatini,2005,520294300.9,0.12229489882819888,0.5043002159914798,False,0.06261015586742867,False,False
SWZ,Eswatini,2006,474976016.6,-0.08710125062221286,-0.8578309181153736,False,0.10324933016546291,False,False
SWZ,Eswatini,2007,497770307.9,0.04799040478541916,0.02094622402279675,False,0.08266486315154253,False,False
SWZ,Eswatini,2008,480516699.6,-0.03466178682450893,-0.5167099066631676,False,0.07991038228651527,False,False
SWZ,Eswatini,2009,527156239.6,0.09706122604859413,0.34015406807435217,False,0.08835886984000772,False,False
SWZ,Eswatini,2010,1016890185.2,0.9290110005557448,5.752023831886468,True,0.4189864448010573,False,False
SWZ,Eswatini,2011,1039157895.1,0.021897851138783953,-0.14878698159592407,False,0.4034833858899454,False,False
SWZ,Eswatini,2012,863790140.3,-0.16875948845398914,-1.3890213358900108,False,0.43588717149635525,False,False
SWZ,Eswatini,2013,754187660.4,-0.12688554173810584,-1.1166294763484699,False,0.4484258430473851,False,False
SWZ,Eswatini,2014,537314978.9,-0.2875579817693872,-2.1618107441699843,False,0.4908586193212954,False,False
SWZ,Eswatini,2015,449950527.3,-0.16259448373997298,-1.348917709892506,False,0.11110765215803142,False,False
SWZ,Eswatini,2016,765430841.0,0.7011444471308657,4.26974191000636,True,0.4015317613403995,False,False
SWZ,Eswatini,2017,873013004.1,0.14055112145657578,0.6230577447166544,False,0.39451740400595386,False,False
SWZ,Eswatini,2018,766436157.3,-0.12207933478593647,-1.0853648893744814,False,0.39397523145638114,False,False
SWZ,Eswatini,2019,834013682.1,0.08817110747757795,0.28232345694198085,False,0.3454047854038504,False,False
SWZ,Eswatini,2020,957579428.8,0.1481579371562205,0.6725404143984703,False,0.3054587373650427,False,False
SWZ,Eswatini,2021,1179021627.2,0.2312520421178037,1.2130712108146633,False,0.1328635842621467,False,False
SWZ,Eswatini,2022,1247997284.2,0.05850245271904542,0.08932755677985803,False,0.13122923359069003,False,False
SWZ,Eswatini,2023,1228148249.5,-0.015904709850970367,-0.39469429846046683,False,0.0933025115565369,False,False
SWZ,Eswatini,2024,1238600512.2,0.008510587141459025,-0.23587172092434439,False,0.10259995767962894,False,False
SYR,Syrian Arab Republic,2008,5388704719.0,,,False,,False,False
SYR,Syrian Arab Republic,2009,5688619010.7,0.05565610055465342,1.4760035765627326,False,,False,False
SYR,Syrian Arab Republic,2010,5276579226.5,-0.07243230447055327,-1.493762904627166,False,,False,False
SYR,Syrian Arab Republic,2011,4980444783.4,-0.0561224290185498,-1.115613755059647,False,0.06972217630556857,False,False
SYR,Syrian Arab Republic,2012,4748208496.5,-0.046629627874613,-0.8955204324492452,False,0.05801246478565862,False,False
SYR,Syrian Arab Republic,2013,4765860589.2,0.003717632179170538,0.27179526094277834,False,0.052439226593317324,False,False
SYR,Syrian Arab Republic,2014,4608449443.0,-0.03302890280859494,-0.5801837131498588,False,0.028772923358977638,False,False
SYR,Syrian Arab Republic,2015,4419183536.1,-0.041069324778529315,-0.7666032072190913,False,0.0230243611400334,False,False
SYR,Syrian Arab Republic,2016,4367932030.6,-0.011597505530451468,-0.08329060819496548,False,0.021167506913242692,False,False
SYR,Syrian Arab Republic,2017,4603897926.4,0.05402233691983205,1.438124297170311,False,0.03770951047136454,False,False
SYR,Syrian Arab Republic,2018,4583582193.9,-0.004412724353314634,0.08329060819496548,False,0.037381624483982315,False,False
SYR,Syrian Arab Republic,2019,4590239653.7,0.0014524578197507854,0.2192765424426006,False,0.03449880859402105,False,False
SYR,Syrian Arab Republic,2020,4763247277.8,0.037690324939907205,1.0594619058412296,False,0.028742311932684363,False,False
SYR,Syrian Arab Republic,2021,5028598331.8,0.05570801567172845,1.4772072434717407,False,0.028680028727483046,False,False
SYR,Syrian Arab Republic,2022,4862033265.3,-0.03312355760186114,-0.5823783117340992,False,0.035304761302539886,False,False
SYR,Syrian Arab Republic,2023,4875542720.1,0.0027785607507904153,0.2500226200007853,False,0.034636483721725134,False,False
SYR,Syrian Arab Republic,2024,4756737935.6,-0.024367499439644558,-0.37936658688372893,False,0.03848145719363924,False,False
TCD,Chad,1970,35194310.6,,,False,,False,False
TCD,Chad,1971,46987777.5,0.3350958350637503,2.2638616134959855,False,,False,False
TCD,Chad,1972,36535574.4,-0.2224451475705571,-2.6198049982573997,True,,False,False
TCD,Chad,1973,47949602.6,0.3124086150948815,2.0651375337844473,False,0.3155511592711294,False,False
TCD,Chad,1974,76033230.3,0.585690520404855,4.458894689093059,True,0.3400979220079178,False,False
TCD,Chad,1975,143033649.6,0.8811991682536735,7.047342465909207,True,0.4071306202766899,False,False
TCD,Chad,1976,155883421.2,0.0898374028484552,0.11557035963773477,False,0.4278957658695199,False,False
TCD,Chad,1977,206649548.0,0.3256672608876512,2.1812739395232237,False,0.3032500672518645,False,False
TCD,Chad,1978,280957463.7,0.35958421597902546,2.4783625954449113,False,0.2990328208406169,False,False
TCD,Chad,1979,308437524.2,0.0978086153615858,0.18539257113084068,False,0.32176785523666973,False,False
TCD,Chad,1980,284235851.4,-0.0784653970452277,-1.358643716288769,False,0.18229756186092042,False,False
TCD,Chad,1981,259160026.3,-0.08822189381279422,-1.444103761371583,False,0.21382430489881646,False,False
TCD,Chad,1982,220537735.7,-0.14902873391165428,-1.976728884916639,False,0.2067621548596752,False,False
TCD,Chad,1983,219447718.7,-0.004942541903498854,-0.714635250471735,False,0.09461503370526636,False,False
TCD,Chad,1984,193968687.4,-0.11610524570925962,-1.6883422997425905,False,0.053623259535856914,False,False
TCD,Chad,1985,216488390.3,0.11609968187061104,0.3456094405373309,False,0.10635390650182347,False,False
TCD,Chad,1986,263170300.2,0.21563239412196777,1.2174459489542055,False,0.15405405250987345,False,False
TCD,Chad,1987,347956438.9,0.3221721396204875,2.150659137081567,False,0.17355763833831803,False,False
TCD,Chad,1988,395720698.4,0.1372708022044309,0.5310535544734444,False,0.1619808745261872,False,False
TCD,Chad,1989,398671140.0,0.007455868777977548,-0.6060338988762999,False,0.11737542075015031,False,False
TCD,Chad,1990,514179006.1,0.28973219907515757,1.866508089063623,False,0.12656678273411934,False,False
TCD,Chad,1991,616560585.1,0.19911660683417387,1.0727792760880719,False,0.1260904632288326,False,False
TCD,Chad,1992,641682750.2,0.0407456553453307,-0.3144387978252026,False,0.11533586169139638,False,False
TCD,Chad,1993,692281243.3,0.07885281797621846,0.019353127083729223,False,0.1179601607155812,False,False
TCD,Chad,1994,784041894.7,0.13254822702199887,0.48968711961341577,False,0.09902564069431209,False,False
TCD,Chad,1995,841874677.3,0.07376236268870384,-0.025235678583610227,False,0.06205829171396747,False,False
TCD,Chad,1996,946588238.7,0.12438141236867928,0.41815157103661243,False,0.03809963012902648,False,False
TCD,Chad,1997,956913401.4,0.01090776567663676,-0.5757977114815264,False,0.048634671953208655,False,False
TCD,Chad,1998,1029974192.7,0.07635047350482238,-0.0025656493411389653,False,0.04871485323130569,False,False
TCD,Chad,1999,1109216581.0,0.07693628525999463,0.0025656493411389653,False,0.04037752896593545,False,False
TCD,Chad,2000,1098901268.9,-0.009299637488920598,-0.752800341285694,False,0.05437309737778587,False,False
TCD,Chad,2001,1095686160.4,-0.002925748282389673,-0.6969695577657545,False,0.042847653333882865,False,False
TCD,Chad,2002,1276030379.0,0.1645947764222575,0.7703923380683619,False,0.07115113165792519,False,False
TCD,Chad,2003,1539458240.8,0.20644325255519647,1.1369555361270092,False,0.09714559494545871,False,False
TCD,Chad,2004,1652259152.8,0.07327312232995786,-0.029521079799931443,False,0.09725562825833782,False,False
TCD,Chad,2005,1629648503.1,-0.013684687212464741,-0.7912102906755439,False,0.09834817946058107,False,False
TCD,Chad,2006,1757292382.6,0.0783260189281243,0.014738738182441275,False,0.08601586672993022,False,False
TCD,Chad,2007,1848758227.2,0.0520493035226568,-0.2154267952746701,False,0.07998660723672628,False,False
TCD,Chad,2008,1802466708.4,-0.02503924965359583,-0.8906682663436607,False,0.04895728168373373,False,False
TCD,Chad,2009,1874375774.9,0.039894809798640685,-0.3218916059909739,False,0.04412778453124182,False,False
TCD,Chad,2010,2157556371.3,0.15107994895799814,0.652011961187436,False,0.0638901093838767,False,False
TCD,Chad,2011,2331370125.4,0.08056046943295914,0.03431095200342027,False,0.06406436800943187,False,False
TCD,Chad,2012,2346572489.0,0.006520785110168514,-0.6142245736964684,False,0.06850679562231658,False,False
TCD,Chad,2013,2910578276.1,0.24035302115910895,1.433981243476366,False,0.09350032898114204,False,False
TCD,Chad,2014,3724337229.9,0.2795866926109227,1.7776405928221672,False,0.11219687402376091,False,False
TCD,Chad,2015,2798645241.3,-0.2485521400071644,-2.8484838779579493,True,0.2112752881123724,False,False
TCD,Chad,2016,2857894668.9,0.021170753165012712,-0.4859011641514822,False,0.21231905127902445,False,False
TCD,Chad,2017,3131541325.8,0.09575113452495665,0.16737048705247837,False,0.21046145297250904,False,False
TCD,Chad,2018,3178231952.9,0.014909791135543138,-0.5407427850782642,False,0.19005300941010955,False,False
TCD,Chad,2019,3213862269.3,0.01121073506528969,-0.5731439128661193,False,0.13182959535505565,False,False
TCD,Chad,2020,3487524895.9,0.08515070145168524,0.07451815389221396,False,0.04123313408101504,False,False
TCD,Chad,2021,3584972747.9,0.027941836949912924,-0.4265912356697026,False,0.04032993754880021,False,False
TCD,Chad,2022,3269658175.5,-0.0879545242246833,-1.4417617919538623,False,0.062429723292511126,False,False
TCD,Chad,2023,3191737796.4,-0.02383135328453234,-0.8800879442654851,False,0.06408912443075637,False,False
TCD,Chad,2024,3348359914.3,0.04907111043916457,-0.241513670640289,False,0.06751983014581339,False,False
TGO,Togo,1970,39801356.9,,,False,,False,False
TGO,Togo,1971,47286582.2,0.18806457575822,0.7774897332483888,False,,False,False
TGO,Togo,1972,47049050.8,-0.005023230458808814,-0.469527586494044,False,,False,False
TGO,Togo,1973,69570984.1,0.4786904925189266,2.65443659419761,True,0.24349034553060736,False,False
TGO,Togo,1974,126779361.8,0.8223022635093069,4.873581542225846,True,0.36061512920012395,False,False
TGO,Togo,1975,167825816.5,0.3237629068109098,1.6538690986685283,False,0.31301578754098486,False,False
TGO,Togo,1976,242230566.9,0.4433450821316278,2.4261656340064506,False,0.29810667073413627,False,False
TGO,Togo,1977,434315074.4,0.7929821159990027,4.684223485499799,True,0.22269064344104716,False,False
TGO,Togo,1978,820147734.1,0.8883704076655004,5.3002688699248806,True,0.2529837367469691,False,False
TGO,Togo,1979,1103302010.7,0.34524789233335285,1.7926253960537073,False,0.26345525046043194,False,False
TGO,Togo,1980,1122269876.3,0.017191907035468468,-0.3260557549031575,False,0.3524551935190951,False,False
TGO,Togo,1981,998488103.2,-0.11029590628244856,-1.1494092041874748,False,0.4477716478751008,False,False
TGO,Togo,1982,950904818.5,-0.04765533464795724,-0.7448581386531863,False,0.41360056937467987,False,False
TGO,Togo,1983,916720382.4,-0.03594937730352876,-0.6692576549216503,False,0.17995774038937723,False,False
TGO,Togo,1984,801989757.6,-0.1251533477412512,-1.2453628906950602,False,0.05801585383427688,False,False
TGO,Togo,1985,934737436.2,0.1655229101644078,0.6319090880380396,False,0.11627060334844935,False,False
TGO,Togo,1986,1064791560.1,0.13913439096727598,0.46148434125629845,False,0.12663296247144665,False,False
TGO,Togo,1987,1234549173.3,0.15942802287431457,0.5925465298240763,False,0.1330127194495301,False,False
TGO,Togo,1988,1221898000.1,-0.010247605744356791,-0.5032681245091166,False,0.12877810159941766,False,False
TGO,Togo,1989,1175991338.5,-0.03756996213779129,-0.6797238640315402,False,0.09878544115606341,False,False
TGO,Togo,1990,1280414838.0,0.08879614677536174,0.1363852913339791,False,0.08820335486626774,False,False
TGO,Togo,1991,1350918506.2,0.0550631452460566,-0.08147226258457398,False,0.07873620081455991,False,False
TGO,Togo,1992,1352229618.6,0.0009705340433066034,-0.43081810871275816,False,0.051361190148446444,False,False
TGO,Togo,1993,1292462409.3,-0.04419900916079522,-0.7225361814586769,False,0.05806756359606705,False,False
TGO,Togo,1994,1454418478.0,0.1253081463218073,0.37219042426748483,False,0.06775627001903323,False,False
TGO,Togo,1995,1474990120.1,0.01414423868451431,-0.3457384852263711,False,0.06385742071953787,False,False
TGO,Togo,1996,1487243523.2,0.008307447577458715,-0.38343418307917015,False,0.06273025210414919,False,False
TGO,Togo,1997,1344663527.6,-0.09586862768325966,-1.0562336347798649,False,0.08231603263859384,False,False
TGO,Togo,1998,1471814621.3,0.09455978472692239,0.17360854479122959,False,0.08633361584100105,False,False
TGO,Togo,1999,1538399193.9,0.04523978199183021,-0.14491440507995726,False,0.06994055890733535,False,False
TGO,Togo,2000,1445960550.9,-0.060087552935892075,-0.8251490271956141,False,0.07721105872351548,False,False
TGO,Togo,2001,1423397059.6,-0.015604499919417703,-0.5378645081296333,False,0.07718685979732151,False,False
TGO,Togo,2002,1602431667.9,0.12577980760358742,0.37523655027075314,False,0.0765691292686548,False,False
TGO,Togo,2003,1732560992.2,0.08120740928100578,0.08737501318205879,False,0.0743016456746079,False,False
TGO,Togo,2004,1839097569.1,0.06149080891214109,-0.039960537560999654,False,0.07519483204742565,False,False
TGO,Togo,2005,1687525276.4,-0.08241666741703912,-0.9693569553814295,False,0.08279677268806185,False,False
TGO,Togo,2006,1795173984.3,0.06379087140528461,-0.025106063725318498,False,0.07837869273703939,False,False
TGO,Togo,2007,1967415189.5,0.09594680332177541,0.18256631506410964,False,0.0720445042925611,False,False
TGO,Togo,2008,1638414175.4,-0.16722500459275824,-1.5170739106292788,False,0.11363475623404666,False,False
TGO,Togo,2009,1724528058.6,0.052559288422279415,-0.09764289959463938,False,0.11237807494677715,False,False
TGO,Togo,2010,1290615124.8,-0.25161256822475686,-2.0620733877153063,False,0.15714549397219052,False,False
TGO,Togo,2011,636458643.0,-0.5068563580497101,-3.7105121623039787,True,0.24461221083383042,False,False
TGO,Togo,2012,760236668.9,0.19447929140621323,0.818917836197983,False,0.2723263257710041,False,False
TGO,Togo,2013,935659568.1,0.23074774787412267,1.0531500969600758,False,0.31554908678768323,False,False
TGO,Togo,2014,1030916924.0,0.10180770778995463,0.2204177440298541,False,0.3205196653965163,False,False
TGO,Togo,2015,1104695218.3,0.07156570290236108,0.025106063725318498,False,0.3007379046391805,False,False
TGO,Togo,2016,1213797944.2,0.09876273934442903,0.2007524504826703,False,0.06900031205022521,False,False
TGO,Togo,2017,1634591475.6,0.3466751063558111,1.8018427601113025,False,0.11653174465552721,False,False
TGO,Togo,2018,1705711508.7,0.04350936252979931,-0.1560899582225855,False,0.12204867003043658,False,False
TGO,Togo,2019,2008722642.7,0.17764500764313795,0.7101971260231614,False,0.1219987178617164,False,False
TGO,Togo,2020,2568770933.8,0.27880817351031495,1.3635383308766278,False,0.12486606803368828,False,False
TGO,Togo,2021,3544978710.2,0.3800291273756702,2.0172527474621726,False,0.13679208807763216,False,False
TGO,Togo,2022,3281657367.7,-0.07428009137046243,-0.916808576215124,False,0.18116998280864632,False,False
TGO,Togo,2023,3439839395.5,0.048201871821513365,-0.12578436578531615,False,0.18041887300428583,False,False
TGO,Togo,2024,4294139883.4,0.24835476011397417,1.1668613128166234,False,0.1846651389970042,False,False
THA,Thailand,1970,1000572108.9,,,False,,False,False
THA,Thailand,1971,1079128839.7,0.07851181349274583,-0.07811471076719996,False,,False,False
THA,Thailand,1972,1229411687.8,0.13926311907462208,0.34228422081803517,False,,False,False
THA,Thailand,1973,1245690376.2,0.01324103923977682,-0.5297883578908474,False,0.06302454509605056,False,False
THA,Thailand,1974,1600893354.9,0.2851454787533583,1.351789902361276,False,0.11609755898203693,False,False
THA,Thailand,1975,1865317539.0,0.16517289130512824,0.5215798007071215,False,0.1018336600871053,False,False
THA,Thailand,1976,2325633646.1,0.24677627131881041,1.0862750519928865,False,0.10570533752916685,False,False
THA,Thailand,1977,3344454730.2,0.4380832233866776,2.410118835823471,False,0.1563710299895478,False,False
THA,Thailand,1978,5029137828.5,0.5037242941539997,2.864354934198375,True,0.13959188192208766,False,False
THA,Thailand,1979,6644774200.8,0.32125513903083514,1.6016686902351918,False,0.13775669920801314,False,False
THA,Thailand,1980,8297078410.5,0.2486622057828647,1.099325715285376,False,0.11524551263754894,False,False
THA,Thailand,1981,10851629853.4,0.30788565763910336,1.5091519016806183,False,0.10403115081311236,False,False
THA,Thailand,1982,12237908792.2,0.12774845415185787,0.2626027590827308,False,0.1362961012023958,False,False
THA,Thailand,1983,13902415140.3,0.13601231847396145,0.3197886861752032,False,0.09221819630485714,False,False
THA,Thailand,1984,15012831076.9,0.07987216072847314,-0.06870111020327563,False,0.09455151738867157,False,False
THA,Thailand,1985,17545477591.8,0.1686987951790746,0.5459790495344833,False,0.0864582701843806,False,False
THA,Thailand,1986,18537200102.4,0.05652297040141496,-0.23027746766354945,False,0.045093171190661197,False,False
THA,Thailand,1987,20385283141.7,0.09969591033657399,0.06847920346137494,False,0.04466240828545728,False,False
THA,Thailand,1988,21763483335.1,0.06760760612545824,-0.15357180725401384,False,0.04447439120956008,False,False
THA,Thailand,1989,23536747458.0,0.0814788742958299,-0.05758265504234178,False,0.04434808770689318,False,False
THA,Thailand,1990,28165126438.7,0.1966447993274807,0.7393653508417486,False,0.05617406088083956,False,False
THA,Thailand,1991,37772319224.6,0.34110241993088786,1.7390118404002375,False,0.11450233883983024,False,False
THA,Thailand,1992,41864442860.1,0.10833657343536696,0.12827257744944295,False,0.11347609202199396,False,False
THA,Thailand,1993,52717189061.2,0.2592354145824187,1.172492302244886,False,0.10705672269920065,False,False
THA,Thailand,1994,65596252733.3,0.24430482545548005,1.0691726508105028,False,0.0856119380061735,False,False
THA,Thailand,1995,100092684586.0,0.52589028207076,3.0177435329862385,True,0.1533990726481405,False,False
THA,Thailand,1996,112879501380.9,0.12774976360948243,0.2626118205272717,False,0.16673232123426004,False,False
THA,Thailand,1997,109730690051.9,-0.027895333435028813,-0.8144519870283835,False,0.20340211880049977,False,False
THA,Thailand,1998,104943991856.5,-0.04362223725318781,-0.923282134775368,False,0.23380016640552742,False,False
THA,Thailand,1999,96903100977.3,-0.07662078349559143,-1.1516320188033915,False,0.25016294316479715,False,False
THA,Thailand,2000,79830056193.2,-0.17618677433345964,-1.8406285065258268,False,0.10975563813363472,False,False
THA,Thailand,2001,67296708658.9,-0.15700035966362758,-1.7078585495530012,False,0.0669100906887848,False,False
THA,Thailand,2002,62922110903.3,-0.06500463161984749,-1.0712482675256012,False,0.05902375161790592,False,False
THA,Thailand,2003,58452984709.5,-0.07102632333279868,-1.1129183639657272,False,0.05301877651301198,False,False
THA,Thailand,2004,58416708560.4,-0.0006206038798580726,-0.6257109047677463,False,0.07213171773907286,False,False
THA,Thailand,2005,58524721297.5,0.0018490041592864603,-0.6086212213256114,False,0.06498744008494507,False,False
THA,Thailand,2006,62716469252.2,0.07162354406425941,-0.1257815235290121,False,0.05832186402153071,False,False
THA,Thailand,2007,63156007038.0,0.007008331161508785,-0.5729186872210573,False,0.050527179813268576,False,False
THA,Thailand,2008,66708742797.7,0.056253330859919126,-0.2321433728333603,False,0.034065771680834835,False,False
THA,Thailand,2009,80931068117.8,0.21320032013240642,0.8539295267317271,False,0.0856014693414838,False,False
THA,Thailand,2010,107165878658.6,0.3241624156326921,1.6217870393889595,False,0.1308583921188178,False,False
THA,Thailand,2011,117681130154.4,0.09812126422532863,0.05758265504234178,False,0.1281872503498177,False,False
THA,Thailand,2012,151145531850.6,0.28436506050115296,1.3463894093796964,False,0.11579743077114925,False,False
THA,Thailand,2013,153833122504.3,0.017781476043609024,-0.49836854290944255,False,0.12797743416518795,False,False
THA,Thailand,2014,146924958766.3,-0.04490686807587163,-0.9321717778894554,False,0.16244610901943238,False,False
THA,Thailand,2015,122988521275.3,-0.1629160742462652,-1.748795284431107,False,0.16730116583341428,False,False
THA,Thailand,2016,131071178439.1,0.06571879294090888,-0.16664239128744648,False,0.16502589886145275,False,False
THA,Thailand,2017,153571483414.1,0.1716647797246622,0.5665036575592913,False,0.12471362823944125,False,False
THA,Thailand,2018,172100562780.3,0.12065442720402064,0.21351210463599993,False,0.13452751437239382,False,False
THA,Thailand,2019,168599886145.8,-0.02034087848375543,-0.7621751715788144,False,0.13152087557201872,False,False
THA,Thailand,2020,186866033773.6,0.10834021330242183,0.12829776532328901,False,0.07194918261558177,False,False
THA,Thailand,2021,196675731446.9,0.05249588421823659,-0.2581448972207327,False,0.0732594583532101,False,False
THA,Thailand,2022,201051228652.9,0.02224726545471789,-0.4674652877590725,False,0.05894243108359473,False,False
THA,Thailand,2023,194693030257.4,-0.031624767667930875,-0.8402596655945074,False,0.056929488477000044,False,False
THA,Thailand,2024,191827376401.5,-0.014718831239676988,-0.723270614185444,False,0.05582467600920848,False,False
TJK,Tajikistan,1992,9731000.0,,,False,,False,False
TJK,Tajikistan,1993,382514000.0,38.30880690576508,446.11015413974286,True,,True,True
TJK,Tajikistan,1994,577538000.0,0.5098480055631951,5.208149269633852,True,,False,False
TJK,Tajikistan,1995,629795000.0,0.09048235787082404,0.31650250948378167,False,21.94530129182476,True,False
TJK,Tajikistan,1996,694309400.4,0.10243714287982586,0.45594784955720563,False,19.038273533683018,True,False
TJK,Tajikistan,1997,1050335124.1,0.5127767584521963,5.242311401557618,True,16.99758354054345,True,True
TJK,Tajikistan,1998,1228826959.2,0.1699379855100478,1.243304372382696,False,0.21594682439540688,False,False
TJK,Tajikistan,1999,1373567363.8,0.11778745861356255,0.635000002825838,False,0.1781824188393225,False,False
TJK,Tajikistan,2000,1140676654.0,-0.16955172053280554,-2.716637816031878,True,0.24359930256135567,False,False
TJK,Tajikistan,2001,1162073154.7,0.018757726499415206,-0.5201219555899049,False,0.25018407989122243,False,False
TJK,Tajikistan,2002,1254304142.6,0.07936762632109007,0.18685588517306323,False,0.13114362792504744,False,False
TJK,Tajikistan,2003,1272329032.2,0.014370429776813909,-0.5712971195954046,False,0.11038748738493037,False,False
TJK,Tajikistan,2004,1166678857.2,-0.0830368342828105,-1.7074939689898765,False,0.09820296136180683,False,False
TJK,Tajikistan,2005,1116909976.5,-0.04265859485912349,-1.2365062160723275,False,0.062324969098298946,False,False
TJK,Tajikistan,2006,1060790372.7,-0.050245413668753236,-1.3250018710077902,False,0.06401902625166177,False,False
TJK,Tajikistan,2007,1348486856.0,0.2712095534650585,2.424575990619388,False,0.14369799587806387,False,False
TJK,Tajikistan,2008,2497045162.5,0.8517385997420504,9.196096366739878,True,0.39714234480539656,False,False
TJK,Tajikistan,2009,2666229139.6,0.06775367127545895,0.051386120579554044,False,0.3764691795219037,False,False
TJK,Tajikistan,2010,3561185320.5,0.33566364106059754,3.1763939578278713,True,0.34749547629002303,False,False
TJK,Tajikistan,2011,3922103878.3,0.10134787305854842,0.4432421755910594,False,0.3149028234724261,False,False
TJK,Tajikistan,2012,4619361917.4,0.17777653543491034,1.3347363185976981,False,0.3216333120565628,False,False
TJK,Tajikistan,2013,4862292683.6,0.052589680251062365,-0.12549266759397637,False,0.11599414524444099,False,False
TJK,Tajikistan,2014,5123749263.3,0.05377228330615824,-0.11169831787831522,False,0.11852387153382676,False,False
TJK,Tajikistan,2015,5144129015.0,0.003977507612633158,-0.6925242737809081,False,0.06559805389609012,False,False
TJK,Tajikistan,2016,5180495790.8,0.007069569152320376,-0.6564572451722823,False,0.0705346085616778,False,False
TJK,Tajikistan,2017,5865953296.1,0.13231503952137147,0.8044554517199995,False,0.051859856267554544,False,False
TJK,Tajikistan,2018,6086669246.0,0.0376266122075577,-0.3000278106598832,False,0.052100246938330076,False,False
TJK,Tajikistan,2019,6632776523.9,0.0897218586764652,0.3076317461280978,False,0.05563721445128864,False,False
TJK,Tajikistan,2020,6903659102.3,0.040839997763217895,-0.26254561074924854,False,0.04942339577764549,False,False
TJK,Tajikistan,2021,6590623735.3,-0.04534339867617598,-1.2678228295469658,False,0.06647487585467433,False,False
TJK,Tajikistan,2022,6723539347.8,0.020167379877581437,-0.5036792011149374,False,0.0487491388130545,False,False
TJK,Tajikistan,2023,6589051886.9,-0.02000247993551285,-0.9722363318471782,False,0.052732105981880203,False,False
TJK,Tajikistan,2024,6977429758.2,0.0589429068045666,-0.051386120579554044,False,0.043036872768229234,False,False
TKM,Turkmenistan,1993,276435325.0,,,False,,False,False
TKM,Turkmenistan,1994,431045659.1,0.5593002055724969,4.38844489731474,True,,False,False
TKM,Turkmenistan,1995,402248484.2,-0.06680771350331416,-0.10127895648522894,False,,False,False
TKM,Turkmenistan,1996,756163428.6,0.8798415862371074,6.686997972676211,True,0.48147391756058944,False,False
TKM,Turkmenistan,1997,1866474843.2,1.4683484715145347,10.907090580442217,True,0.640333013359492,True,True
TKM,Turkmenistan,1998,2397439413.0,0.28447453858509086,2.4177121927497294,False,0.5863132351543692,False,False
TKM,Turkmenistan,1999,2732208441.4,0.1396360744654197,1.3790977822089487,False,0.6267210881347919,False,False
TKM,Turkmenistan,2000,2627007065.7,-0.03850415440708266,0.1016815245279508,False,0.6199488564314101,False,False
TKM,Turkmenistan,2001,2241509191.6,-0.14674413294631894,-0.6744907594765952,False,0.6512629844064437,False,False
TKM,Turkmenistan,2002,2130945860.6,-0.04932539710938211,0.024084052897201606,False,0.17225602471059454,False,False
TKM,Turkmenistan,2003,1916765263.8,-0.10050963788432155,-0.3429502869416805,False,0.10886907333996838,False,False
TKM,Turkmenistan,2004,1815782395.5,-0.052684003726048756,0.0,False,0.045427131163622805,False,False
TKM,Turkmenistan,2005,1152800557.5,-0.36512185581435763,-2.2404439148789237,False,0.13046973116980629,False,False
TKM,Turkmenistan,2006,991050916.5,-0.1403101689599937,-0.6283537905870569,False,0.13045378281469772,False,False
TKM,Turkmenistan,2007,877831145.5,-0.11424213339093359,-0.4414239058974113,False,0.12192727598741489,False,False
TKM,Turkmenistan,2008,817830560.1,-0.06835094164473343,-0.1123452087834155,False,0.12626325515436082,False,False
TKM,Turkmenistan,2009,803881172.3,-0.01705657440618802,0.2554788310345313,False,0.13377866294714522,False,False
TKM,Turkmenistan,2010,1682020478.2,1.0923745152377915,8.211039007743853,True,0.5286202542580885,False,False
TKM,Turkmenistan,2011,4296648711.5,1.5544568375873888,11.524560466048666,True,0.7794056271583286,True,True
TKM,Turkmenistan,2012,6547850611.7,0.5239436713023915,4.134908613131489,True,0.7044855140696978,False,False
TKM,Turkmenistan,2013,8278943711.1,0.26437577795479994,2.2735870630646877,False,0.6359337546093233,False,False
TKM,Turkmenistan,2014,7360924924.0,-0.11088598003984085,-0.41735744499135263,False,0.6626043395733466,False,False
TKM,Turkmenistan,2015,7003746694.1,-0.048523552894206845,0.02983395477548784,False,0.6749036490358696,False,False
TKM,Turkmenistan,2016,8167364609.0,0.16614220441185257,1.569169174482797,False,0.2550702920626457,False,False
TKM,Turkmenistan,2017,8650279590.8,0.05912739358640273,0.8017823802347325,False,0.15316080281874875,False,False
TKM,Turkmenistan,2018,8159810791.6,-0.05669976259745835,-0.02879639092041798,False,0.11062051953003049,False,False
TKM,Turkmenistan,2019,6650434191.5,-0.18497691167714403,-0.9486521515225838,False,0.13232718877459865,False,False
TKM,Turkmenistan,2020,5770954535.6,-0.1322439453688713,-0.5705121384313023,False,0.14282825134656008,False,False
TKM,Turkmenistan,2021,4986356367.0,-0.13595639400032566,-0.5971335381434333,False,0.09521676292079889,False,False
TKM,Turkmenistan,2022,4645434178.1,-0.06837100355607206,-0.11248906967248208,False,0.052925332631610505,False,False
TKM,Turkmenistan,2023,3917747615.2,-0.15664554377511963,-0.7454922578284426,False,0.04304682012131881,False,False
TKM,Turkmenistan,2024,3320400762.0,-0.15247200990753595,-0.7155644866103571,False,0.0355313461356862,False,False
TLS,Timor-Leste,2012,76035316.9,,,False,,False,False
TLS,Timor-Leste,2013,89494692.9,0.1770147945552918,0.15901252374858196,False,,False,False
TLS,Timor-Leste,2014,104305452.7,0.16549316300296502,0.08409782911903496,False,,False,False
TLS,Timor-Leste,2015,116733681.1,0.11915224063832652,-0.2172150563027655,False,0.030627613425977588,False,False
TLS,Timor-Leste,2016,80907571.1,-0.3069046539302529,-2.98747567490174,True,0.23174887840438266,False,False
TLS,Timor-Leste,2017,124522399.4,0.5390698015899282,2.5131270576073557,True,0.300594193399113,False,False
TLS,Timor-Leste,2018,158056457.0,0.2693014089158323,0.7590684708438931,False,0.30630899720910304,False,False
TLS,Timor-Leste,2019,203400669.6,0.28688617637430647,0.8734062257269807,False,0.3118885400510358,False,False
TLS,Timor-Leste,2020,231800534.6,0.1396252286477231,-0.08409782911903496,False,0.3109984845870474,False,False
TLS,Timor-Leste,2021,278614052.2,0.2019560381117429,0.3211827542603673,False,0.15231838407683598,False,False
TLS,Timor-Leste,2022,287938205.7,0.033466199663564566,-0.7743534758474184,False,0.10342704561128875,False,False
TLS,Timor-Leste,2023,305742152.2,0.06183252568625708,-0.5899130481092973,False,0.10339351820081506,False,False
TLS,Timor-Leste,2024,296673869.1,-0.029659904709730678,-1.1848051389474503,False,0.0907451976531453,False,False
TON,Tonga,1985,24548074.2,,,False,,False,False
TON,Tonga,1986,28928950.0,0.1784610786291334,1.2377752055454199,False,,False,False
TON,Tonga,1987,36096245.2,0.24775511036522246,1.8119394070494106,False,,False,False
TON,Tonga,1988,37559875.0,0.04054797921197628,0.09503949483698561,False,0.1054802359258575,False,False
TON,Tonga,1989,39140012.4,0.04206982584473451,0.10764938106841536,False,0.1031454503550661,False,False
TON,Tonga,1990,53683028.0,0.3715638986358625,2.837808046463071,True,0.14114230499951355,False,False
TON,Tonga,1991,44995161.5,-0.16183637219569658,-1.581899292120195,False,0.20658270029934941,False,False
TON,Tonga,1992,43482995.3,-0.0336073068656505,-0.5194046290122244,False,0.19710728613909412,False,False
TON,Tonga,1993,44241811.7,0.017450876940853455,-0.09634104617501194,False,0.1977051262007226,False,False
TON,Tonga,1994,58640380.3,0.32545160441519605,2.455725666099323,False,0.23330589379390196,False,False
TON,Tonga,1995,64114187.2,0.09334535130905364,0.5325138376069629,False,0.18073445223248283,False,False
TON,Tonga,1996,63805061.3,-0.004821489805925561,-0.28088790177539535,False,0.14529051525511527,False,False
TON,Tonga,1997,58675998.8,-0.08038645203840589,-0.90701247722415,False,0.15554425574351854,False,False
TON,Tonga,1998,64879601.7,0.10572641330137889,0.6351022192394393,False,0.15304884467089613,False,False
TON,Tonga,1999,78049432.9,0.20298878006213172,1.441009564337553,False,0.10897475391479844,False,False
TON,Tonga,2000,73965562.4,-0.05232415340201657,-0.6744907594765952,False,0.11805171975557766,False,False
TON,Tonga,2001,71355546.3,-0.03528690941177792,-0.5333216667509748,False,0.1213128094720006,False,False
TON,Tonga,2002,81495989.1,0.1421114871346727,0.9365857141488088,False,0.11200006707075791,False,False
TON,Tonga,2003,93415984.1,0.14626480556452326,0.9709997423143107,False,0.11637550842950029,False,False
TON,Tonga,2004,94356377.1,0.01006672475872361,-0.15752547627981192,False,0.09589495223300888,False,False
TON,Tonga,2005,89030079.1,-0.05644873365957159,-0.7086666656951509,False,0.09692322329074476,False,False
TON,Tonga,2006,91618892.9,0.02907796809988472,0.0,False,0.08807150742518166,False,False
TON,Tonga,2007,96867967.0,0.05729248557641098,0.23378298955713794,False,0.07394439516600518,False,False
TON,Tonga,2008,98959554.0,0.021592143045595202,-0.062026882506480266,False,0.042200540557861065,False,False
TON,Tonga,2009,114892400.3,0.1610036187107311,1.0931242409066129,False,0.07853353826794413,False,False
TON,Tonga,2010,153652255.8,0.3373578704839715,2.5543799308173645,True,0.13304218913239013,False,False
TON,Tonga,2011,191201692.9,0.24437934154950414,1.7839680860282738,False,0.13056486035748327,False,False
TON,Tonga,2012,197996915.7,0.03553955353080451,0.053540123823704,False,0.1352995095201931,False,False
TON,Tonga,2013,199562997.3,0.007909626240708345,-0.1753990032940676,False,0.13888883694982018,False,False
TON,Tonga,2014,195924377.2,-0.01823293971943174,-0.3920139863410392,False,0.15930407943394254,False,False
TON,Tonga,2015,184338819.8,-0.05913280197988546,-0.7309066177560231,False,0.11833965593598807,False,False
TON,Tonga,2016,174411669.5,-0.05385273872736385,-0.6871564819171851,False,0.04035522845363289,False,False
TON,Tonga,2017,193072348.9,0.10699214939858148,0.6455899962868615,False,0.06742751863745017,False,False
TON,Tonga,2018,187000421.1,-0.03144897668979474,-0.501520896590334,False,0.06809121826474696,False,False
TON,Tonga,2019,186647313.7,-0.0018882706141670758,-0.2565835076901098,False,0.06805760362621233,False,False
TON,Tonga,2020,194579370.9,0.04249756957525408,0.11119362768430678,False,0.06397232463529755,False,False
TON,Tonga,2021,223626733.7,0.14928284877089193,0.9960069806618916,False,0.07490019062581567,False,False
TON,Tonga,2022,209927234.2,-0.06126056251565237,-0.7485370528512586,False,0.0820792006196363,False,False
TON,Tonga,2023,196453498.6,-0.06418288532855831,-0.7727511605077362,False,0.08822775956049368,False,False
TON,Tonga,2024,173176112.1,-0.11848802218277221,-1.2227187083366176,False,0.10660578854861867,False,False
TUN,Tunisia,1970,603200003.2,,,False,,False,False
TUN,Tunisia,1971,676455154.3,0.12144421537032235,0.881740500856204,False,,False,False
TUN,Tunisia,1972,753125154.8,0.11334084752349716,0.771427947904498,False,,False,False
TUN,Tunisia,1973,881771774.4,0.17081705315521356,1.5538615109687661,False,0.031109633811231455,False,False
TUN,Tunisia,1974,1008315139.3,0.14351033745223485,1.1821304506415224,False,0.025738467456304367,False,False
TUN,Tunisia,1975,1115794378.8,0.10659290464944826,0.6795670303601653,False,0.026175712734507445,False,False
TUN,Tunisia,1976,1290725427.0,0.15677713700989648,1.3627336956586666,False,0.027632261512367744,False,False
TUN,Tunisia,1977,2248212072.4,0.7418205494141863,9.327031211188599,True,0.2682289075361694,False,False
TUN,Tunisia,1978,2954540544.1,0.31417341823362044,3.505396590284166,True,0.26340972283815894,False,False
TUN,Tunisia,1979,3410535275.7,0.15433693489520328,1.3295148007401272,False,0.26191829697095076,False,False
TUN,Tunisia,1980,3533404839.2,0.036026474898366745,-0.2810660256325786,False,0.27610787664622555,False,False
TUN,Tunisia,1981,3611172894.0,0.022009381415124762,-0.4718831520826573,False,0.2970075868138971,False,False
TUN,Tunisia,1982,3777334492.5,0.04601319387838765,-0.1451150868227377,False,0.12334859738361519,False,False
TUN,Tunisia,1983,4063243816.4,0.07569076142652476,0.25889079116715863,False,0.052742440455289266,False,False
TUN,Tunisia,1984,4097321562.8,0.008386832771997588,-0.6573292711454756,False,0.0255960799641421,False,False
TUN,Tunisia,1985,4886601243.8,0.1926330821007438,1.8508468994813496,False,0.07372306046842607,False,False
TUN,Tunisia,1986,5944706612.9,0.21653196491989135,2.1761865392839193,False,0.0918570483883971,False,False
TUN,Tunisia,1987,6817910803.0,0.14688768461763102,1.228106863789918,False,0.08575495840200643,False,False
TUN,Tunisia,1988,6800232969.0,-0.0025928520496661944,-0.8067976263007167,False,0.10309256065745477,False,False
TUN,Tunisia,1989,6974803135.2,0.025671203765489592,-0.4220341288666346,False,0.09894033465575848,False,False
TUN,Tunisia,1990,7689870905.1,0.1025215702922484,0.6241432491185585,False,0.08917743746764009,False,False
TUN,Tunisia,1991,8251258473.6,0.07300351012754747,0.222308772824117,False,0.05960093957291903,False,False
TUN,Tunisia,1992,8542684831.5,0.03531901937533788,-0.2906967404563755,False,0.04125957136261904,False,False
TUN,Tunisia,1993,8693836168.7,0.017693657226197868,-0.5306338545208391,False,0.03583034696912325,False,False
TUN,Tunisia,1994,9614053659.6,0.10584711662879198,0.669414488593025,False,0.03950204695718992,False,False
TUN,Tunisia,1995,10819480146.7,0.1253817099196588,0.9353422975635949,False,0.045523061477919964,False,False
TUN,Tunisia,1996,11379084345.6,0.05172191189524766,-0.0674013176313323,False,0.046329139958045266,False,False
TUN,Tunisia,1997,11229245891.0,-0.013167883289127658,-0.9507573620081463,False,0.05821780456470852,False,False
TUN,Tunisia,1998,10845598411.7,-0.03416502613122796,-1.2365951118655967,False,0.07042164323067712,False,False
TUN,Tunisia,1999,11912144319.5,0.09833905583756741,0.5672059539130795,False,0.0689204761732366,False,False
TUN,Tunisia,2000,11355178322.9,-0.04675614915848991,-1.408000255001294,False,0.061737214861156214,False,False
TUN,Tunisia,2001,12916759883.6,0.13752153566366787,1.1006038524534125,False,0.08379989380941838,False,False
TUN,Tunisia,2002,15510612053.4,0.20081291230731413,1.9622003478073786,False,0.10833975617129991,False,False
TUN,Tunisia,2003,18129964847.3,0.1688748828790303,1.5274224099082565,False,0.09638941724931009,False,False
TUN,Tunisia,2004,19685391758.2,0.0857931564677934,0.396416448275964,False,0.09698751901454962,False,False
TUN,Tunisia,2005,18046141123.5,-0.083272441556423,-1.9051028813278503,False,0.11190011829432919,False,False
TUN,Tunisia,2006,18832356907.9,0.0435669752895913,-0.17841588504748668,False,0.11232046510131191,False,False
TUN,Tunisia,2007,20709926831.1,0.09969914718493755,0.5857211134877134,False,0.09333955877889068,False,False
TUN,Tunisia,2008,21575149179.8,0.0417781460917912,-0.20276752739347662,False,0.0721838891135558,False,False
TUN,Tunisia,2009,22904702181.5,0.06162427849837582,0.0674013176313323,False,0.06887599099162516,False,False
TUN,Tunisia,2010,22659417009.8,-0.010708943943314675,-0.9172833939102645,False,0.039875622552949186,False,False
TUN,Tunisia,2011,22866532270.0,0.009140361383102924,-0.6470713553770645,False,0.043468389891198125,False,False
TUN,Tunisia,2012,25416510709.4,0.1115157475252806,0.7465825448571339,False,0.047627054683634505,False,False
TUN,Tunisia,2013,26262224742.9,0.03327419893192585,-0.3185332360597432,False,0.04781831815854958,False,False
TUN,Tunisia,2014,27595974477.9,0.05078586251001371,-0.08014392037699036,False,0.046884445711067334,False,False
TUN,Tunisia,2015,28197062216.1,0.021781718151731688,-0.47498237160137213,False,0.040062042023113045,False,False
TUN,Tunisia,2016,29527167044.6,0.04717175208914259,-0.12934343281574223,False,0.034736895445259514,False,False
TUN,Tunisia,2017,33714237269.7,0.14180399422591217,1.1589017041418492,False,0.04772549540885433,False,False
TUN,Tunisia,2018,35245100362.9,0.045407021400298175,-0.153367017976685,False,0.0463823467732933,False,False
TUN,Tunisia,2019,40224514020.4,0.14127959932670442,1.151763025362862,False,0.05752684770278808,False,False
TUN,Tunisia,2020,41977373872.0,0.043576905632993546,-0.17828070155920192,False,0.05268278396655989,False,False
TUN,Tunisia,2021,43022033493.3,0.02488625478300399,-0.43271977560409025,False,0.05730163170130606,False,False
TUN,Tunisia,2022,41041206300.8,-0.04604215634782771,-1.3982805469463069,False,0.06692285777612648,False,False
TUN,Tunisia,2023,42407399347.3,0.033288325798390694,-0.3183409245746419,False,0.06697996476234735,False,False
TUN,Tunisia,2024,40459855368.3,-0.04592462657401786,-1.3966805937364966,False,0.04426112408069641,False,False
TUR,Turkiye,1970,2746453200.2,,,False,,False,False
TUR,Turkiye,1971,3287188317.4,0.1968848830777905,1.0272276325150667,False,,False,False
TUR,Turkiye,1972,3554569347.9,0.08134034459926687,-0.12977034277928604,False,,False,False
TUR,Turkiye,1973,4204209180.0,0.1827618956101671,0.8858079849894072,False,0.06302953032333643,False,False
TUR,Turkiye,1974,4632821915.4,0.10194847997548973,0.0765879258057202,False,0.05759394801894894,False,False
TUR,Turkiye,1975,5058841386.7,0.09195679848687166,-0.023463148908346856,False,0.05443930821222863,False,False
TUR,Turkiye,1976,6001284289.8,0.1862961953260167,0.9211984731004612,False,0.051353005565622785,False,False
TUR,Turkiye,1977,11452264698.7,0.9083023142504154,8.150961374450679,True,0.34606584631154036,False,False
TUR,Turkiye,1978,14854969075.5,0.29712065397739673,2.0309322256531397,False,0.3405908911799473,False,False
TUR,Turkiye,1979,15928443383.2,0.07226365145858571,-0.22065923916869176,False,0.3455027211992646,False,False
TUR,Turkiye,1980,19131092825.4,0.20106480998500387,1.0690830679359553,False,0.33135042776496104,False,False
TUR,Turkiye,1981,19235548686.7,0.005460004938208085,-0.8895933556931419,False,0.3599985990798409,False,False
TUR,Turkiye,1982,19715948884.5,0.024974603304773968,-0.6941851512370233,False,0.12487100218594652,False,False
TUR,Turkiye,1983,20324049083.8,0.030843060248450183,-0.635421726402387,False,0.07883793111196696,False,False
TUR,Turkiye,1984,21607735275.4,0.0631609472259742,-0.3118085959926182,False,0.07878880610472684,False,False
TUR,Turkiye,1985,26012647741.0,0.20385812809428994,1.0970537832925946,False,0.07999457493287213,False,False
TUR,Turkiye,1986,32933723354.0,0.26606578776259293,1.7199662742832842,False,0.11017285630132302,False,False
TUR,Turkiye,1987,40943579865.3,0.24321138624998984,1.491115160895862,False,0.10740896705486962,False,False
TUR,Turkiye,1988,40992842916.2,0.001203193542481218,-0.9322186691083783,False,0.11682315096372473,False,False
TUR,Turkiye,1989,41577128629.7,0.014253359170390612,-0.8015416556591135,False,0.1280002987788356,False,False
TUR,Turkiye,1990,49424152195.2,0.18873413879511136,0.9456106668291062,False,0.12645224776803082,False,False
TUR,Turkiye,1991,50873488639.5,0.029324457374116708,-0.6506281608562888,False,0.1122310623348011,False,False
TUR,Turkiye,1992,56553858153.6,0.11165677184736178,0.17380129640056124,False,0.07956696644449955,False,False
TUR,Turkiye,1993,68604763966.0,0.21308724472289398,1.1894689627001012,False,0.09013156299201806,False,False
TUR,Turkiye,1994,66249185119.7,-0.03433549960856086,-1.2880831397428396,False,0.10467219427362003,False,False
TUR,Turkiye,1995,73781102423.7,0.11369071620113091,0.19416807037499426,False,0.09389704300884273,False,False
TUR,Turkiye,1996,80624816759.0,0.09275700837321277,-0.015450297496254603,False,0.0883297114485674,False,False
TUR,Turkiye,1997,84719917064.6,0.05079205721286639,-0.4356636988840823,False,0.09038342314767385,False,False
TUR,Turkiye,1998,96953865165.9,0.1444046279220439,0.5017198953456821,False,0.06920572707404947,False,False
TUR,Turkiye,1999,101784260989.9,0.04982159108081552,-0.4453814005137729,False,0.04086518126058482,False,False
TUR,Turkiye,2000,116799280014.0,0.14751808263941646,0.5328962785101728,False,0.04790155903473867,False,False
TUR,Turkiye,2001,112946289541.4,-0.032988135475990665,-1.2745913936690285,False,0.07567948430686883,False,False
TUR,Turkiye,2002,131758157347.6,0.16655587255307402,0.723529991485496,False,0.08476620957451927,False,False
TUR,Turkiye,2003,148358747086.7,0.12599288023818422,0.3173550168982632,False,0.08245526376251044,False,False
TUR,Turkiye,2004,165473833919.1,0.11536284289593013,0.21091180595777062,False,0.07934799733173255,False,False
TUR,Turkiye,2005,178256802924.6,0.07725069699992315,-0.17072177202392816,False,0.07597243521978764,False,False
TUR,Turkiye,2006,217543154936.9,0.22039188052148306,1.2626134742496549,False,0.0545494339888542,False,False
TUR,Turkiye,2007,268694180713.6,0.2351304769462259,1.4101974833828743,False,0.06919955004412805,False,False
TUR,Turkiye,2008,294446615924.6,0.09584292128175775,0.015450297496254603,False,0.07351895493341254,False,False
TUR,Turkiye,2009,285999746316.8,-0.028687270122890518,-1.231524948719963,False,0.10937610232097894,False,False
TUR,Turkiye,2010,316646701767.8,0.10715728194056706,0.12874593696454176,False,0.1072519599352514,False,False
TUR,Turkiye,2011,320983526166.8,0.013696098442800952,-0.8071217509368503,False,0.10143473723601619,False,False
TUR,Turkiye,2012,353395551599.8,0.10097722403409892,0.0668623154698354,False,0.061589122017603005,False,False
TUR,Turkiye,2013,402178071207.6,0.13803942745448983,0.43798236044980665,False,0.07037063418464626,True,False
TUR,Turkiye,2014,413804313727.1,0.028908196025184685,-0.6547963677161671,False,0.053683170526486836,False,False
TUR,Turkiye,2015,399458974329.3,-0.03466696436437011,-1.291402241246058,False,0.06942459007616389,False,False
TUR,Turkiye,2016,398941852378.3,-0.0012945558473639318,-0.9572297256662846,False,0.0716398010073705,False,False
TUR,Turkiye,2017,446932919001.7,0.1202958935927636,0.26030859912010246,False,0.07572419568489569,True,False
TUR,Turkiye,2018,425763850698.8,-0.047365202702420506,-1.4185552528932526,False,0.06686882129227135,True,False
TUR,Turkiye,2019,414340675661.9,-0.026829837756660813,-1.212925666440832,False,0.06822264601111924,False,False
TUR,Turkiye,2020,429283302461.7,0.03606362512183847,-0.5831459281003689,False,0.06600885678846832,False,False
TUR,Turkiye,2021,434872791578.9,0.013020513691418767,-0.8138866763914119,False,0.0653691191077657,False,False
TUR,Turkiye,2022,455963245504.7,0.04849798454676035,-0.45863525136776934,False,0.0408536559887303,True,False
TUR,Turkiye,2023,499814231476.7,0.09617219458875881,0.018747455064541632,False,0.045327552678807365,True,False
TUR,Turkiye,2024,514989218110.8,0.030361253598693017,-0.6402462670132443,False,0.03141461518508323,True,False
TZA,Tanzania,1970,197359339.6,,,False,,False,False
TZA,Tanzania,1971,1175689697.2,4.957101901449614,46.499509585308395,True,,True,True
TZA,Tanzania,1972,1395653073.2,0.18709305399533616,0.851626612286357,False,,False,False
TZA,Tanzania,1973,1743024232.9,0.24889506308579668,1.443057565284401,False,2.7362996767512975,True,False
TZA,Tanzania,1974,2012124078.5,0.15438674949015385,0.5386348321286797,False,2.3804777160703408,True,False
TZA,Tanzania,1975,2341885515.9,0.16388722789194543,0.629552216171721,False,2.1328719123378868,True,False
TZA,Tanzania,1976,2702042734.3,0.1537894213678459,0.5329185399590833,False,0.0399578847352423,False,False
TZA,Tanzania,1977,3470565760.5,0.2844229724586853,1.783051452338779,False,0.061303123931068425,False,False
TZA,Tanzania,1978,4369042063.2,0.2588846789552137,1.538655881919801,False,0.06337883788519527,False,False
TZA,Tanzania,1979,4204051877.4,-0.03776346929449259,-1.3001983819864849,False,0.1268024901377789,False,False
TZA,Tanzania,1980,5242016814.1,0.2468963197813654,1.4239300534973982,False,0.132005897551856,False,False
TZA,Tanzania,1981,5759615136.2,0.09874030176854087,0.006111179721570392,False,0.1370670198124184,False,False
TZA,Tanzania,1982,6133770760.5,0.06496191419950592,-0.31714018774530506,False,0.12605641541992235,False,False
TZA,Tanzania,1983,6801895296.1,0.10892557966178984,0.10358193673428971,False,0.10222485962309244,False,False
TZA,Tanzania,1984,7164254486.9,0.05327326796808607,-0.428997832531366,False,0.07747732686859636,False,False
TZA,Tanzania,1985,9095920165.8,0.2696254973119805,1.6414430328589118,False,0.08723538892754527,False,False
TZA,Tanzania,1986,4897634852.6,-0.46155696583455597,-5.355804263118776,True,0.27586563494338834,False,False
TZA,Tanzania,1987,5503879743.6,0.12378319520455139,0.2457658859141939,False,0.28017349169985767,False,False
TZA,Tanzania,1988,6009342992.5,0.09183762590157607,-0.05994583406029618,False,0.2789007720251884,False,False
TZA,Tanzania,1989,5850572265.1,-0.026420646582855145,-1.1916501884121906,False,0.27847160045051905,False,False
TZA,Tanzania,1990,6433296456.8,0.09960122963971973,0.01435006060598628,False,0.24568313960801014,False,False
TZA,Tanzania,1991,6559510656.2,0.019618899929070066,-0.7510623617399234,False,0.06271995076740935,False,False
TZA,Tanzania,1992,6669441127.1,0.016758943869706888,-0.7784314806830611,False,0.053866256746815354,False,False
TZA,Tanzania,1993,6769309416.1,0.014974011629580897,-0.7955128699671774,False,0.04584423170618838,False,False
TZA,Tanzania,1994,7228012552.6,0.06776217606614776,-0.2903423284393411,False,0.03819302560251971,False,False
TZA,Tanzania,1995,7370950562.9,0.019775561990215795,-0.7495631419979497,False,0.022442738134616152,False,False
TZA,Tanzania,1996,7344102230.6,-0.003642451820954351,-0.9736681254684557,False,0.026585512874005502,False,False
TZA,Tanzania,1997,7110106281.7,-0.03186174995291202,-1.2437202909682956,False,0.036528901747189035,False,False
TZA,Tanzania,1998,7513384451.4,0.0567190072443724,-0.3960229034967146,False,0.04142114967215622,False,False
TZA,Tanzania,1999,7917712561.6,0.053814377903244504,-0.42381953542845086,False,0.03786474785520729,False,False
TZA,Tanzania,2000,7199694579.5,-0.09068502759020391,-1.806645471937244,False,0.061879368037012515,False,False
TZA,Tanzania,2001,6524969893.0,-0.09371573738991268,-1.8356486647376369,False,0.07399136444291515,False,False
TZA,Tanzania,2002,7160913799.7,0.09746311739801916,-0.006111179721570392,False,0.09014870243403295,False,False
TZA,Tanzania,2003,7324529897.7,0.022848494281114684,-0.7201558897087142,False,0.08646155167854035,False,False
TZA,Tanzania,2004,8633807766.8,0.17875247795918336,0.7718092259875691,False,0.11869123743945799,False,False
TZA,Tanzania,2005,8428157886.4,-0.023819140517674642,-1.1667543762209105,False,0.10575086437899955,False,False
TZA,Tanzania,2006,4108484081.8,-0.5125288186129489,-5.843593121579271,True,0.27109314623388203,False,False
TZA,Tanzania,2007,5041991584.9,0.22721458438534659,1.2355803915165953,False,0.29370115222405724,False,False
TZA,Tanzania,2008,6034526339.8,0.19685371111536387,0.9450338465711756,False,0.31012082873803404,False,False
TZA,Tanzania,2009,7760045698.0,0.2859411428564893,1.7975799924040765,False,0.3276284738868576,False,False
TZA,Tanzania,2010,8940294123.8,0.1520929736411456,0.5166839270317732,False,0.32921038532247415,False,False
TZA,Tanzania,2011,10129709978.7,0.13303990209154892,0.3343504328629364,False,0.061054138345548244,False,False
TZA,Tanzania,2012,12051758630.0,0.18974370000143548,0.8769926823627061,False,0.058994421712387175,False,False
TZA,Tanzania,2013,13970650221.5,0.15922087808192353,0.5848963262454906,False,0.06052681470139396,False,False
TZA,Tanzania,2014,16391470516.4,0.17327899965418214,0.7194293027814694,False,0.021448263825235347,False,False
TZA,Tanzania,2015,18341850201.8,0.11898747482409244,0.19987194950873843,False,0.028888163225620697,False,False
TZA,Tanzania,2016,19530747919.3,0.06481885439143564,-0.3185092370669683,False,0.05009436160016462,False,False
TZA,Tanzania,2017,21616674354.8,0.10680217901121525,0.08326148293597066,False,0.043273248370278614,False,False
TZA,Tanzania,2018,22629441143.6,0.046851184052514316,-0.4904556923375173,False,0.049537993933636976,False,False
TZA,Tanzania,2019,24451640158.6,0.08052337675671462,-0.16822058519999014,False,0.029594285522952325,False,False
TZA,Tanzania,2020,25772198397.0,0.05400693899609599,-0.42197677024441294,False,0.023884245576669103,False,False
TZA,Tanzania,2021,28817909448.5,0.11817816255265723,0.1921270179925586,False,0.03139502919582717,False,False
TZA,Tanzania,2022,30443587044.6,0.05641205858479159,-0.3989603312750191,False,0.02915914242162567,False,False
TZA,Tanzania,2023,34584902584.9,0.13603244368782685,0.36298836477195157,False,0.036816275729285176,False,False
TZA,Tanzania,2024,36343119611.6,0.05083770360156081,-0.45230562099296234,False,0.04071802135889544,False,False
UGA,Uganda,1970,151676389.3,,,False,,False,False
UGA,Uganda,1971,172358506.4,0.13635686605838782,0.49265094616388555,False,,False,False
UGA,Uganda,1972,177715260.9,0.03107914202719031,-0.551067348200112,False,,False,False
UGA,Uganda,1973,175538182.3,-0.012250375060502194,-0.9806340973538142,False,0.07642529941191979,False,False
UGA,Uganda,1974,202067895.4,0.15113357534180172,0.6391465315455291,False,0.07977608856773806,False,False
UGA,Uganda,1975,209213939.3,0.03536456835883883,-0.5085818375885289,False,0.07150459655649338,False,False
UGA,Uganda,1976,243891748.7,0.1657528629116538,0.7840814456276498,False,0.07928109317579445,False,False
UGA,Uganda,1977,300756081.1,0.23315398205597448,1.4522929002245257,False,0.10046844115432407,False,False
UGA,Uganda,1978,426836504.4,0.4192115512307091,3.2968586955015935,True,0.1412570772035057,False,False
UGA,Uganda,1979,588284930.7,0.378244186323629,2.890710209495814,True,0.15689333792155305,False,False
UGA,Uganda,1980,690503150.7,0.17375631206186193,0.863427255702427,False,0.11767314796403805,False,False
UGA,Uganda,1981,707175104.8,0.024144645948535715,-0.6198156089180434,False,0.15976098665282712,False,False
UGA,Uganda,1982,874408802.7,0.2364813138427666,1.4852799075829357,False,0.15970257088944623,False,False
UGA,Uganda,1983,1009041289.7,0.1539697297011211,0.667264029503451,False,0.12904585984637162,False,False
UGA,Uganda,1984,1074247779.2,0.06462222127638273,-0.21852287325203132,False,0.08559391584217219,False,False
UGA,Uganda,1985,1238566867.3,0.15296199934652832,0.6572734392190074,False,0.08345083936832529,False,False
UGA,Uganda,1986,1422906331.5,0.14883287214185592,0.61633747063751,False,0.06079646960544918,False,False
UGA,Uganda,1987,1935609124.6,0.36032083191275044,2.7130189356090413,True,0.10969641474893707,False,False
UGA,Uganda,1988,1940761841.1,0.002662064584483037,-0.8327928876933759,False,0.13523863000992203,False,False
UGA,Uganda,1989,2196167747.9,0.13160084941449557,0.44550002582238,False,0.12831775859991415,False,False
UGA,Uganda,1990,2605823363.9,0.18653202442833305,0.9900850538560693,False,0.12878222140553386,False,False
UGA,Uganda,1991,2803285020.5,0.07577706890480451,-0.10793425018133711,False,0.1351998320578375,False,False
UGA,Uganda,1992,2951348322.8,0.0528177838561672,-0.3355514982867338,False,0.07117182003825567,False,False
UGA,Uganda,1993,3052849509.1,0.03439146288354866,-0.518229158484307,False,0.062314725362282976,False,False
UGA,Uganda,1994,3397572158.9,0.11291832393717516,0.26028236648333064,False,0.060186928723185006,False,False
UGA,Uganda,1995,3608776798.1,0.06216340060556047,-0.24289950316413939,False,0.02945968210524577,False,False
UGA,Uganda,1996,3710237065.0,0.028114863449969718,-0.5804550634941812,False,0.03358073496760852,False,False
UGA,Uganda,1997,3907829289.7,0.05325595675919437,-0.33120747319317734,False,0.03356413300145173,False,False
UGA,Uganda,1998,3941902486.7,0.008719213270090398,-0.7727426068478493,False,0.03954203827046146,False,False
UGA,Uganda,1999,3537939246.8,-0.10247925748112074,-1.8751588995285908,False,0.06628246377174547,False,False
UGA,Uganda,2000,3535147374.5,-0.0007891238671001721,-0.8670078040715807,False,0.05952006871015288,False,False
UGA,Uganda,2001,3768195790.9,0.0659232534635028,-0.20562450270166463,False,0.06640668282023758,False,False
UGA,Uganda,2002,4019812753.1,0.06677385575548955,-0.1971916724752871,False,0.06908729204314566,False,False
UGA,Uganda,2003,4577712717.6,0.13878755025834444,0.5167486324566141,False,0.09070540908790621,False,False
UGA,Uganda,2004,4789438348.4,0.0462514019252398,-0.40065029304277544,False,0.05028754796240537,False,False
UGA,Uganda,2005,4460499217.4,-0.06868010548875492,-1.5400757317164921,False,0.0750282988297544,False,False
UGA,Uganda,2006,1300697179.9,-0.7083965008162989,-7.882193317865018,True,0.345406308491597,False,False
UGA,Uganda,2007,1653066727.1,0.2709082118768724,1.8265865194712425,False,0.3810217090509886,False,False
UGA,Uganda,2008,2292861399.1,0.38703499472305114,2.9778618613116024,True,0.42743617673323236,False,False
UGA,Uganda,2009,2763176528.1,0.20512148234717076,1.174380045894946,False,0.43884106978219617,False,False
UGA,Uganda,2010,2974602244.9,0.07651545771683987,-0.10061389900004988,False,0.4365355686939526,False,False
UGA,Uganda,2011,3262582093.9,0.096812893049397,0.10061389900004988,False,0.12812826961668242,False,False
UGA,Uganda,2012,3776131388.1,0.15740578456559762,0.7013289122266926,False,0.12402562811121652,False,False
UGA,Uganda,2013,8559917108.0,1.2668483239157133,11.700288906101797,True,0.5091746092120679,True,True
UGA,Uganda,2014,8651413817.8,0.010688971475493414,-0.7532145187041173,False,0.5309697410135984,False,False
UGA,Uganda,2015,9570705817.9,0.10625916404652691,0.19426377549531768,False,0.527693220369481,False,False
UGA,Uganda,2016,10088174030.4,0.05406792585058717,-0.32315765066003016,False,0.5326895152240347,False,False
UGA,Uganda,2017,11680184912.0,0.15780961716189545,0.705332489170393,False,0.5326589085236895,False,False
UGA,Uganda,2018,12328664225.9,0.05551961024467733,-0.3087657213730176,False,0.05650364335600389,False,False
UGA,Uganda,2019,13994340551.7,0.13510598514807115,0.4802497729605087,False,0.04660060107923586,False,False
UGA,Uganda,2020,17701616973.9,0.26491254864807834,1.767145802488384,False,0.08696721909054679,False,False
UGA,Uganda,2021,20671049844.0,0.16774924429097382,0.8038734746375709,False,0.07505979384215172,False,False
UGA,Uganda,2022,21041076730.2,0.017900730199603476,-0.6817174894497395,False,0.09714746163497494,False,False
UGA,Uganda,2023,20284809913.3,-0.0359424009805801,-1.2155157032289907,False,0.12015056006255048,False,False
UGA,Uganda,2024,20534369198.0,0.012302766738591542,-0.7372154300559399,False,0.126124429808414,False,False
UKR,Ukraine,1992,550691959.6,,,False,,False,False
UKR,Ukraine,1993,3855492092.6,6.001177383088126,42.41652641340371,True,,True,True
UKR,Ukraine,1994,5636653268.2,0.4619802434606606,2.6023429452368734,True,,False,False
UKR,Ukraine,1995,8429952804.7,0.49555993664872133,2.8437042890730884,True,3.18840754437043,True,True
UKR,Ukraine,1996,9538672857.8,0.13152150181455924,0.22709890952048398,False,2.823860288395507,True,False
UKR,Ukraine,1997,11133852083.0,0.1672328267234351,0.48378181969199713,False,2.5487359833530716,True,False
UKR,Ukraine,1998,13073030721.9,0.17416960674921156,0.5336414339398399,False,0.1770308269486061,False,False
UKR,Ukraine,1999,15753044628.1,0.20500325924503704,0.7552650134077226,False,0.14814802849814482,False,False
UKR,Ukraine,2000,13915483185.0,-0.11664801861998098,-1.5566734619485478,False,0.1306005451511857,False,False
UKR,Ukraine,2001,22209140729.2,0.5960021246793668,3.5656543481506353,True,0.25432108960083544,False,False
UKR,Ukraine,2002,23485797434.5,0.05748339032412386,-0.3050661101045505,False,0.2630000116221567,False,False
UKR,Ukraine,2003,25866011946.0,0.10134697440605223,0.010212934888368896,False,0.2656285324186818,False,False
UKR,Ukraine,2004,32109497693.8,0.241377981299723,1.0167162347640075,False,0.26736592466410575,False,False
UKR,Ukraine,2005,35100157138.6,0.09313940296790957,-0.04878076886131835,False,0.22270817833669004,False,False
UKR,Ukraine,2006,54269247857.6,0.5461254957721986,3.2071552364513503,True,0.2016593411175491,False,False
UKR,Ukraine,2007,80811501426.6,0.489084603469089,2.7971614243342593,True,0.21322188079544516,False,False
UKR,Ukraine,2008,99522725087.1,0.23154159160741683,0.9460150457645848,False,0.19052169376727351,False,False
UKR,Ukraine,2009,105305698734.2,0.05810706692405043,-0.3005832989771695,False,0.22415169972922025,False,False
UKR,Ukraine,2010,124526897803.9,0.18252762481749296,0.5937165055454677,False,0.2081575958807231,False,False
UKR,Ukraine,2011,137133975946.7,0.10123979931350346,0.009442590614570198,False,0.16880164276576,False,False
UKR,Ukraine,2012,133747125433.2,-0.024697384365318542,-0.8957582914017113,False,0.10117471210667055,False,False
UKR,Ukraine,2013,146936247161.3,0.09861237529689793,-0.009442590614570198,False,0.075333333762539,False,False
UKR,Ukraine,2014,127657360096.1,-0.13120579460585036,-1.6613106411966687,False,0.12334587625675855,False,False
UKR,Ukraine,2015,118566228266.3,-0.07121510129111419,-1.2301144931252768,False,0.10334616757262285,False,False
UKR,Ukraine,2016,116341600303.7,-0.018762745472542863,-0.8531017843776301,False,0.08460990202621932,False,False
UKR,Ukraine,2017,124415462467.7,0.06939789501712079,-0.21942801782838037,False,0.09567337498534474,False,False
UKR,Ukraine,2018,122565904091.9,-0.014865984815031874,-0.8250929701327355,False,0.0743658141299339,False,False
UKR,Ukraine,2019,125724670239.8,0.02577198097059319,-0.5329987577807307,False,0.05269291823075422,False,False
UKR,Ukraine,2020,133405532754.5,0.06109272348895378,-0.27912324343995254,False,0.04116372385664236,False,False
UKR,Ukraine,2021,136907590904.5,0.02625122120268175,-0.5295541144425836,False,0.03354678987775137,False,False
UKR,Ukraine,2022,143390581298.0,0.04735303828421178,-0.3778802173744903,False,0.028761539918597326,False,False
UKR,Ukraine,2023,178988919079.3,0.24826133947611329,1.0661918678573516,False,0.09427294575741121,False,False
UKR,Ukraine,2024,193492461258.9,0.0810303914577768,-0.1358169211646094,False,0.08917156133519709,False,False
UZB,Uzbekistan,1992,59702042.9,,,False,,False,False
UZB,Uzbekistan,1993,1031699376.2,16.280805246950774,117.99371569875109,True,,True,True
UZB,Uzbekistan,1994,1247180534.1,0.20886041309210568,0.5360845491401343,False,,False,False
UZB,Uzbekistan,1995,1803493027.6,0.446056106786056,2.2695676209266114,False,9.211432686899204,True,False
UZB,Uzbekistan,1996,2394880249.5,0.3279121198971249,1.4061430025624329,False,7.977185611194471,True,False
UZB,Uzbekistan,1997,2934807714.9,0.22545071533857497,0.6573304607003287,False,7.146536688345712,True,False
UZB,Uzbekistan,1998,3378314688.4,0.15111960189020834,0.11410083935636396,False,0.11639065168100593,False,False
UZB,Uzbekistan,1999,5315552892.0,0.5734333187644793,3.200470864814576,True,0.16923913724955147,False,False
UZB,Uzbekistan,2000,4952972611.3,-0.06821120738835829,-1.4888213683975315,False,0.2355806859904119,False,False
UZB,Uzbekistan,2001,5216140553.9,0.053133332899841346,-0.6020063374521736,False,0.24246113820812878,False,False
UZB,Uzbekistan,2002,5145986275.0,-0.013449460990376583,-1.088609379368548,False,0.25613931266996404,False,False
UZB,Uzbekistan,2003,5328375077.6,0.03544292441782715,-0.731292089478209,False,0.25998933098559623,False,False
UZB,Uzbekistan,2004,5212039886.3,-0.021833146054049846,-1.149879362439229,False,0.04833525715038887,False,False
UZB,Uzbekistan,2005,4637855219.3,-0.11016505620174954,-1.7954301671565025,False,0.06369143284095093,False,False
UZB,Uzbekistan,2006,4520245666.3,-0.025358608114927517,-1.1756442855184912,False,0.052508396074186205,False,False
UZB,Uzbekistan,2007,4667749025.5,0.03263171298402834,-0.7518370975085429,False,0.05912455746473548,False,False
UZB,Uzbekistan,2008,5076578346.0,0.08758596879707059,-0.350218203459616,False,0.07368234613522788,False,False
UZB,Uzbekistan,2009,7296457110.2,0.43727853938255756,2.205419051159312,False,0.21042568907691334,False,False
UZB,Uzbekistan,2010,7986413935.7,0.09456052644172774,-0.29924646184860676,False,0.18095806985681284,False,False
UZB,Uzbekistan,2011,8214908762.9,0.02861044131191437,-0.781225516253018,False,0.17106090854297565,False,False
UZB,Uzbekistan,2012,8550628096.6,0.04086708001142614,-0.6916510582528618,False,0.16985055590052522,False,False
UZB,Uzbekistan,2013,10316705357.1,0.2065435708988732,0.5191525102003751,False,0.16939268685073922,False,False
UZB,Uzbekistan,2014,12218877368.7,0.1843778556970146,0.35716014230334325,False,0.08137844532817319,False,False
UZB,Uzbekistan,2015,13571303501.2,0.11068333789521345,-0.1814170852314906,False,0.08088251013847085,False,False
UZB,Uzbekistan,2016,15334623459.2,0.1299300364068996,-0.04075759205858881,False,0.06525587394621567,False,False
UZB,Uzbekistan,2017,16701437846.8,0.08913256926305402,-0.33891527597030585,False,0.049649721096515755,False,False
UZB,Uzbekistan,2018,18258516232.9,0.09323019972189628,-0.30896880888138467,False,0.03869275884113847,False,False
UZB,Uzbekistan,2019,24961864235.4,0.36713541872702904,1.6927962865339006,False,0.11800663147691759,False,False
UZB,Uzbekistan,2020,37154092630.0,0.4884342082635569,2.5792769600029084,True,0.18309434637377764,False,False
UZB,Uzbekistan,2021,44872282608.6,0.20773458405946799,0.5278567202980082,False,0.1752207813830623,False,False
UZB,Uzbekistan,2022,53592822615.9,0.19434135061425795,0.4299757550402134,False,0.15652269408847427,False,False
UZB,Uzbekistan,2023,61569881480.8,0.1488456564803764,0.09748230040769174,False,0.14211802275597704,False,False
UZB,Uzbekistan,2024,70256401083.6,0.1410839097604697,0.04075759205858881,False,0.14392907230683097,False,False
VCT,St. Vincent and the Grenadines,1970,1455000.0,,,False,,False,False
VCT,St. Vincent and the Grenadines,1971,739739.9,-0.4915876975945017,-5.304557301213854,True,,False,False
VCT,St. Vincent and the Grenadines,1972,775370.6,0.04816652447704928,-0.5121427256353547,False,,False,False
VCT,St. Vincent and the Grenadines,1973,2787896.7,2.5955666877232644,22.105925226325684,True,1.6487927103761721,True,True
VCT,St. Vincent and the Grenadines,1974,3191053.4,0.1446096263179335,0.3441642898102522,False,1.3763582150744864,False,False
VCT,St. Vincent and the Grenadines,1975,3447069.1,0.0802292120840098,-0.22746187435810708,False,1.2122584972409838,False,False
VCT,St. Vincent and the Grenadines,1976,3738360.1,0.08450396309142749,-0.1895068603958416,False,1.121343440503612,False,False
VCT,St. Vincent and the Grenadines,1977,4743825.9,0.268959055068023,1.4482483162762658,False,1.0987614261880818,False,False
VCT,St. Vincent and the Grenadines,1978,5687595.1,0.19894684583597377,0.8266181033538259,False,0.07997703102935222,False,False
VCT,St. Vincent and the Grenadines,1979,7234320.1,0.2719471011570427,1.4747788278386562,False,0.09459976537920704,False,False
VCT,St. Vincent and the Grenadines,1980,10627041.1,0.4689757922102451,3.224173519345765,True,0.1400101208866552,False,False
VCT,St. Vincent and the Grenadines,1981,18816945.8,0.7706665122429988,5.90285011858148,True,0.2324106708331642,False,False
VCT,St. Vincent and the Grenadines,1982,21223599.3,0.12789820014255437,0.19578549237497372,False,0.25874212215533676,False,False
VCT,St. Vincent and the Grenadines,1983,25598113.5,0.20611556683507493,0.8902683382190453,False,0.25759064179326635,False,False
VCT,St. Vincent and the Grenadines,1984,24938323.4,-0.02577495017357434,-1.1686604264055438,False,0.31392033153770266,False,False
VCT,St. Vincent and the Grenadines,1985,27183652.6,0.09003529082472328,-0.14039484872947564,False,0.31155044402044185,False,False
VCT,St. Vincent and the Grenadines,1986,31363091.2,0.15374823470191035,0.42530492424899274,False,0.08704174936387503,False,False
VCT,St. Vincent and the Grenadines,1987,41508524.1,0.32348319351888377,1.9323617611510455,False,0.13014499512527172,False,False
VCT,St. Vincent and the Grenadines,1988,48275112.0,0.16301682718706934,0.5075996723113525,False,0.12684499534412427,False,False
VCT,St. Vincent and the Grenadines,1989,52729174.8,0.0922641629500518,-0.12060495395194291,False,0.09507426661788392,False,False
VCT,St. Vincent and the Grenadines,1990,62704235.8,0.18917536710625704,0.7398582871739313,False,0.08551710738086235,False,False
VCT,St. Vincent and the Grenadines,1991,68854801.5,0.09808852020169279,-0.06889116748258867,False,0.09372338498985228,False,False
VCT,St. Vincent and the Grenadines,1992,76245651.3,0.10733964282795871,0.01324846774698756,False,0.043438634907450265,False,False
VCT,St. Vincent and the Grenadines,1993,101713065.0,0.33401791795042346,2.025898346602194,False,0.10276244965097137,False,False
VCT,St. Vincent and the Grenadines,1994,114170293.9,0.12247422590205104,0.14762665980857517,False,0.09826699916995793,False,False
VCT,St. Vincent and the Grenadines,1995,118297375.1,0.03614846786340786,-0.6188496439514243,False,0.11353168182710127,False,False
VCT,St. Vincent and the Grenadines,1996,122492508.5,0.03546260765679499,-0.6249393164663808,False,0.12236879350044827,False,False
VCT,St. Vincent and the Grenadines,1997,117721039.1,-0.03895315279627898,-1.285668145375465,False,0.1438714742221041,False,False
VCT,St. Vincent and the Grenadines,1998,136298403.3,0.157808360697693,0.4613543078484314,False,0.07810044594096656,False,False
VCT,St. Vincent and the Grenadines,1999,193802389.1,0.4218977215267201,2.8061728388361615,True,0.18164862207550628,False,False
VCT,St. Vincent and the Grenadines,2000,195077653.9,0.006580232606637315,-0.8813825447128689,False,0.18559985750075508,False,False
VCT,St. Vincent and the Grenadines,2001,195046431.7,-0.00016005011017827808,-0.9412287262056463,False,0.1901198019952477,False,False
VCT,St. Vincent and the Grenadines,2002,175623164.1,-0.0995827887273264,-1.823991587909745,False,0.20341848011983948,False,False
VCT,St. Vincent and the Grenadines,2003,199272731.1,0.13466086390821386,0.25583039258139917,False,0.20195551854143076,False,False
VCT,St. Vincent and the Grenadines,2004,228632793.9,0.14733607873957633,0.3683721418117698,False,0.10328340129561576,False,False
VCT,St. Vincent and the Grenadines,2005,252491855.6,0.10435537830340968,-0.01324846774698756,False,0.10514189427502589,False,False
VCT,St. Vincent and the Grenadines,2006,246092213.3,-0.025345935554207943,-1.1648512558036042,False,0.10911255911717783,False,False
VCT,St. Vincent and the Grenadines,2007,205143941.4,-0.16639401690488187,-2.417200664629062,False,0.13368442678987363,False,False
VCT,St. Vincent and the Grenadines,2008,230929973.8,0.12569726516914814,0.1762436483001454,False,0.1321306736898202,False,False
VCT,St. Vincent and the Grenadines,2009,245787199.1,0.06433649584556433,-0.3685714420690246,False,0.1194268043069,False,False
VCT,St. Vincent and the Grenadines,2010,297080726.0,0.20869079873899743,0.9131335209395928,False,0.14426685033860845,False,False
VCT,St. Vincent and the Grenadines,2011,305483106.8,0.02828315694906447,-0.6886848191589268,False,0.139994502009266,False,False
VCT,St. Vincent and the Grenadines,2012,291830439.6,-0.04469205300094847,-1.336623168724968,False,0.09624850631711464,False,False
VCT,St. Vincent and the Grenadines,2013,319961399.2,0.09639487792485912,-0.08392881906808686,False,0.09334967670477552,False,False
VCT,St. Vincent and the Grenadines,2014,357428939.8,0.11710018987815451,0.09991122282364405,False,0.09542353358892387,False,False
VCT,St. Vincent and the Grenadines,2015,371370550.7,0.03900526607554777,-0.5934844669291851,False,0.06359111751397567,False,False
VCT,St. Vincent and the Grenadines,2016,361331556.4,-0.027032284280693264,-1.1798241488090528,False,0.07196869032263883,False,False
VCT,St. Vincent and the Grenadines,2017,355330480.3,-0.016608225862666304,-1.0872701539417151,False,0.06482270070521452,False,False
VCT,St. Vincent and the Grenadines,2018,330129626.3,-0.07092229740247247,-1.5695184392953312,False,0.0723278244390766,False,False
VCT,St. Vincent and the Grenadines,2019,340522245.4,0.031480419423356665,-0.6602966997942636,False,0.04516751841669581,False,False
VCT,St. Vincent and the Grenadines,2020,451681230.0,0.32643677792452386,1.9585862914594245,False,0.1594868841082341,False,False
VCT,St. Vincent and the Grenadines,2021,571430487.4,0.2651189587842735,1.4141525507420292,False,0.17733626107226572,False,False
VCT,St. Vincent and the Grenadines,2022,624480820.0,0.09283777076959665,-0.11551195724595671,False,0.16454205554145693,False,False
VCT,St. Vincent and the Grenadines,2023,698454746.1,0.11845668230451012,0.11195536034012034,False,0.12376325511640683,False,False
VCT,St. Vincent and the Grenadines,2024,806447451.4,0.15461661031441865,0.4330151296948892,False,0.10007201292077397,False,False
VNM,Viet Nam,1981,25579000.0,,,False,,False,False
VNM,Viet Nam,1982,42766000.0,0.6719183705383323,7.220291434711201,True,,False,False
VNM,Viet Nam,1983,52564000.0,0.22910723471916938,1.817774298537495,False,,False,False
VNM,Viet Nam,1984,54570000.0,0.038163001293661125,-0.5118407668707547,False,0.3251121012641541,False,False
VNM,Viet Nam,1985,61267000.0,0.1227231079347626,0.5198347900686984,False,0.28199744396941506,False,False
VNM,Viet Nam,1986,174639228.8,1.8504615665856008,21.599107361703876,True,0.7497176437344646,True,True
VNM,Viet Nam,1987,191481041.4,0.09643774033889918,0.19914017021778604,False,0.7762574147345843,False,False
VNM,Viet Nam,1988,617484768.8,2.224782799828662,26.166013461046372,True,1.0776658410945046,True,True
VNM,Viet Nam,1989,20705352668.4,32.53176258685395,395.926311702373,True,14.102131733649111,True,True
VNM,Viet Nam,1990,23270062150.1,0.12386697888098253,0.5337905872215688,False,14.101984876117239,True,False
VNM,Viet Nam,1991,23395041592.5,0.005370825466380014,-0.9119216986918932,False,14.305058120885146,True,False
VNM,Viet Nam,1992,24389145840.7,0.042492091508770535,-0.45902370293692957,False,14.311582111382258,True,False
VNM,Viet Nam,1993,24224319557.6,-0.006758181864038204,-1.0599016491647766,False,14.530291749862528,True,False
VNM,Viet Nam,1994,24855517887.4,0.026056390492172676,-0.659547468498823,False,0.05148716643766097,False,False
VNM,Viet Nam,1995,25483320390.6,0.02525807372206268,-0.6692873320246928,False,0.019292101505200047,False,False
VNM,Viet Nam,1996,26309991483.3,0.03243969310235317,-0.58166798682525,False,0.018473025577104053,False,False
VNM,Viet Nam,1997,21830829876.4,-0.17024565020262739,-3.054530459966832,True,0.08610951388935863,False,False
VNM,Viet Nam,1998,22512305266.7,0.031216192611930982,-0.5965953042094322,False,0.08904521294298309,False,False
VNM,Viet Nam,1999,23328780655.5,0.036267960083489204,-0.5349612166145711,False,0.09021855828327413,False,False
VNM,Viet Nam,2000,12841178044.2,-0.4495563984321418,-6.462261164019621,True,0.21235113428328142,False,False
VNM,Viet Nam,2001,12632834003.6,-0.016224682804246604,-1.1753976911838426,False,0.20554163809142773,False,False
VNM,Viet Nam,2002,13342966639.1,0.05621324837305952,-0.29161873253049025,False,0.21471474783908373,False,False
VNM,Viet Nam,2003,15592997724.7,0.16863049623511372,1.0799278679241588,False,0.2381689649419732,False,False
VNM,Viet Nam,2004,17631234906.8,0.13071490280995435,0.6173386811624422,False,0.24930751998776476,False,False
VNM,Viet Nam,2005,18593542977.2,0.054579731679989196,-0.31154845247805335,False,0.0722688501129017,False,False
VNM,Viet Nam,2006,18752446327.7,0.00854615770081324,-0.873181058672,False,0.06456623541098305,False,False
VNM,Viet Nam,2007,23135389256.0,0.23372646169506828,1.874131175938521,False,0.08959955558690555,False,False
VNM,Viet Nam,2008,26497616052.6,0.14532830026743682,0.7956294326714736,False,0.08695527629152924,False,False
VNM,Viet Nam,2009,32773324076.8,0.23684047695997235,1.912123718289175,False,0.10329548715580329,False,False
VNM,Viet Nam,2010,45021621601.7,0.37372765411887165,3.5822156841457296,True,0.1344608593369314,False,False
VNM,Viet Nam,2011,54319557705.4,0.20652157281133832,1.5422179368774445,False,0.08368540513946514,False,False
VNM,Viet Nam,2012,62254441307.6,0.1460778389477051,0.8047741791261519,False,0.09370615517430882,False,False
VNM,Viet Nam,2013,66249485679.8,0.06417284113852117,-0.19450772326731736,False,0.11487837772833055,False,False
VNM,Viet Nam,2014,74733824699.1,0.1280664888525609,0.5850267074311786,False,0.11771638469662472,False,False
VNM,Viet Nam,2015,81824874001.8,0.09488406797391424,0.1801845909722394,False,0.05399769873329379,False,False
VNM,Viet Nam,2016,90484088511.7,0.10582618813087952,0.3136839248241736,False,0.03142439179296457,False,False
VNM,Viet Nam,2017,109893164470.1,0.21450264104600358,1.6395909575965064,False,0.056861869737563825,False,False
VNM,Viet Nam,2018,112621985456.9,0.024831580744427928,-0.6744907594765952,False,0.06833953893389413,False,False
VNM,Viet Nam,2019,122495972199.3,0.08767370511487527,0.09221456096852976,False,0.0685921666450703,False,False
VNM,Viet Nam,2020,129479217056.5,0.057007954888821155,-0.2819229159117671,False,0.07206716885621545,False,False
VNM,Viet Nam,2021,139852502036.8,0.08011544413165139,0.0,False,0.07228326700291587,False,False
VNM,Viet Nam,2022,146621789309.1,0.048403047308504865,-0.38690708838938703,False,0.025248512779929254,False,False
VNM,Viet Nam,2023,141845082045.7,-0.0325784270258086,-1.374921542891293,False,0.04790489516074706,False,False
VNM,Viet Nam,2024,132907340372.3,-0.0630105855240044,-1.7462090839625268,False,0.06209908552946402,False,False
VUT,Vanuatu,1981,3008900.0,,,False,,False,False
VUT,Vanuatu,1982,4077203.2,0.3550477583169931,1.579011911613761,False,,False,False
VUT,Vanuatu,1983,10619149.0,1.6045179695728677,9.609820755518527,True,,False,False
VUT,Vanuatu,1984,12939707.6,0.21852585362537047,0.7015349540141033,False,0.7638486089910148,False,False
VUT,Vanuatu,1985,15762868.4,0.2181780985530153,0.6992998030793918,False,0.6733906646851865,False,False
VUT,Vanuatu,1986,18237361.2,0.15698239287463678,0.30597228719012126,False,0.615775181952449,False,False
VUT,Vanuatu,1987,23649703.4,0.29677222163039674,1.2044534057846255,False,0.6199937068195427,False,False
VUT,Vanuatu,1988,26778350.6,0.13229118129236261,0.1472727051149757,False,0.06397265401290181,False,False
VUT,Vanuatu,1989,30315049.9,0.1320730822009626,0.14587090129741814,False,0.07059170617402476,False,False
VUT,Vanuatu,1990,38217710.6,0.2606844034916136,0.9725036030159252,False,0.0774704207206689,False,False
VUT,Vanuatu,1991,34869375.1,-0.08761214231393544,-1.2661275825529124,False,0.15069651314542176,False,False
VUT,Vanuatu,1992,36227064.6,0.03893644483465386,-0.45275283884049744,False,0.12913782067585874,False,False
VUT,Vanuatu,1993,40189501.8,0.10937781583330364,0.0,False,0.12789641861589043,False,False
VUT,Vanuatu,1994,45581300.9,0.13415939134632415,0.15928038460062424,False,0.12806846364218485,False,False
VUT,Vanuatu,1995,48945486.7,0.07380626997418593,-0.22863152918998675,False,0.08684047647919321,False,False
VUT,Vanuatu,1996,47879676.1,-0.02177546229201155,-0.8429708018546653,False,0.06128047232481929,False,False
VUT,Vanuatu,1997,48734564.0,0.017854922372793514,-0.5882516090428823,False,0.06433466379876317,False,False
VUT,Vanuatu,1998,64167377.7,0.31667080678099424,1.332348998787991,False,0.13256174135064908,False,False
VUT,Vanuatu,1999,87977202.2,0.3710580882908667,1.6819162452983416,False,0.1798672115830571,False,False
VUT,Vanuatu,2000,112263772.8,0.276055273328526,1.0712978890363272,False,0.1807597512173601,False,False
VUT,Vanuatu,2001,122663924.1,0.09264031522019178,-0.10757812930452779,False,0.1518690196473806,False,False
VUT,Vanuatu,2002,160584256.7,0.30914005791210464,1.2839460804369274,False,0.10649826134450249,False,False
VUT,Vanuatu,2003,161146227.6,0.0034995391923746677,-0.6805189853791882,False,0.1553595413827016,False,False
VUT,Vanuatu,2004,153931970.5,-0.04476838960144536,-0.9907548805149018,False,0.15916132983346662,False,False
VUT,Vanuatu,2005,100347467.5,-0.348105093606919,-2.940412473999707,True,0.2383865721839528,False,False
VUT,Vanuatu,2006,110583704.2,0.10200792262146519,-0.04736903933450031,False,0.2393073241813442,False,False
VUT,Vanuatu,2007,127898893.3,0.15657993395377678,0.30338553431531506,False,0.19665674634884228,False,False
VUT,Vanuatu,2008,148880846.8,0.16405109503789594,0.35140545985501587,False,0.2149650099774182,False,False
VUT,Vanuatu,2009,153308882.3,0.02974214343332182,-0.5118480268187103,False,0.2131447326193488,False,False
VUT,Vanuatu,2010,177656192.9,0.15881213296145713,0.31773270591712266,False,0.05751110774641018,False,False
VUT,Vanuatu,2011,178444531.3,0.004437438330358479,-0.6744907594765952,False,0.07873047767252589,False,False
VUT,Vanuatu,2012,182211940.2,0.021112492899354907,-0.5673139940772101,False,0.0788729866366377,False,False
VUT,Vanuatu,2013,158471630.7,-0.13028953796300113,-1.5404310459935084,False,0.10264221940758099,False,False
VUT,Vanuatu,2014,203273624.2,0.2827130212650737,1.1140897063422996,False,0.1580378411065701,False,False
VUT,Vanuatu,2015,256793136.3,0.2632880301644174,0.9892380780932962,False,0.17870765136360434,False,False
VUT,Vanuatu,2016,293420900.7,0.1426352936365456,0.21375815482610705,False,0.1731029687777293,False,False
VUT,Vanuatu,2017,401420199.8,0.3680695507455376,1.6627078051665458,False,0.19390279167808522,False,False
VUT,Vanuatu,2018,402236822.4,0.002034333599571836,-0.6899364056000293,False,0.1422016387352582,False,False
VUT,Vanuatu,2019,424722517.3,0.055901632192289386,-0.3437112823129047,False,0.14987379684444052,False,False
VUT,Vanuatu,2020,439945229.1,0.03584154637425918,-0.47264490005398,False,0.14760926863060286,False,False
VUT,Vanuatu,2021,476744807.9,0.0836458185380966,-0.16538909818584163,False,0.1477946783919445,False,False
VUT,Vanuatu,2022,463433624.1,-0.027920983258599152,-0.8824703462889959,False,0.0439310861695322,False,False
VUT,Vanuatu,2023,470663727.0,0.015601161685324438,-0.6027373655642637,False,0.042163071038322765,False,False
VUT,Vanuatu,2024,519876544.1,0.10456046276113407,-0.030962916368614864,False,0.053083325105094774,False,False
WSM,Samoa,1970,2682000.0,,,False,,False,False
WSM,Samoa,1971,2610000.0,-0.02684563758389258,-0.6781977112630929,False,,False,False
WSM,Samoa,1972,4379777.5,0.6780756704980844,4.924746820437069,True,,False,False
WSM,Samoa,1973,9456791.6,1.159194525292666,8.748836439608658,True,0.5965289418772444,False,False
WSM,Samoa,1974,13799580.8,0.4592243737294581,3.185245315195771,True,0.4923750966876438,False,False
WSM,Samoa,1975,17391126.3,0.26026482630544834,1.603849923273164,False,0.44798753639415745,False,False
WSM,Samoa,1976,22628900.5,0.3011750998553784,1.9290181241048545,False,0.3671824791847742,False,False
WSM,Samoa,1977,31252284.1,0.38107832945750064,2.5641150607863743,True,0.369663382234073,False,False
WSM,Samoa,1978,41241571.8,0.3196338439787829,2.0757342444186055,False,0.07760531687043824,False,False
WSM,Samoa,1979,52517271.4,0.2734061556790617,1.708301496390592,False,0.0474178312381464,False,False
WSM,Samoa,1980,59194566.4,0.12714474347195437,0.5457680755264658,False,0.09439686756263385,False,False
WSM,Samoa,1981,62601249.9,0.05755061160478414,-0.007388789095131459,False,0.13513460059922006,False,False
WSM,Samoa,1982,65784847.2,0.05085517150353258,-0.0606063313548567,False,0.12416559034494194,False,False
WSM,Samoa,1983,67685684.9,0.028894764993844912,-0.23515480670475805,False,0.0997410455906597,False,False
WSM,Samoa,1984,73522284.2,0.08623092620874107,0.22057170810549115,False,0.03788147730902211,False,False
WSM,Samoa,1985,75130478.4,0.02187356143105257,-0.29096162323459146,False,0.02550846829868783,False,False
WSM,Samoa,1986,74756808.8,-0.004973608686618003,-0.5043516900091558,False,0.03417250169578508,False,False
WSM,Samoa,1987,79618722.4,0.0650363983969311,0.05211068650825813,False,0.03618325911869447,False,False
WSM,Samoa,1988,74958145.3,-0.058536195501675214,-0.9300846043903447,False,0.05742688087182153,False,False
WSM,Samoa,1989,73538371.7,-0.018940884867384655,-0.6153681578085256,False,0.046136181229310236,False,False
WSM,Samoa,1990,91806619.4,0.24841789772726242,1.509686669965931,False,0.121530481586597,False,False
WSM,Samoa,1991,113648764.5,0.23791470857710273,1.4262038960171315,False,0.14266667944803366,False,False
WSM,Samoa,1992,117763888.7,0.03620914154328525,-0.17701775563165195,False,0.14473656591862474,False,False
WSM,Samoa,1993,140498861.0,0.19305554997352936,1.0696486684862134,False,0.12266736867752681,False,False
WSM,Samoa,1994,154590275.0,0.10029557463814598,0.33236212230397255,False,0.09195022322084566,False,False
WSM,Samoa,1995,160047723.2,0.03530266182656039,-0.1842227521521005,False,0.09195414653674824,False,False
WSM,Samoa,1996,153447044.2,-0.04124194251580582,-0.7926242395438511,False,0.0875240208551862,False,False
WSM,Samoa,1997,138788873.6,-0.09552592346382904,-1.2240910298430487,False,0.11405917782193496,False,False
WSM,Samoa,1998,143914846.6,0.03693360185898942,-0.17125950869292217,False,0.07622312428463408,False,False
WSM,Samoa,1999,148001778.4,0.028398263949509728,-0.2391011589847174,False,0.059122344595283594,False,False
WSM,Samoa,2000,139172179.4,-0.059658735830433796,-0.9390069211433224,False,0.05726833989461213,False,False
WSM,Samoa,2001,135466609.5,-0.026625794867734975,-0.6764503296331051,False,0.056679801956915056,False,False
WSM,Samoa,2002,148295167.0,0.09469903725611428,0.2878790173650261,False,0.05983070328986776,False,False
WSM,Samoa,2003,168610857.8,0.13699496221613217,0.6240608276620322,False,0.08180504392685879,False,False
WSM,Samoa,2004,176496322.7,0.04676724264906729,-0.09309852354496995,False,0.08186028088360643,False,False
WSM,Samoa,2005,169098029.9,-0.04191754642149259,-0.7979941597967408,False,0.07677175741641144,False,False
WSM,Samoa,2006,165440757.3,-0.02162812069521336,-0.636727184857784,False,0.07567994737994171,False,False
WSM,Samoa,2007,187694141.1,0.13450968288090626,0.6043070167027073,False,0.08410620704486493,False,False
WSM,Samoa,2008,207365268.1,0.10480416109269797,0.36819783833582753,False,0.07678605939870818,False,False
WSM,Samoa,2009,252885686.9,0.21951804763200844,1.2799812330587421,False,0.10981752667026803,False,False
WSM,Samoa,2010,325098258.9,0.28555420785263896,1.8048581782732138,False,0.1170449724051216,False,False
WSM,Samoa,2011,368308475.7,0.1329143285670178,0.5916266201440518,False,0.07506856260336195,False,False
WSM,Samoa,2012,422904430.8,0.1482343163464701,0.7133948810413567,False,0.07342988199813213,False,False
WSM,Samoa,2013,467876307.3,0.1063405186248052,0.38040930922564714,False,0.07304816680688572,False,False
WSM,Samoa,2014,483662948.9,0.03374105795418636,-0.19663488919078162,False,0.09181333765280715,False,False
WSM,Samoa,2015,466304621.0,-0.03588930667415857,-0.7500797436188504,False,0.07693652315599848,False,False
WSM,Samoa,2016,444079880.5,-0.047661420237137264,-0.8436483427774026,False,0.08601464425604526,False,False
WSM,Samoa,2017,473243541.6,0.06567210625972053,0.05716349999642788,False,0.06582653579473266,False,False
WSM,Samoa,2018,446524190.6,-0.056460043616578304,-0.9135826718792764,False,0.05447256475173779,False,False
WSM,Samoa,2019,434855300.1,-0.026132717433114627,-0.6725311893200853,False,0.049305766880235954,False,False
WSM,Samoa,2020,477263797.5,0.09752323908722671,0.3103266948924711,False,0.07026530094821087,False,False
WSM,Samoa,2021,505617952.8,0.05940981790055,0.007388789095131459,False,0.06577061474817852,False,False
WSM,Samoa,2022,470703052.2,-0.06905391789719695,-1.0136828933146393,False,0.07361015298357243,False,False
WSM,Samoa,2023,432494880.4,-0.08117256011283625,-1.1100058152568013,False,0.07906513243308744,False,False
WSM,Samoa,2024,394938377.5,-0.08683687276313012,-1.155027620139047,False,0.08754171347437549,False,False
XKX,Kosovo,1999,75993698.1,,,False,,False,False
XKX,Kosovo,2000,72140059.0,-0.050709982489982264,-1.0418135206299033,False,,False,False
XKX,Kosovo,2001,69583145.7,-0.035443737299965306,-0.8878117025664433,False,,False,False
XKX,Kosovo,2002,75274464.8,0.08179163276891055,0.2948275061733568,False,0.07249582549315471,False,False
XKX,Kosovo,2003,82275800.7,0.09301076956976262,0.40800317202495257,False,0.07572755565288168,False,False
XKX,Kosovo,2004,85987699.1,0.04511531177356254,-0.07515345789868504,False,0.06638046664098969,False,False
XKX,Kosovo,2005,79136411.6,-0.07967753029456281,-1.3340304325961025,False,0.07547279991902998,False,False
XKX,Kosovo,2006,83296240.5,0.05256529599833426,0.0,False,0.06901647334370048,False,False
XKX,Kosovo,2007,534737934.6,5.419712719207298,54.14235463277512,True,2.412223906605301,True,True
XKX,Kosovo,2008,709873305.5,0.32751626463719363,2.773632187984445,True,2.389776125952717,True,True
XKX,Kosovo,2009,1725715832.4,1.4310194777425673,13.905478882561779,True,2.308123228888616,True,True
XKX,Kosovo,2010,1701042979.9,-0.014297169926109299,-0.6744907594765952,False,2.2975919348002622,True,False
XKX,Kosovo,2011,1945016128.6,0.1434256227401982,0.9165747918969148,False,2.284162508038757,True,False
XKX,Kosovo,2012,2006077874.4,0.031393953449605494,-0.2135708684595611,False,0.6000599370781747,False,False
XKX,Kosovo,2013,2220856034.0,0.10706371987888952,0.5497655942724496,False,0.6131859597468003,False,False
XKX,Kosovo,2014,2104353099.9,-0.05245857107187879,-1.0594528168226023,False,0.08173045246812656,False,False
XKX,Kosovo,2015,2102921437.4,-0.0006803337805181275,-0.5371277408304268,False,0.07954039055142474,False,False
XKX,Kosovo,2016,2124679279.7,0.010346483664601669,-0.42589214144985377,False,0.058045815075797834,False,False
XKX,Kosovo,2017,2504211067.7,0.1786301545019957,1.2717087379267453,False,0.09277737234400371,False,False
XKX,Kosovo,2018,2325432781.1,-0.0713910616025667,-1.2504387420389613,False,0.09878531689020031,False,False
XKX,Kosovo,2019,2417453907.3,0.03957161305538648,-0.13107681500246532,False,0.09189918338808435,False,False
XKX,Kosovo,2020,3088370306.0,0.2775301720020511,2.2693857902694132,False,0.1395624895512592,False,False
XKX,Kosovo,2021,3345673086.2,0.08331344842298183,0.3101791774302594,False,0.1332224384020382,False,False
XKX,Kosovo,2022,3660395633.4,0.09406852943826038,0.41867357203462524,False,0.12616866166510188,False,False
XKX,Kosovo,2023,4240846707.8,0.15857604820188298,1.0694082513686738,False,0.09250387496378805,False,False
XKX,Kosovo,2024,4395488576.1,0.0364648568918029,-0.16241694425602937,False,0.09327549170626494,False,False
YEM,"Yemen, Rep.",1971,48815506.2,,,False,,False,False
YEM,"Yemen, Rep.",1972,99158610.5,1.031293296309196,10.92234652200746,True,,False,False
YEM,"Yemen, Rep.",1973,258062210.8,1.602519433246798,17.150473320252658,True,,False,False
YEM,"Yemen, Rep.",1974,375394628.1,0.45466717864760686,4.635343278021569,True,0.5739282442777697,False,False
YEM,"Yemen, Rep.",1975,440332332.8,0.17298517303956062,1.5641405891597255,False,0.6348206810679459,False,False
YEM,"Yemen, Rep.",1976,535432160.6,0.21597284758826607,2.0328388341076473,False,0.611639164764882,False,False
YEM,"Yemen, Rep.",1977,723293193.2,0.35085870148234055,3.503510687194858,True,0.593678199149013,False,False
YEM,"Yemen, Rep.",1978,926935662.4,0.28154899163234637,2.7478210690524345,True,0.11172223093216745,False,False
YEM,"Yemen, Rep.",1979,1174998804.7,0.26761635393088756,2.5959123438951757,True,0.06757100490691098,False,False
YEM,"Yemen, Rep.",1980,1685753387.2,0.4346851932589033,4.4174780042987685,True,0.08465027551337613,False,False
YEM,"Yemen, Rep.",1981,2041160549.0,0.21082986663329417,1.9767644785463856,False,0.08609936073320883,False,False
YEM,"Yemen, Rep.",1982,2404743953.5,0.17812582389862763,1.620189539488612,False,0.09886634659035767,False,False
YEM,"Yemen, Rep.",1983,2797978897.6,0.16352466279316924,1.4609918472157626,False,0.11021860517131588,False,False
YEM,"Yemen, Rep.",1984,3003210500.2,0.07334994655465055,0.477809302838205,False,0.13445367864665966,False,False
YEM,"Yemen, Rep.",1985,3340615613.9,0.11234813999136284,0.9030098984000104,False,0.054633310687662855,False,False
YEM,"Yemen, Rep.",1986,3883330454.9,0.16245952953755372,1.4493786094032117,False,0.04386769513812983,False,False
YEM,"Yemen, Rep.",1987,4587006088.0,0.1812041600044878,1.653752897947134,False,0.04458799576148064,False,False
YEM,"Yemen, Rep.",1988,5247816353.3,0.14406134472520904,1.2487816470808302,False,0.04267404560867403,False,False
YEM,"Yemen, Rep.",1989,5594823728.9,0.0661241461663935,0.39902579114852516,False,0.045311286403038054,False,False
YEM,"Yemen, Rep.",1990,6354026972.5,0.1356974375579243,1.1575892610918617,False,0.04379785089998807,False,False
YEM,"Yemen, Rep.",1991,6475141178.7,0.019061015435436035,-0.11410749663520915,False,0.06535018734864222,False,False
YEM,"Yemen, Rep.",1992,6573081090.5,0.015125525312432497,-0.15701647771004582,False,0.0617280565307747,False,False
YEM,"Yemen, Rep.",1993,5944866677.9,-0.09557381142124532,-1.3639806921894335,False,0.08451079112248683,False,False
YEM,"Yemen, Rep.",1994,6153597464.7,0.03511109636418852,0.06088789079974447,False,0.08212557204136124,False,False
YEM,"Yemen, Rep.",1995,6250665953.0,0.015774266818203708,-0.14994319430097627,False,0.05288198139335458,False,False
YEM,"Yemen, Rep.",1996,6399965191.4,0.023885333102522166,-0.06150755380572161,False,0.053406024143548315,False,False
YEM,"Yemen, Rep.",1997,3917093653.5,-0.38795078780059256,-4.551791550320788,True,0.1790784341220465,False,False
YEM,"Yemen, Rep.",1998,5778379330.7,0.4751700729792112,4.858888065927875,True,0.3054080822891824,False,False
YEM,"Yemen, Rep.",1999,5132268503.5,-0.11181523230350632,-1.5410622752918508,False,0.31207731898089625,False,False
YEM,"Yemen, Rep.",2000,5152412926.4,0.003925052418099595,-0.2791361793052719,False,0.31200116459571103,False,False
YEM,"Yemen, Rep.",2001,5187675837.0,0.006843960510098057,-0.2473110779419983,False,0.31177679002587305,False,False
YEM,"Yemen, Rep.",2002,5323448564.2,0.026172168706384724,-0.03657399214491573,False,0.22748026924406686,False,False
YEM,"Yemen, Rep.",2003,5480632068.8,0.0295266316006233,0.0,False,0.058545748590907734,False,False
YEM,"Yemen, Rep.",2004,5603364949.2,0.02239392808334828,-0.07776846864542356,False,0.01163245912728974,False,False
YEM,"Yemen, Rep.",2005,5477559319.6,-0.02245180007737335,-0.5667252289960439,False,0.02137956535694975,False,False
YEM,"Yemen, Rep.",2006,5713770653.4,0.04312346430549452,0.14824741492827653,False,0.02485522004549055,False,False
YEM,"Yemen, Rep.",2007,6155419537.5,0.077295521799986,0.5208282428532885,False,0.03611909784485645,False,False
YEM,"Yemen, Rep.",2008,6228636614.0,0.01189473374705785,-0.19224207091509274,False,0.03702352305668195,False,False
YEM,"Yemen, Rep.",2009,6799196018.2,0.09160261539701375,0.6768196922543239,False,0.04677939247898616,False,False
YEM,"Yemen, Rep.",2010,6504445072.0,-0.04335085286716467,-0.7945893660186443,False,0.05414164862017014,False,False
YEM,"Yemen, Rep.",2011,6429107186.2,-0.011582523177005699,-0.4482165852850823,False,0.0577764015948216,False,False
YEM,"Yemen, Rep.",2012,7585844974.3,0.17992199454738045,1.639773339718224,False,0.09010650887353797,False,False
YEM,"Yemen, Rep.",2013,7688888675.9,0.013583681442093765,-0.17382733160242594,False,0.08995114316656724,False,False
YEM,"Yemen, Rep.",2014,7723142216.8,0.004454940413868291,-0.27335876575026863,False,0.08731892694030251,False,False
YEM,"Yemen, Rep.",2015,7298886699.6,-0.05493301887891244,-0.9208706998984536,False,0.08982276564125605,False,False
YEM,"Yemen, Rep.",2016,7062871730.7,-0.032335749082519016,-0.6744907594765952,False,0.09245132122784992,False,False
YEM,"Yemen, Rep.",2017,7193099657.9,0.01843838203006598,-0.12089612122136231,False,0.031982860252792324,False,False
YEM,"Yemen, Rep.",2018,7036509959.0,-0.021769432699020208,-0.5592853198592641,False,0.029209492674925185,False,False
YEM,"Yemen, Rep.",2019,7055219065.7,0.0026588616812899257,-0.29294156381007014,False,0.02888540517033787,False,False
YEM,"Yemen, Rep.",2020,7120836024.2,0.009300484916054064,-0.22052738494556035,False,0.021451356010486908,False,False
YEM,"Yemen, Rep.",2021,7601630730.3,0.06751941829105879,0.4142385609231365,False,0.03281245063703568,False,False
YEM,"Yemen, Rep.",2022,7351067998.2,-0.032961707953171215,-0.6813156418914804,False,0.039020295429549004,False,False
YEM,"Yemen, Rep.",2023,7283022249.3,-0.009256579984930235,-0.42285663028823384,False,0.03723885822354092,False,False
YEM,"Yemen, Rep.",2024,7086874767.4,-0.026932154699768063,-0.6155749137093091,False,0.04040762973106716,False,False
ZAF,South Africa,1994,21670999666.0,,,False,,False,False
ZAF,South Africa,1995,25357999878.7,0.17013521616562066,0.8673311234974531,False,,False,False
ZAF,South Africa,1996,26050000159.4,0.027289229592640796,-0.2218614580659745,False,,False,False
ZAF,South Africa,1997,30633902795.8,0.1759655511843028,0.9117870987945516,False,0.08420571762897627,False,False
ZAF,South Africa,1998,26014665566.3,-0.15078840134379845,-1.579693338482616,False,0.15384390728280092,False,False
ZAF,South Africa,1999,25719837975.8,-0.011333130143403647,-0.5163547701723076,False,0.13655884990963682,False,False
ZAF,South Africa,2000,26668247021.2,0.03687461197431996,-0.14877345866152658,False,0.11695816645117085,False,False
ZAF,South Africa,2001,25680208730.5,-0.037049240241196046,-0.7124386575615669,False,0.11887437673922126,False,False
ZAF,South Africa,2002,35100005788.3,0.3668115456792316,2.366977030356063,False,0.19479692403689053,False,False
ZAF,South Africa,2003,40113294660.1,0.14282871923260743,0.659120626293688,False,0.16445696802208068,False,False
ZAF,South Africa,2004,44013592823.2,0.09723205725556006,0.31144865341622696,False,0.15290584594222234,False,False
ZAF,South Africa,2005,45095026798.5,0.0245704543967602,-0.2425919654140328,False,0.1546936038323596,False,False
ZAF,South Africa,2006,57947017293.2,0.2849979566954708,1.7431530341063328,False,0.13987462696440836,False,False
ZAF,South Africa,2007,72812055811.5,0.25652810468373133,1.526072020118217,False,0.10898441524380097,False,False
ZAF,South Africa,2008,74280629524.8,0.020169375756975416,-0.27614994152757094,False,0.1265515690533329,False,False
ZAF,South Africa,2009,84384689913.6,0.13602550831137705,0.6072465271748467,False,0.12470262669092698,False,False
ZAF,South Africa,2010,115330364542.4,0.366721435612132,2.366289946182656,False,0.1358467346508884,False,False
ZAF,South Africa,2011,124146392176.7,0.076441513640225,0.15292193232473472,False,0.14012153625755172,False,False
ZAF,South Africa,2012,147970332050.0,0.19190199131514762,1.0333015549124893,False,0.13308419443062344,False,False
ZAF,South Africa,2013,141651073880.4,-0.04270625119273708,-0.7555730466337696,False,0.15113929463435274,False,False
ZAF,South Africa,2014,149329312096.2,0.054205294781478175,-0.01662798086511956,False,0.15676999981456538,False,False
ZAF,South Africa,2015,127752573028.5,-0.1444909828138763,-1.5316758777870227,False,0.12712725120622878,False,False
ZAF,South Africa,2016,144058545587.0,0.12763713616055572,0.5432856631893542,False,0.1339751134511114,False,False
ZAF,South Africa,2017,175025046978.8,0.21495775391608873,1.2091004428595635,False,0.1408466161135847,False,False
ZAF,South Africa,2018,180194489501.0,0.029535444277447587,-0.20473419793087475,False,0.13350935747112536,False,False
ZAF,South Africa,2019,190747897765.0,0.05856676468422983,0.01662798086511956,False,0.13350593508513575,False,False
ZAF,South Africa,2020,175427437079.7,-0.08031784813783205,-1.0423593495336518,False,0.1103384743950817,False,False
ZAF,South Africa,2021,169447431525.1,-0.034088199965454535,-0.6898608926595026,False,0.11292048812917359,False,False
ZAF,South Africa,2022,171731622090.9,0.01348023127433251,-0.32715429049314926,False,0.05491857188621088,False,False
ZAF,South Africa,2023,165839388756.3,-0.03431070680437154,-0.6915574947419958,False,0.05297716225204317,False,False
ZAF,South Africa,2024,175895546993.5,0.060637935972964074,0.03242054498930628,False,0.053702590174680896,False,False
ZMB,Zambia,1970,813521836.3,,,False,,False,False
ZMB,Zambia,1971,857443206.0,0.05398917120622104,-0.125547231045012,False,,False,False
ZMB,Zambia,1972,943514892.4,0.10038179298373251,0.29518540911538815,False,,False,False
ZMB,Zambia,1973,1030648296.2,0.09234979172226998,0.22234354402931317,False,0.024793566390066062,False,False
ZMB,Zambia,1974,1196332640.0,0.16075740328769572,0.8427291553236561,False,0.04417068845918214,False,False
ZMB,Zambia,1975,1681371684.0,0.40543827676556576,3.0617292021155613,True,0.14104638563889121,False,False
ZMB,Zambia,1976,1893531433.9,0.12618254007660568,0.529171246228765,False,0.13044758283413674,False,False
ZMB,Zambia,1977,2336027269.4,0.23368813824686097,1.5041347731256236,False,0.12434781002349436,False,False
ZMB,Zambia,1978,2578001424.9,0.10358361765278112,0.32422261578156814,False,0.12191089940446907,False,False
ZMB,Zambia,1979,3039848239.5,0.17914916963939032,1.0095232729631258,False,0.12047620897705735,False,False
ZMB,Zambia,1980,3252576758.8,0.06997998009762174,0.019472709311984658,False,0.06461101763541548,False,False
ZMB,Zambia,1981,3609972787.2,0.10988088980007849,0.3813322990636905,False,0.06603687722062034,False,False
ZMB,Zambia,1982,3662594056.4,0.014576638745472437,-0.48297774913779035,False,0.06014394923587984,False,False
ZMB,Zambia,1983,3745387537.6,0.022605148134100972,-0.4101675516923931,False,0.06781465733086366,False,False
ZMB,Zambia,1984,3751427552.9,0.0016126542952803469,-0.600547552174265,False,0.0450972568978153,False,False
ZMB,Zambia,1985,4487171831.7,0.19612381378156707,1.1634655718047757,False,0.08289623333372552,False,False
ZMB,Zambia,1986,5633318265.5,0.25542735531163596,1.7012867735998989,False,0.11868655404578235,False,False
ZMB,Zambia,1987,6480343008.0,0.15035982392250302,0.7484339667789254,False,0.11002488412021523,False,False
ZMB,Zambia,1988,6694151924.7,0.03299345674080101,-0.31595643924742706,False,0.10767558325267855,False,False
ZMB,Zambia,1989,6553433177.3,-0.02102114636519936,-0.8058124918109368,False,0.11453784916941102,False,False
ZMB,Zambia,1990,6904814239.4,0.05361785992067869,-0.12891463671216302,False,0.10933574557998628,False,False
ZMB,Zambia,1991,6958488380.0,0.007773437306064945,-0.5446756828495782,False,0.06531347468094631,False,False
ZMB,Zambia,1992,6700065955.6,-0.037137724501021485,-0.9519730278969306,False,0.03735808370372684,False,False
ZMB,Zambia,1993,6477914987.8,-0.03315653446878741,-0.9158677911358976,False,0.03767182546151219,False,False
ZMB,Zambia,1994,6808521300.7,0.05103591410548569,-0.1523301894004103,False,0.04377069505601368,False,False
ZMB,Zambia,1995,6957808471.7,0.021926518902812386,-0.41632201025132876,False,0.03742533899956244,False,False
ZMB,Zambia,1996,7060056954.3,0.014695501179126103,-0.4818997909709329,False,0.0378142216314333,False,False
ZMB,Zambia,1997,6659848622.4,-0.05668627526527947,-1.1292579723391685,False,0.043626624210118516,False,False
ZMB,Zambia,1998,6870434146.5,0.03162016676951307,-0.3284107454105216,False,0.04102138447195384,False,False
ZMB,Zambia,1999,5953049690.7,-0.1335264171431354,-1.8261178290123563,False,0.07029196605232035,False,False
ZMB,Zambia,2000,5812480208.3,-0.023613020166722398,-0.8293180809692104,False,0.0655821665760038,False,False
ZMB,Zambia,2001,6194276538.4,0.06568561378579996,-0.019472709311984658,False,0.07778057034583863,False,False
ZMB,Zambia,2002,6681120453.4,0.07859576691191017,0.09760889982131048,False,0.08632526400536746,False,False
ZMB,Zambia,2003,6882252297.9,0.03010450805413112,-0.3421561874328107,False,0.08620551986253298,False,False
ZMB,Zambia,2004,7548425739.5,0.09679584716812428,0.26266462471763435,False,0.0476107466506163,False,False
ZMB,Zambia,2005,5370018799.6,-0.2885908949863094,-3.232390737470345,True,0.16123872113591717,False,False
ZMB,Zambia,2006,2250620968.8,-0.5808914171831869,-5.883251277621363,True,0.2953798499920106,False,False
ZMB,Zambia,2007,2740042630.0,0.2174607221672482,1.3569690526173177,False,0.32524374094761405,False,False
ZMB,Zambia,2008,2937007524.5,0.07188387959496811,0.03673908985758456,False,0.33008391574503837,False,False
ZMB,Zambia,2009,3640887245.9,0.2396588076565549,1.558282510589411,False,0.356169611456715,False,False
ZMB,Zambia,2010,4320702678.3,0.18671696937759874,1.078155314914354,False,0.3458883842192432,False,False
ZMB,Zambia,2011,5199610016.1,0.20341768532562177,1.2296133710483295,False,0.06552065913071035,False,False
ZMB,Zambia,2012,6181891104.6,0.18891437732031413,1.0980835106020619,False,0.06305461414487394,False,False
ZMB,Zambia,2013,6668587065.3,0.07872930021977331,0.09881990749912715,False,0.060180117358722585,False,False
ZMB,Zambia,2014,9650598727.0,0.4471729367105215,3.440218991915486,True,0.13593114065767142,False,False
ZMB,Zambia,2015,12310774475.8,0.27564877828330814,1.8846739664055425,False,0.13614351155138674,False,False
ZMB,Zambia,2016,15755769971.2,0.2798358057953241,1.9226459341896232,False,0.13546944330418842,False,False
ZMB,Zambia,2017,23739237630.4,0.506701206846317,3.980078247521415,True,0.1679238379367925,False,False
ZMB,Zambia,2018,24615978773.9,0.03693215246210202,-0.2802365815174909,False,0.18313994801170758,False,False
ZMB,Zambia,2019,29396610676.8,0.19420848331120766,1.1460955242692297,False,0.1699843447718195,False,False
ZMB,Zambia,2020,29531412127.7,0.004585612007522721,-0.573585929842257,False,0.20319430554011755,False,False
ZMB,Zambia,2021,26943470807.4,-0.08763351068716929,-1.4099170850567162,False,0.2333327399465112,False,False
ZMB,Zambia,2022,28423406214.6,0.05492742259447625,-0.11703827059850136,False,0.10192541833772152,False,False
ZMB,Zambia,2023,29076512018.8,0.022977745850338183,-0.4067884794420249,False,0.102241652205509,False,False
ZMB,Zambia,2024,28117735300.5,-0.03297426863580066,-0.914214830337706,False,0.054868888866009526,False,False
ZWE,Zimbabwe,1970,232362560.0,,,False,,False,False
ZWE,Zimbabwe,1971,238495570.1,0.026394140691168078,-0.3207408973235237,False,,False,False
ZWE,Zimbabwe,1972,218822503.6,-0.08248818412749215,-1.4078087754977433,False,,False,False
ZWE,Zimbabwe,1973,217482194.3,-0.006125098095258186,-0.6454090192273904,False,0.05589302648442411,False,False
ZWE,Zimbabwe,1974,217428044.0,-0.00024898727996702785,-0.5867426440693131,False,0.04677236800189568,False,False
ZWE,Zimbabwe,1975,186854615.4,-0.14061400745526642,-1.9881299207092222,False,0.06903324974841718,False,False
ZWE,Zimbabwe,1976,143900096.4,-0.229882033730059,-2.879371029612405,True,0.09651154898101105,False,False
ZWE,Zimbabwe,1977,199462732.0,0.38611951617844786,3.2707134668963365,True,0.23543937535916637,False,False
ZWE,Zimbabwe,1978,446075279.6,1.2363840860256543,11.759651440712569,True,0.5993688543136043,True,True
ZWE,Zimbabwe,1979,559236734.4,0.2536824163434317,1.9484775819722016,False,0.5833708606563902,False,False
ZWE,Zimbabwe,1980,785615492.4,0.4047995134705873,3.4572122861903387,True,0.5285338070344224,False,False
ZWE,Zimbabwe,1981,1259851748.0,0.6036493172394573,5.442504523643919,True,0.3892685958668648,False,False
ZWE,Zimbabwe,1982,1874292580.4,0.4877088382624526,4.2849688934491885,True,0.37934432626157333,False,False
ZWE,Zimbabwe,1983,2199842233.1,0.17369201377861887,1.1498631389461798,False,0.17366893216109272,False,False
ZWE,Zimbabwe,1984,2190638145.8,-0.004183976087698493,-0.6260290933712007,False,0.24566899848396828,False,False
ZWE,Zimbabwe,1985,2431222427.1,0.10982383455764233,0.5122110114385291,False,0.2592015984862817,False,False
ZWE,Zimbabwe,1986,2646241107.6,0.0884405631106644,0.2987230320166758,False,0.1881221000856139,False,False
ZWE,Zimbabwe,1987,2920820001.7,0.1037618580224644,0.4516889755560952,False,0.06396685540170363,False,False
ZWE,Zimbabwe,1988,2731040074.6,-0.06497487931113266,-1.2329580718757769,False,0.07752955306559406,False,False
ZWE,Zimbabwe,1989,2854663011.7,0.045265881760488735,-0.13232773149659552,False,0.07242178395491349,False,False
ZWE,Zimbabwe,1990,3317718662.7,0.16221026758750146,1.0352307824962201,False,0.08480249128254166,False,False
ZWE,Zimbabwe,1991,3516023398.5,0.059771414022977254,0.012493737044170606,False,0.08395031689775682,False,False
ZWE,Zimbabwe,1992,4171081079.4,0.18630640546347332,1.2758036901435506,False,0.10083013288686712,False,False
ZWE,Zimbabwe,1993,4315939423.5,0.034729208409642665,-0.23752459574058976,False,0.07100333670721838,False,False
ZWE,Zimbabwe,1994,4566492632.7,0.05805299486729454,-0.0046627506455724005,False,0.06884193946496676,False,False
ZWE,Zimbabwe,1995,5081073842.7,0.11268631122169293,0.5407896300407232,False,0.06078312506470788,False,False
ZWE,Zimbabwe,1996,5078066551.5,-0.0005918613452784438,-0.5901658570038258,False,0.07310961430171802,False,False
ZWE,Zimbabwe,1997,4965635217.8,-0.0221405790096999,-0.8053056313230402,False,0.052646305299195825,False,False
ZWE,Zimbabwe,1998,4686548620.5,-0.05620360438470717,-1.1453867306224352,False,0.0671419911000374,False,False
ZWE,Zimbabwe,1999,4422807013.4,-0.056276298072815534,-1.1461124955564612,False,0.06966552721083771,False,False
ZWE,Zimbabwe,2000,3966617196.0,-0.10314486162698455,-1.614042529386639,False,0.03902708517093636,False,False
ZWE,Zimbabwe,2001,3806895903.1,-0.04026637434564284,-0.9862713657421017,False,0.03006654416448753,False,False
ZWE,Zimbabwe,2002,4155583405.0,0.09159365288030585,0.3302030964925728,False,0.07344517470529256,False,False
ZWE,Zimbabwe,2003,4812662393.0,0.15811955240975362,0.9943895800706147,False,0.10990671232151533,False,False
ZWE,Zimbabwe,2004,5187442498.9,0.07787375786947281,0.1932253346470313,False,0.10598539516480569,False,False
ZWE,Zimbabwe,2005,4708840242.6,-0.09226169859260847,-1.5053863543159192,False,0.10244452165220587,False,False
ZWE,Zimbabwe,2006,5205216962.9,0.10541379505921045,0.4681817138623696,False,0.09468260153260734,False,False
ZWE,Zimbabwe,2007,5932480067.0,0.13971811536071255,0.8106718723382268,False,0.09996072757573474,False,False
ZWE,Zimbabwe,2008,6068687551.1,0.022959619343294158,-0.355030740421524,False,0.09064188469282054,False,False
ZWE,Zimbabwe,2009,6426661532.3,0.05898705085502609,0.0046627506455724005,False,0.08961621455970173,False,False
ZWE,Zimbabwe,2010,7050340458.6,0.09704555361526812,0.3846342098421677,False,0.044948357774021105,False,False
ZWE,Zimbabwe,2011,7696210288.5,0.09160831788090018,0.33034951007352864,False,0.043776167502582994,False,False
ZWE,Zimbabwe,2012,9199019182.4,0.19526609039588738,1.3652560939640068,False,0.0643021032896147,False,False
ZWE,Zimbabwe,2013,8729621434.3,-0.05102693437122885,-1.0937034872959153,False,0.08847032055198349,False,False
ZWE,Zimbabwe,2014,8658706603.7,-0.008123471462503917,-0.6653605356902293,False,0.09684195288125445,False,False
ZWE,Zimbabwe,2015,9995059194.1,0.15433628272252053,0.9566178760010072,False,0.10466177029822807,False,False
ZWE,Zimbabwe,2016,11815422651.3,0.18212633080497853,1.2340703335387235,False,0.11524129451985742,False,False
ZWE,Zimbabwe,2017,12864409243.0,0.08878113146334088,0.3021232249968855,False,0.10091661169734248,False,False
ZWE,Zimbabwe,2018,12984251689.3,0.009315814199957195,-0.49124883029140487,False,0.08463894735937004,False,False
ZWE,Zimbabwe,2019,12540836851.8,-0.034150203501169596,-0.9252082604720249,False,0.09227576633334456,False,False
ZWE,Zimbabwe,2020,13034165720.3,0.03933779494381917,-0.19151302872607878,False,0.08300707782545276,False,False
ZWE,Zimbabwe,2021,14111057739.5,0.08262070947301225,0.24061832167269925,False,0.0514698982441178,False,False
ZWE,Zimbabwe,2022,14120782697.4,0.0006891728514990536,-0.5773761675066663,False,0.04391369842337551,False,False
ZWE,Zimbabwe,2023,14548534104.3,0.03029232982805974,-0.2818218514561602,False,0.04369146616339963,False,False
ZWE,Zimbabwe,2024,14403740329.7,-0.009952464871165412,-0.6836209832629611,False,0.03640641448009744,False,False
