country_name,country_code,indicator_name,indicator_code,debt
Afghanistan,AFG,"External debt stocks, total (DOD, current US$)",DT.DOD.DECT.CD,3344095867.1
Albania,ALB,"External debt stocks, total (DOD, current US$)",DT.DOD.DECT.CD,10712630800.8
Algeria,DZA,"External debt stocks, total (DOD, current US$)",DT.DOD.DECT.CD,6898271361.0
Angola,AGO,"External debt stocks, total (DOD, current US$)",DT.DOD.DECT.CD,58733063313.6
Argentina,ARG,"External debt stocks, total (DOD, current US$)",DT.DOD.DECT.CD,242357155703.1
Armenia,ARM,"External debt stocks, total (DOD, current US$)",DT.DOD.DECT.CD,16396165488.7
Azerbaijan,AZE,"External debt stocks, total (DOD, current US$)",DT.DOD.DECT.CD,12199421517.2
Bangladesh,BGD,"External debt stocks, total (DOD, current US$)",DT.DOD.DECT.CD,104486886261.1
Belarus,BLR,"External debt stocks, total (DOD, current US$)",DT.DOD.DECT.CD,34217084774.6
Belize,BLZ,"External debt stocks, total (DOD, current US$)",DT.DOD.DECT.CD,1558943630.7
Benin,BEN,"External debt stocks, total (DOD, current US$)",DT.DOD.DECT.CD,14162933686.6
Bhutan,BTN,"External debt stocks, total (DOD, current US$)",DT.DOD.DECT.CD,3400087106.3
Bolivia,BOL,"External debt stocks, total (DOD, current US$)",DT.DOD.DECT.CD,15717587538.6
Bosnia and Herzegovina,BIH,"External debt stocks, total (DOD, current US$)",DT.DOD.DECT.CD,13888491676.4
Botswana,BWA,"External debt stocks, total (DOD, current US$)",DT.DOD.DECT.CD,2317990593.0
Brazil,BRA,"External debt stocks, total (DOD, current US$)",DT.DOD.DECT.CD,605463780812.8
Burkina Faso,BFA,"External debt stocks, total (DOD, current US$)",DT.DOD.DECT.CD,10845161721.4
Burundi,BDI,"External debt stocks, total (DOD, current US$)",DT.DOD.DECT.CD,1023879227.4
Cabo Verde,CPV,"External debt stocks, total (DOD, current US$)",DT.DOD.DECT.CD,2359581722.2
Cambodia,KHM,"External debt stocks, total (DOD, current US$)",DT.DOD.DECT.CD,20977325204.1
Cameroon,CMR,"External debt stocks, total (DOD, current US$)",DT.DOD.DECT.CD,15770789430.1
Central African Republic,CAF,"External debt stocks, total (DOD, current US$)",DT.DOD.DECT.CD,1045905200.4
Chad,TCD,"External debt stocks, total (DOD, current US$)",DT.DOD.DECT.CD,3348359914.3
China,CHN,"External debt stocks, total (DOD, current US$)",DT.DOD.DECT.CD,2419835436491.8
Colombia,COL,"External debt stocks, total (DOD, current US$)",DT.DOD.DECT.CD,201763641280.4
Comoros,COM,"External debt stocks, total (DOD, current US$)",DT.DOD.DECT.CD,385570286.6
"Congo, Dem. Rep.",COD,"External debt stocks, total (DOD, current US$)",DT.DOD.DECT.CD,12484889882.1
"Congo, Rep.",COG,"External debt stocks, total (DOD, current US$)",DT.DOD.DECT.CD,6728317971.4
Cote d'Ivoire,CIV,"External debt stocks, total (DOD, current US$)",DT.DOD.DECT.CD,40560965965.1
Djibouti,DJI,"External debt stocks, total (DOD, current US$)",DT.DOD.DECT.CD,3457016382.4
Dominica,DMA,"External debt stocks, total (DOD, current US$)",DT.DOD.DECT.CD,569530343.0
Dominican Republic,DOM,"External debt stocks, total (DOD, current US$)",DT.DOD.DECT.CD,53293949023.3
Ecuador,ECU,"External debt stocks, total (DOD, current US$)",DT.DOD.DECT.CD,60364730466.4
"Egypt, Arab Rep.",EGY,"External debt stocks, total (DOD, current US$)",DT.DOD.DECT.CD,155972716013.2
El Salvador,SLV,"External debt stocks, total (DOD, current US$)",DT.DOD.DECT.CD,24961880871.3
Eritrea,ERI,"External debt stocks, total (DOD, current US$)",DT.DOD.DECT.CD,693278616.9
Eswatini,SWZ,"External debt stocks, total (DOD, current US$)",DT.DOD.DECT.CD,1238600512.2
Ethiopia,ETH,"External debt stocks, total (DOD, current US$)",DT.DOD.DECT.CD,36548259483.3
Fiji,FJI,"External debt stocks, total (DOD, current US$)",DT.DOD.DECT.CD,3868919895.3
Gabon,GAB,"External debt stocks, total (DOD, current US$)",DT.DOD.DECT.CD,6816627454.3
"Gambia, The",GMB,"External debt stocks, total (DOD, current US$)",DT.DOD.DECT.CD,1642671191.3
Georgia,GEO,"External debt stocks, total (DOD, current US$)",DT.DOD.DECT.CD,25163122115.7
Ghana,GHA,"External debt stocks, total (DOD, current US$)",DT.DOD.DECT.CD,37414621429.7
Grenada,GRD,"External debt stocks, total (DOD, current US$)",DT.DOD.DECT.CD,863278627.6
Guatemala,GTM,"External debt stocks, total (DOD, current US$)",DT.DOD.DECT.CD,27058876458.5
Guinea,GIN,"External debt stocks, total (DOD, current US$)",DT.DOD.DECT.CD,5388299536.1
Guinea-Bissau,GNB,"External debt stocks, total (DOD, current US$)",DT.DOD.DECT.CD,1433190116.5
Guyana,GUY,"External debt stocks, total (DOD, current US$)",DT.DOD.DECT.CD,3681569057.1
Haiti,HTI,"External debt stocks, total (DOD, current US$)",DT.DOD.DECT.CD,944741012.3
Honduras,HND,"External debt stocks, total (DOD, current US$)",DT.DOD.DECT.CD,14299817842.8
India,IND,"External debt stocks, total (DOD, current US$)",DT.DOD.DECT.CD,716456023890.4
Indonesia,IDN,"External debt stocks, total (DOD, current US$)",DT.DOD.DECT.CD,421059208493.8
"Iran, Islamic Rep.",IRN,"External debt stocks, total (DOD, current US$)",DT.DOD.DECT.CD,9654298895.5
Iraq,IRQ,"External debt stocks, total (DOD, current US$)",DT.DOD.DECT.CD,17517006333.0
Jamaica,JAM,"External debt stocks, total (DOD, current US$)",DT.DOD.DECT.CD,14836981078.4
Jordan,JOR,"External debt stocks, total (DOD, current US$)",DT.DOD.DECT.CD,46966040104.7
Kazakhstan,KAZ,"External debt stocks, total (DOD, current US$)",DT.DOD.DECT.CD,167535209792.2
Kenya,KEN,"External debt stocks, total (DOD, current US$)",DT.DOD.DECT.CD,42886127218.3
Kosovo,XKX,"External debt stocks, total (DOD, current US$)",DT.DOD.DECT.CD,4395488576.1
Kyrgyz Republic,KGZ,"External debt stocks, total (DOD, current US$)",DT.DOD.DECT.CD,11689916629.6
Lao PDR,LAO,"External debt stocks, total (DOD, current US$)",DT.DOD.DECT.CD,17836681019.8
Lebanon,LBN,"External debt stocks, total (DOD, current US$)",DT.DOD.DECT.CD,67389006707.2
Lesotho,LSO,"External debt stocks, total (DOD, current US$)",DT.DOD.DECT.CD,1773147342.7
Liberia,LBR,"External debt stocks, total (DOD, current US$)",DT.DOD.DECT.CD,2234742478.9
Madagascar,MDG,"External debt stocks, total (DOD, current US$)",DT.DOD.DECT.CD,6653640488.3
Malawi,MWI,"External debt stocks, total (DOD, current US$)",DT.DOD.DECT.CD,3743648285.8
Maldives,MDV,"External debt stocks, total (DOD, current US$)",DT.DOD.DECT.CD,4692462747.8
Mali,MLI,"External debt stocks, total (DOD, current US$)",DT.DOD.DECT.CD,6439962214.4
Mauritania,MRT,"External debt stocks, total (DOD, current US$)",DT.DOD.DECT.CD,4459916731.6
Mauritius,MUS,"External debt stocks, total (DOD, current US$)",DT.DOD.DECT.CD,20364236675.8
Mexico,MEX,"External debt stocks, total (DOD, current US$)",DT.DOD.DECT.CD,591255026725.0
Moldova,MDA,"External debt stocks, total (DOD, current US$)",DT.DOD.DECT.CD,10491120731.8
Mongolia,MNG,"External debt stocks, total (DOD, current US$)",DT.DOD.DECT.CD,38016581521.2
Montenegro,MNE,"External debt stocks, total (DOD, current US$)",DT.DOD.DECT.CD,8741348456.1
Morocco,MAR,"External debt stocks, total (DOD, current US$)",DT.DOD.DECT.CD,67993946129.4
Mozambique,MOZ,"External debt stocks, total (DOD, current US$)",DT.DOD.DECT.CD,69765373429.6
Myanmar,MMR,"External debt stocks, total (DOD, current US$)",DT.DOD.DECT.CD,11174807782.3
Nepal,NPL,"External debt stocks, total (DOD, current US$)",DT.DOD.DECT.CD,10152157325.7
Nicaragua,NIC,"External debt stocks, total (DOD, current US$)",DT.DOD.DECT.CD,15490530047.6
Niger,NER,"External debt stocks, total (DOD, current US$)",DT.DOD.DECT.CD,5308857136.5
Nigeria,NGA,"External debt stocks, total (DOD, current US$)",DT.DOD.DECT.CD,108757630161.5
North Macedonia,MKD,"External debt stocks, total (DOD, current US$)",DT.DOD.DECT.CD,12837215392.3
Pakistan,PAK,"External debt stocks, total (DOD, current US$)",DT.DOD.DECT.CD,129717513746.7
Papua New Guinea,PNG,"External debt stocks, total (DOD, current US$)",DT.DOD.DECT.CD,12854160687.9
Paraguay,PRY,"External debt stocks, total (DOD, current US$)",DT.DOD.DECT.CD,29963457224.3
Peru,PER,"External debt stocks, total (DOD, current US$)",DT.DOD.DECT.CD,93268743431.7
Philippines,PHL,"External debt stocks, total (DOD, current US$)",DT.DOD.DECT.CD,137018240525.2
Rwanda,RWA,"External debt stocks, total (DOD, current US$)",DT.DOD.DECT.CD,13050400791.1
Samoa,WSM,"External debt stocks, total (DOD, current US$)",DT.DOD.DECT.CD,394938377.5
Sao Tome and Principe,STP,"External debt stocks, total (DOD, current US$)",DT.DOD.DECT.CD,326406625.8
Senegal,SEN,"External debt stocks, total (DOD, current US$)",DT.DOD.DECT.CD,47146494529.5
Serbia,SRB,"External debt stocks, total (DOD, current US$)",DT.DOD.DECT.CD,51983619466.8
Sierra Leone,SLE,"External debt stocks, total (DOD, current US$)",DT.DOD.DECT.CD,2329744049.4
Solomon Islands,SLB,"External debt stocks, total (DOD, current US$)",DT.DOD.DECT.CD,596145038.0
"Somalia, Fed. Rep.",SOM,"External debt stocks, total (DOD, current US$)",DT.DOD.DECT.CD,1799443760.8
South Africa,ZAF,"External debt stocks, total (DOD, current US$)",DT.DOD.DECT.CD,175895546993.5
Sri Lanka,LKA,"External debt stocks, total (DOD, current US$)",DT.DOD.DECT.CD,56827528393.8
St. Lucia,LCA,"External debt stocks, total (DOD, current US$)",DT.DOD.DECT.CD,1193706001.5
St. Vincent and the Grenadines,VCT,"External debt stocks, total (DOD, current US$)",DT.DOD.DECT.CD,806447451.4
Sudan,SDN,"External debt stocks, total (DOD, current US$)",DT.DOD.DECT.CD,22020660462.5
Syrian Arab Republic,SYR,"External debt stocks, total (DOD, current US$)",DT.DOD.DECT.CD,4756737935.6
Tajikistan,TJK,"External debt stocks, total (DOD, current US$)",DT.DOD.DECT.CD,6977429758.2
Tanzania,TZA,"External debt stocks, total (DOD, current US$)",DT.DOD.DECT.CD,36343119611.6
Thailand,THA,"External debt stocks, total (DOD, current US$)",DT.DOD.DECT.CD,191827376401.5
Timor-Leste,TLS,"External debt stocks, total (DOD, current US$)",DT.DOD.DECT.CD,296673869.1
Togo,TGO,"External debt stocks, total (DOD, current US$)",DT.DOD.DECT.CD,4294139883.4
Tonga,TON,"External debt stocks, total (DOD, current US$)",DT.DOD.DECT.CD,173176112.1
Tunisia,TUN,"External debt stocks, total (DOD, current US$)",DT.DOD.DECT.CD,40459855368.3
Turkiye,TUR,"External debt stocks, total (DOD, current US$)",DT.DOD.DECT.CD,514989218110.8
Turkmenistan,TKM,"External debt stocks, total (DOD, current US$)",DT.DOD.DECT.CD,3320400762.0
Uganda,UGA,"External debt stocks, total (DOD, current US$)",DT.DOD.DECT.CD,20534369198.0
Ukraine,UKR,"External debt stocks, total (DOD, current US$)",DT.DOD.DECT.CD,193492461258.9
Uzbekistan,UZB,"External debt stocks, total (DOD, current US$)",DT.DOD.DECT.CD,70256401083.6
Vanuatu,VUT,"External debt stocks, total (DOD, current US$)",DT.DOD.DECT.CD,519876544.1
Viet Nam,VNM,"External debt stocks, total (DOD, current US$)",DT.DOD.DECT.CD,132907340372.3
"Yemen, Rep.",YEM,"External debt stocks, total (DOD, current US$)",DT.DOD.DECT.CD,7086874767.4
Zambia,ZMB,"External debt stocks, total (DOD, current US$)",DT.DOD.DECT.CD,28117735300.5
Zimbabwe,ZWE,"External debt stocks, total (DOD, current US$)",DT.DOD.DECT.CD,14403740329.7
Afghanistan,AFG,"External debt stocks, public and publicly guaranteed (PPG) (DOD, current US$)",DT.DOD.DPPG.CD,1794720843.5
Albania,ALB,"External debt stocks, public and publicly guaranteed (PPG) (DOD, current US$)",DT.DOD.DPPG.CD,5081739368.7
Algeria,DZA,"External debt stocks, public and publicly guaranteed (PPG) (DOD, current US$)",DT.DOD.DPPG.CD,851551211.0
Angola,AGO,"External debt stocks, public and publicly guaranteed (PPG) (DOD, current US$)",DT.DOD.DPPG.CD,46109545925.5
Argentina,ARG,"External debt stocks, public and publicly guaranteed (PPG) (DOD, current US$)",DT.DOD.DPPG.CD,110608485691.5
Armenia,ARM,"External debt stocks, public and publicly guaranteed (PPG) (DOD, current US$)",DT.DOD.DPPG.CD,6314221010.4
Azerbaijan,AZE,"External debt stocks, public and publicly guaranteed (PPG) (DOD, current US$)",DT.DOD.DPPG.CD,9475776171.1
Bangladesh,BGD,"External debt stocks, public and publicly guaranteed (PPG) (DOD, current US$)",DT.DOD.DPPG.CD,77581679615.2
Belarus,BLR,"External debt stocks, public and publicly guaranteed (PPG) (DOD, current US$)",DT.DOD.DPPG.CD,16325227185.2
Belize,BLZ,"External debt stocks, public and publicly guaranteed (PPG) (DOD, current US$)",DT.DOD.DPPG.CD,1398918336.4
Benin,BEN,"External debt stocks, public and publicly guaranteed (PPG) (DOD, current US$)",DT.DOD.DPPG.CD,8920517760.1
Bhutan,BTN,"External debt stocks, public and publicly guaranteed (PPG) (DOD, current US$)",DT.DOD.DPPG.CD,3322918899.6
Bolivia,BOL,"External debt stocks, public and publicly guaranteed (PPG) (DOD, current US$)",DT.DOD.DPPG.CD,13420156636.5
Bosnia and Herzegovina,BIH,"External debt stocks, public and publicly guaranteed (PPG) (DOD, current US$)",DT.DOD.DPPG.CD,4927096260.9
Botswana,BWA,"External debt stocks, public and publicly guaranteed (PPG) (DOD, current US$)",DT.DOD.DPPG.CD,1851933959.3
Brazil,BRA,"External debt stocks, public and publicly guaranteed (PPG) (DOD, current US$)",DT.DOD.DPPG.CD,194369174570.4
Burkina Faso,BFA,"External debt stocks, public and publicly guaranteed (PPG) (DOD, current US$)",DT.DOD.DPPG.CD,5121248650.8
Burundi,BDI,"External debt stocks, public and publicly guaranteed (PPG) (DOD, current US$)",DT.DOD.DPPG.CD,601229941.5
Cabo Verde,CPV,"External debt stocks, public and publicly guaranteed (PPG) (DOD, current US$)",DT.DOD.DPPG.CD,1845162809.0
Cambodia,KHM,"External debt stocks, public and publicly guaranteed (PPG) (DOD, current US$)",DT.DOD.DPPG.CD,11917966029.0
Cameroon,CMR,"External debt stocks, public and publicly guaranteed (PPG) (DOD, current US$)",DT.DOD.DPPG.CD,12516539290.7
Central African Republic,CAF,"External debt stocks, public and publicly guaranteed (PPG) (DOD, current US$)",DT.DOD.DPPG.CD,438777675.7
Chad,TCD,"External debt stocks, public and publicly guaranteed (PPG) (DOD, current US$)",DT.DOD.DPPG.CD,2443737367.0
China,CHN,"External debt stocks, public and publicly guaranteed (PPG) (DOD, current US$)",DT.DOD.DPPG.CD,504112530899.5
Colombia,COL,"External debt stocks, public and publicly guaranteed (PPG) (DOD, current US$)",DT.DOD.DPPG.CD,106624758600.1
Comoros,COM,"External debt stocks, public and publicly guaranteed (PPG) (DOD, current US$)",DT.DOD.DPPG.CD,323974704.0
"Congo, Dem. Rep.",COD,"External debt stocks, public and publicly guaranteed (PPG) (DOD, current US$)",DT.DOD.DPPG.CD,7924885121.5
"Congo, Rep.",COG,"External debt stocks, public and publicly guaranteed (PPG) (DOD, current US$)",DT.DOD.DPPG.CD,5334336291.0
Cote d'Ivoire,CIV,"External debt stocks, public and publicly guaranteed (PPG) (DOD, current US$)",DT.DOD.DPPG.CD,31249010244.2
Djibouti,DJI,"External debt stocks, public and publicly guaranteed (PPG) (DOD, current US$)",DT.DOD.DPPG.CD,2827914989.5
Dominica,DMA,"External debt stocks, public and publicly guaranteed (PPG) (DOD, current US$)",DT.DOD.DPPG.CD,339607059.4
Dominican Republic,DOM,"External debt stocks, public and publicly guaranteed (PPG) (DOD, current US$)",DT.DOD.DPPG.CD,39905568368.0
Ecuador,ECU,"External debt stocks, public and publicly guaranteed (PPG) (DOD, current US$)",DT.DOD.DPPG.CD,40755126856.7
"Egypt, Arab Rep.",EGY,"External debt stocks, public and publicly guaranteed (PPG) (DOD, current US$)",DT.DOD.DPPG.CD,106926880074.6
El Salvador,SLV,"External debt stocks, public and publicly guaranteed (PPG) (DOD, current US$)",DT.DOD.DPPG.CD,14129801093.0
Eritrea,ERI,"External debt stocks, public and publicly guaranteed (PPG) (DOD, current US$)",DT.DOD.DPPG.CD,607189471.2
Eswatini,SWZ,"External debt stocks, public and publicly guaranteed (PPG) (DOD, current US$)",DT.DOD.DPPG.CD,866919775.3
Ethiopia,ETH,"External debt stocks, public and publicly guaranteed (PPG) (DOD, current US$)",DT.DOD.DPPG.CD,33950250175.6
Fiji,FJI,"External debt stocks, public and publicly guaranteed (PPG) (DOD, current US$)",DT.DOD.DPPG.CD,1696015741.5
Gabon,GAB,"External debt stocks, public and publicly guaranteed (PPG) (DOD, current US$)",DT.DOD.DPPG.CD,5551434903.9
"Gambia, The",GMB,"External debt stocks, public and publicly guaranteed (PPG) (DOD, current US$)",DT.DOD.DPPG.CD,1009688794.9
Georgia,GEO,"External debt stocks, public and publicly guaranteed (PPG) (DOD, current US$)",DT.DOD.DPPG.CD,9980159290.2
Ghana,GHA,"External debt stocks, public and publicly guaranteed (PPG) (DOD, current US$)",DT.DOD.DPPG.CD,25584060934.2
Grenada,GRD,"External debt stocks, public and publicly guaranteed (PPG) (DOD, current US$)",DT.DOD.DPPG.CD,786986207.4
Guatemala,GTM,"External debt stocks, public and publicly guaranteed (PPG) (DOD, current US$)",DT.DOD.DPPG.CD,13641907785.6
Guinea,GIN,"External debt stocks, public and publicly guaranteed (PPG) (DOD, current US$)",DT.DOD.DPPG.CD,4093001848.4
Guinea-Bissau,GNB,"External debt stocks, public and publicly guaranteed (PPG) (DOD, current US$)",DT.DOD.DPPG.CD,1310171789.4
Guyana,GUY,"External debt stocks, public and publicly guaranteed (PPG) (DOD, current US$)",DT.DOD.DPPG.CD,2187409360.2
Haiti,HTI,"External debt stocks, public and publicly guaranteed (PPG) (DOD, current US$)",DT.DOD.DPPG.CD,250601499.5
Honduras,HND,"External debt stocks, public and publicly guaranteed (PPG) (DOD, current US$)",DT.DOD.DPPG.CD,9565004967.4
India,IND,"External debt stocks, public and publicly guaranteed (PPG) (DOD, current US$)",DT.DOD.DPPG.CD,238949800499.3
Indonesia,IDN,"External debt stocks, public and publicly guaranteed (PPG) (DOD, current US$)",DT.DOD.DPPG.CD,245496602121.5
"Iran, Islamic Rep.",IRN,"External debt stocks, public and publicly guaranteed (PPG) (DOD, current US$)",DT.DOD.DPPG.CD,323488047.1
Iraq,IRQ,"External debt stocks, public and publicly guaranteed (PPG) (DOD, current US$)",DT.DOD.DPPG.CD,12931630316.7
Jamaica,JAM,"External debt stocks, public and publicly guaranteed (PPG) (DOD, current US$)",DT.DOD.DPPG.CD,7944015967.4
Jordan,JOR,"External debt stocks, public and publicly guaranteed (PPG) (DOD, current US$)",DT.DOD.DPPG.CD,23707731206.0
Kazakhstan,KAZ,"External debt stocks, public and publicly guaranteed (PPG) (DOD, current US$)",DT.DOD.DPPG.CD,34031829383.1
Kenya,KEN,"External debt stocks, public and publicly guaranteed (PPG) (DOD, current US$)",DT.DOD.DPPG.CD,35582544109.4
Kosovo,XKX,"External debt stocks, public and publicly guaranteed (PPG) (DOD, current US$)",DT.DOD.DPPG.CD,732224103.9
Kyrgyz Republic,KGZ,"External debt stocks, public and publicly guaranteed (PPG) (DOD, current US$)",DT.DOD.DPPG.CD,4216586368.2
Lao PDR,LAO,"External debt stocks, public and publicly guaranteed (PPG) (DOD, current US$)",DT.DOD.DPPG.CD,10024589005.6
Lebanon,LBN,"External debt stocks, public and publicly guaranteed (PPG) (DOD, current US$)",DT.DOD.DPPG.CD,33728240178.5
Lesotho,LSO,"External debt stocks, public and publicly guaranteed (PPG) (DOD, current US$)",DT.DOD.DPPG.CD,1016058492.6
Liberia,LBR,"External debt stocks, public and publicly guaranteed (PPG) (DOD, current US$)",DT.DOD.DPPG.CD,1408536037.6
Madagascar,MDG,"External debt stocks, public and publicly guaranteed (PPG) (DOD, current US$)",DT.DOD.DPPG.CD,4765753163.0
Malawi,MWI,"External debt stocks, public and publicly guaranteed (PPG) (DOD, current US$)",DT.DOD.DPPG.CD,3003754814.0
Maldives,MDV,"External debt stocks, public and publicly guaranteed (PPG) (DOD, current US$)",DT.DOD.DPPG.CD,4115745282.8
Mali,MLI,"External debt stocks, public and publicly guaranteed (PPG) (DOD, current US$)",DT.DOD.DPPG.CD,5618291338.5
Mauritania,MRT,"External debt stocks, public and publicly guaranteed (PPG) (DOD, current US$)",DT.DOD.DPPG.CD,3607484340.5
Mauritius,MUS,"External debt stocks, public and publicly guaranteed (PPG) (DOD, current US$)",DT.DOD.DPPG.CD,3399296502.2
Mexico,MEX,"External debt stocks, public and publicly guaranteed (PPG) (DOD, current US$)",DT.DOD.DPPG.CD,289465037750.7
Moldova,MDA,"External debt stocks, public and publicly guaranteed (PPG) (DOD, current US$)",DT.DOD.DPPG.CD,2913711066.0
Mongolia,MNG,"External debt stocks, public and publicly guaranteed (PPG) (DOD, current US$)",DT.DOD.DPPG.CD,9862733926.0
Montenegro,MNE,"External debt stocks, public and publicly guaranteed (PPG) (DOD, current US$)",DT.DOD.DPPG.CD,4512733634.4
Morocco,MAR,"External debt stocks, public and publicly guaranteed (PPG) (DOD, current US$)",DT.DOD.DPPG.CD,45727304918.4
Mozambique,MOZ,"External debt stocks, public and publicly guaranteed (PPG) (DOD, current US$)",DT.DOD.DPPG.CD,9150147490.4
Myanmar,MMR,"External debt stocks, public and publicly guaranteed (PPG) (DOD, current US$)",DT.DOD.DPPG.CD,9239552754.5
Nepal,NPL,"External debt stocks, public and publicly guaranteed (PPG) (DOD, current US$)",DT.DOD.DPPG.CD,8870826934.3
Nicaragua,NIC,"External debt stocks, public and publicly guaranteed (PPG) (DOD, current US$)",DT.DOD.DPPG.CD,7206043639.9
Niger,NER,"External debt stocks, public and publicly guaranteed (PPG) (DOD, current US$)",DT.DOD.DPPG.CD,4527618636.5
Nigeria,NGA,"External debt stocks, public and publicly guaranteed (PPG) (DOD, current US$)",DT.DOD.DPPG.CD,50191529194.9
North Macedonia,MKD,"External debt stocks, public and publicly guaranteed (PPG) (DOD, current US$)",DT.DOD.DPPG.CD,5748042031.9
Pakistan,PAK,"External debt stocks, public and publicly guaranteed (PPG) (DOD, current US$)",DT.DOD.DPPG.CD,89555608082.9
Papua New Guinea,PNG,"External debt stocks, public and publicly guaranteed (PPG) (DOD, current US$)",DT.DOD.DPPG.CD,7252683039.9
Paraguay,PRY,"External debt stocks, public and publicly guaranteed (PPG) (DOD, current US$)",DT.DOD.DPPG.CD,15744379340.9
Peru,PER,"External debt stocks, public and publicly guaranteed (PPG) (DOD, current US$)",DT.DOD.DPPG.CD,47363103411.9
Philippines,PHL,"External debt stocks, public and publicly guaranteed (PPG) (DOD, current US$)",DT.DOD.DPPG.CD,80508809537.2
Rwanda,RWA,"External debt stocks, public and publicly guaranteed (PPG) (DOD, current US$)",DT.DOD.DPPG.CD,8345599359.8
Samoa,WSM,"External debt stocks, public and publicly guaranteed (PPG) (DOD, current US$)",DT.DOD.DPPG.CD,258330941.0
Sao Tome and Principe,STP,"External debt stocks, public and publicly guaranteed (PPG) (DOD, current US$)",DT.DOD.DPPG.CD,254540060.2
Senegal,SEN,"External debt stocks, public and publicly guaranteed (PPG) (DOD, current US$)",DT.DOD.DPPG.CD,25093882284.9
Serbia,SRB,"External debt stocks, public and publicly guaranteed (PPG) (DOD, current US$)",DT.DOD.DPPG.CD,27971257267.7
Sierra Leone,SLE,"External debt stocks, public and publicly guaranteed (PPG) (DOD, current US$)",DT.DOD.DPPG.CD,1314090731.4
Solomon Islands,SLB,"External debt stocks, public and publicly guaranteed (PPG) (DOD, current US$)",DT.DOD.DPPG.CD,284840422.2
"Somalia, Fed. Rep.",SOM,"External debt stocks, public and publicly guaranteed (PPG) (DOD, current US$)",DT.DOD.DPPG.CD,663722400.9
South Africa,ZAF,"External debt stocks, public and publicly guaranteed (PPG) (DOD, current US$)",DT.DOD.DPPG.CD,97813398759.6
Sri Lanka,LKA,"External debt stocks, public and publicly guaranteed (PPG) (DOD, current US$)",DT.DOD.DPPG.CD,39541858681.4
St. Lucia,LCA,"External debt stocks, public and publicly guaranteed (PPG) (DOD, current US$)",DT.DOD.DPPG.CD,1040522086.0
St. Vincent and the Grenadines,VCT,"External debt stocks, public and publicly guaranteed (PPG) (DOD, current US$)",DT.DOD.DPPG.CD,690588809.2
Sudan,SDN,"External debt stocks, public and publicly guaranteed (PPG) (DOD, current US$)",DT.DOD.DPPG.CD,14950741401.7
Syrian Arab Republic,SYR,"External debt stocks, public and publicly guaranteed (PPG) (DOD, current US$)",DT.DOD.DPPG.CD,3409607147.6
Tajikistan,TJK,"External debt stocks, public and publicly guaranteed (PPG) (DOD, current US$)",DT.DOD.DPPG.CD,2995608794.9
Tanzania,TZA,"External debt stocks, public and publicly guaranteed (PPG) (DOD, current US$)",DT.DOD.DPPG.CD,24277203876.6
Thailand,THA,"External debt stocks, public and publicly guaranteed (PPG) (DOD, current US$)",DT.DOD.DPPG.CD,31027531197.9
Timor-Leste,TLS,"External debt stocks, public and publicly guaranteed (PPG) (DOD, current US$)",DT.DOD.DPPG.CD,253333269.4
Togo,TGO,"External debt stocks, public and publicly guaranteed (PPG) (DOD, current US$)",DT.DOD.DPPG.CD,2421382373.6
Tonga,TON,"External debt stocks, public and publicly guaranteed (PPG) (DOD, current US$)",DT.DOD.DPPG.CD,129346755.5
Tunisia,TUN,"External debt stocks, public and publicly guaranteed (PPG) (DOD, current US$)",DT.DOD.DPPG.CD,20816257886.5
Turkiye,TUR,"External debt stocks, public and publicly guaranteed (PPG) (DOD, current US$)",DT.DOD.DPPG.CD,157127934803.6
Turkmenistan,TKM,"External debt stocks, public and publicly guaranteed (PPG) (DOD, current US$)",DT.DOD.DPPG.CD,2892288636.7
Uganda,UGA,"External debt stocks, public and publicly guaranteed (PPG) (DOD, current US$)",DT.DOD.DPPG.CD,14099703963.1
Ukraine,UKR,"External debt stocks, public and publicly guaranteed (PPG) (DOD, current US$)",DT.DOD.DPPG.CD,105180352833.1
Uzbekistan,UZB,"External debt stocks, public and publicly guaranteed (PPG) (DOD, current US$)",DT.DOD.DPPG.CD,39164853498.1
Vanuatu,VUT,"External debt stocks, public and publicly guaranteed (PPG) (DOD, current US$)",DT.DOD.DPPG.CD,352895056.7
Viet Nam,VNM,"External debt stocks, public and publicly guaranteed (PPG) (DOD, current US$)",DT.DOD.DPPG.CD,38450213371.2
"Yemen, Rep.",YEM,"External debt stocks, public and publicly guaranteed (PPG) (DOD, current US$)",DT.DOD.DPPG.CD,5664615782.8
Zambia,ZMB,"External debt stocks, public and publicly guaranteed (PPG) (DOD, current US$)",DT.DOD.DPPG.CD,15473254703.4
Zimbabwe,ZWE,"External debt stocks, public and publicly guaranteed (PPG) (DOD, current US$)",DT.DOD.DPPG.CD,5313771371.6
Afghanistan,AFG,"External debt stocks, short-term (DOD, current US$)",DT.DOD.DSTC.CD,442598969.1
Albania,ALB,"External debt stocks, short-term (DOD, current US$)",DT.DOD.DSTC.CD,1240828000.0
Algeria,DZA,"External debt stocks, short-term (DOD, current US$)",DT.DOD.DSTC.CD,1756000000.0
Angola,AGO,"External debt stocks, short-term (DOD, current US$)",DT.DOD.DSTC.CD,5808502070.9
Argentina,ARG,"External debt stocks, short-term (DOD, current US$)",DT.DOD.DSTC.CD,48583029942.6
Armenia,ARM,"External debt stocks, short-term (DOD, current US$)",DT.DOD.DSTC.CD,3498904000.0
Azerbaijan,AZE,"External debt stocks, short-term (DOD, current US$)",DT.DOD.DSTC.CD,218427000.0
Bangladesh,BGD,"External debt stocks, short-term (DOD, current US$)",DT.DOD.DSTC.CD,12945219000.0
Belarus,BLR,"External debt stocks, short-term (DOD, current US$)",DT.DOD.DSTC.CD,9928836000.0
Belize,BLZ,"External debt stocks, short-term (DOD, current US$)",DT.DOD.DSTC.CD,13148000.0
Benin,BEN,"External debt stocks, short-term (DOD, current US$)",DT.DOD.DSTC.CD,1269746000.0
Bhutan,BTN,"External debt stocks, short-term (DOD, current US$)",DT.DOD.DSTC.CD,0.0
Bolivia,BOL,"External debt stocks, short-term (DOD, current US$)",DT.DOD.DSTC.CD,635358000.0
Bosnia and Herzegovina,BIH,"External debt stocks, short-term (DOD, current US$)",DT.DOD.DSTC.CD,3073363000.0
Botswana,BWA,"External debt stocks, short-term (DOD, current US$)",DT.DOD.DSTC.CD,144667000.0
Brazil,BRA,"External debt stocks, short-term (DOD, current US$)",DT.DOD.DSTC.CD,84282230000.0
Burkina Faso,BFA,"External debt stocks, short-term (DOD, current US$)",DT.DOD.DSTC.CD,0.0
Burundi,BDI,"External debt stocks, short-term (DOD, current US$)",DT.DOD.DSTC.CD,2650120.6
Cabo Verde,CPV,"External debt stocks, short-term (DOD, current US$)",DT.DOD.DSTC.CD,388090000.0
Cambodia,KHM,"External debt stocks, short-term (DOD, current US$)",DT.DOD.DSTC.CD,4296540000.0
Cameroon,CMR,"External debt stocks, short-term (DOD, current US$)",DT.DOD.DSTC.CD,950896478.7
Central African Republic,CAF,"External debt stocks, short-term (DOD, current US$)",DT.DOD.DSTC.CD,126466537.1
Chad,TCD,"External debt stocks, short-term (DOD, current US$)",DT.DOD.DSTC.CD,29493438.0
China,CHN,"External debt stocks, short-term (DOD, current US$)",DT.DOD.DSTC.CD,1305871555000.0
Colombia,COL,"External debt stocks, short-term (DOD, current US$)",DT.DOD.DSTC.CD,19052808000.0
Comoros,COM,"External debt stocks, short-term (DOD, current US$)",DT.DOD.DSTC.CD,0.0
"Congo, Dem. Rep.",COD,"External debt stocks, short-term (DOD, current US$)",DT.DOD.DSTC.CD,476015882.2
"Congo, Rep.",COG,"External debt stocks, short-term (DOD, current US$)",DT.DOD.DSTC.CD,656777369.7
Cote d'Ivoire,CIV,"External debt stocks, short-term (DOD, current US$)",DT.DOD.DSTC.CD,4284366000.0
Djibouti,DJI,"External debt stocks, short-term (DOD, current US$)",DT.DOD.DSTC.CD,518113119.7
Dominica,DMA,"External debt stocks, short-term (DOD, current US$)",DT.DOD.DSTC.CD,173670714.9
Dominican Republic,DOM,"External debt stocks, short-term (DOD, current US$)",DT.DOD.DSTC.CD,4147766000.0
Ecuador,ECU,"External debt stocks, short-term (DOD, current US$)",DT.DOD.DSTC.CD,626221000.0
"Egypt, Arab Rep.",EGY,"External debt stocks, short-term (DOD, current US$)",DT.DOD.DSTC.CD,30995280000.0
El Salvador,SLV,"External debt stocks, short-term (DOD, current US$)",DT.DOD.DSTC.CD,2649118000.0
Eritrea,ERI,"External debt stocks, short-term (DOD, current US$)",DT.DOD.DSTC.CD,46446061.3
Eswatini,SWZ,"External debt stocks, short-term (DOD, current US$)",DT.DOD.DSTC.CD,69859000.0
Ethiopia,ETH,"External debt stocks, short-term (DOD, current US$)",DT.DOD.DSTC.CD,351666101.2
Fiji,FJI,"External debt stocks, short-term (DOD, current US$)",DT.DOD.DSTC.CD,1053306000.0
Gabon,GAB,"External debt stocks, short-term (DOD, current US$)",DT.DOD.DSTC.CD,152095387.1
"Gambia, The",GMB,"External debt stocks, short-term (DOD, current US$)",DT.DOD.DSTC.CD,61554160.3
Georgia,GEO,"External debt stocks, short-term (DOD, current US$)",DT.DOD.DSTC.CD,4731048000.0
Ghana,GHA,"External debt stocks, short-term (DOD, current US$)",DT.DOD.DSTC.CD,2619647898.2
Grenada,GRD,"External debt stocks, short-term (DOD, current US$)",DT.DOD.DSTC.CD,15671026.1
Guatemala,GTM,"External debt stocks, short-term (DOD, current US$)",DT.DOD.DSTC.CD,170700000.0
Guinea,GIN,"External debt stocks, short-term (DOD, current US$)",DT.DOD.DSTC.CD,377760206.9
Guinea-Bissau,GNB,"External debt stocks, short-term (DOD, current US$)",DT.DOD.DSTC.CD,817000.0
Guyana,GUY,"External debt stocks, short-term (DOD, current US$)",DT.DOD.DSTC.CD,63729586.2
Haiti,HTI,"External debt stocks, short-term (DOD, current US$)",DT.DOD.DSTC.CD,129224000.0
Honduras,HND,"External debt stocks, short-term (DOD, current US$)",DT.DOD.DSTC.CD,1761202000.0
India,IND,"External debt stocks, short-term (DOD, current US$)",DT.DOD.DSTC.CD,139568064000.0
Indonesia,IDN,"External debt stocks, short-term (DOD, current US$)",DT.DOD.DSTC.CD,65123015000.0
"Iran, Islamic Rep.",IRN,"External debt stocks, short-term (DOD, current US$)",DT.DOD.DSTC.CD,2284966218.4
Iraq,IRQ,"External debt stocks, short-term (DOD, current US$)",DT.DOD.DSTC.CD,726167000.0
Jamaica,JAM,"External debt stocks, short-term (DOD, current US$)",DT.DOD.DSTC.CD,2399479000.0
Jordan,JOR,"External debt stocks, short-term (DOD, current US$)",DT.DOD.DSTC.CD,17898373000.8
Kazakhstan,KAZ,"External debt stocks, short-term (DOD, current US$)",DT.DOD.DSTC.CD,19594364000.0
Kenya,KEN,"External debt stocks, short-term (DOD, current US$)",DT.DOD.DSTC.CD,2007772843.5
Kosovo,XKX,"External debt stocks, short-term (DOD, current US$)",DT.DOD.DSTC.CD,1563862000.0
Kyrgyz Republic,KGZ,"External debt stocks, short-term (DOD, current US$)",DT.DOD.DSTC.CD,1597664000.0
Lao PDR,LAO,"External debt stocks, short-term (DOD, current US$)",DT.DOD.DSTC.CD,1096995000.0
Lebanon,LBN,"External debt stocks, short-term (DOD, current US$)",DT.DOD.DSTC.CD,19044742491.0
Lesotho,LSO,"External debt stocks, short-term (DOD, current US$)",DT.DOD.DSTC.CD,3237695.3
Liberia,LBR,"External debt stocks, short-term (DOD, current US$)",DT.DOD.DSTC.CD,0.0
Madagascar,MDG,"External debt stocks, short-term (DOD, current US$)",DT.DOD.DSTC.CD,101609087.0
Malawi,MWI,"External debt stocks, short-term (DOD, current US$)",DT.DOD.DSTC.CD,75414708.3
Maldives,MDV,"External debt stocks, short-term (DOD, current US$)",DT.DOD.DSTC.CD,159814000.0
Mali,MLI,"External debt stocks, short-term (DOD, current US$)",DT.DOD.DSTC.CD,41800976.4
Mauritania,MRT,"External debt stocks, short-term (DOD, current US$)",DT.DOD.DSTC.CD,213336000.0
Mauritius,MUS,"External debt stocks, short-term (DOD, current US$)",DT.DOD.DSTC.CD,11155487000.0
Mexico,MEX,"External debt stocks, short-term (DOD, current US$)",DT.DOD.DSTC.CD,61174418000.0
Moldova,MDA,"External debt stocks, short-term (DOD, current US$)",DT.DOD.DSTC.CD,2234526000.0
Mongolia,MNG,"External debt stocks, short-term (DOD, current US$)",DT.DOD.DSTC.CD,2348117000.0
Montenegro,MNE,"External debt stocks, short-term (DOD, current US$)",DT.DOD.DSTC.CD,235211000.0
Morocco,MAR,"External debt stocks, short-term (DOD, current US$)",DT.DOD.DSTC.CD,7504234000.0
Mozambique,MOZ,"External debt stocks, short-term (DOD, current US$)",DT.DOD.DSTC.CD,1211768676.1
Myanmar,MMR,"External debt stocks, short-term (DOD, current US$)",DT.DOD.DSTC.CD,63958931.7
Nepal,NPL,"External debt stocks, short-term (DOD, current US$)",DT.DOD.DSTC.CD,422881000.0
Nicaragua,NIC,"External debt stocks, short-term (DOD, current US$)",DT.DOD.DSTC.CD,1346178000.0
Niger,NER,"External debt stocks, short-term (DOD, current US$)",DT.DOD.DSTC.CD,29661801.3
Nigeria,NGA,"External debt stocks, short-term (DOD, current US$)",DT.DOD.DSTC.CD,22227040000.0
North Macedonia,MKD,"External debt stocks, short-term (DOD, current US$)",DT.DOD.DSTC.CD,3179473000.0
Pakistan,PAK,"External debt stocks, short-term (DOD, current US$)",DT.DOD.DSTC.CD,9609166000.0
Papua New Guinea,PNG,"External debt stocks, short-term (DOD, current US$)",DT.DOD.DSTC.CD,121139804.7
Paraguay,PRY,"External debt stocks, short-term (DOD, current US$)",DT.DOD.DSTC.CD,3559265376.0
Peru,PER,"External debt stocks, short-term (DOD, current US$)",DT.DOD.DSTC.CD,10474499000.0
Philippines,PHL,"External debt stocks, short-term (DOD, current US$)",DT.DOD.DSTC.CD,20945356000.0
Rwanda,RWA,"External debt stocks, short-term (DOD, current US$)",DT.DOD.DSTC.CD,500836916.3
Samoa,WSM,"External debt stocks, short-term (DOD, current US$)",DT.DOD.DSTC.CD,68537000.0
Sao Tome and Principe,STP,"External debt stocks, short-term (DOD, current US$)",DT.DOD.DSTC.CD,7948319.2
Senegal,SEN,"External debt stocks, short-term (DOD, current US$)",DT.DOD.DSTC.CD,4570012000.0
Serbia,SRB,"External debt stocks, short-term (DOD, current US$)",DT.DOD.DSTC.CD,1000649000.0
Sierra Leone,SLE,"External debt stocks, short-term (DOD, current US$)",DT.DOD.DSTC.CD,173895709.7
Solomon Islands,SLB,"External debt stocks, short-term (DOD, current US$)",DT.DOD.DSTC.CD,29193000.0
"Somalia, Fed. Rep.",SOM,"External debt stocks, short-term (DOD, current US$)",DT.DOD.DSTC.CD,752004524.0
South Africa,ZAF,"External debt stocks, short-term (DOD, current US$)",DT.DOD.DSTC.CD,46828461000.0
Sri Lanka,LKA,"External debt stocks, short-term (DOD, current US$)",DT.DOD.DSTC.CD,5817999373.9
St. Lucia,LCA,"External debt stocks, short-term (DOD, current US$)",DT.DOD.DSTC.CD,79529000.0
St. Vincent and the Grenadines,VCT,"External debt stocks, short-term (DOD, current US$)",DT.DOD.DSTC.CD,65000000.0
Sudan,SDN,"External debt stocks, short-term (DOD, current US$)",DT.DOD.DSTC.CD,4735902795.6
Syrian Arab Republic,SYR,"External debt stocks, short-term (DOD, current US$)",DT.DOD.DSTC.CD,616052477.3
Tajikistan,TJK,"External debt stocks, short-term (DOD, current US$)",DT.DOD.DSTC.CD,871155000.0
Tanzania,TZA,"External debt stocks, short-term (DOD, current US$)",DT.DOD.DSTC.CD,3382972201.4
Thailand,THA,"External debt stocks, short-term (DOD, current US$)",DT.DOD.DSTC.CD,69392055000.0
Timor-Leste,TLS,"External debt stocks, short-term (DOD, current US$)",DT.DOD.DSTC.CD,1264000.0
Togo,TGO,"External debt stocks, short-term (DOD, current US$)",DT.DOD.DSTC.CD,146089000.0
Tonga,TON,"External debt stocks, short-term (DOD, current US$)",DT.DOD.DSTC.CD,0.0
Tunisia,TUN,"External debt stocks, short-term (DOD, current US$)",DT.DOD.DSTC.CD,15929973000.0
Turkiye,TUR,"External debt stocks, short-term (DOD, current US$)",DT.DOD.DSTC.CD,178133840000.0
Turkmenistan,TKM,"External debt stocks, short-term (DOD, current US$)",DT.DOD.DSTC.CD,30905000.0
Uganda,UGA,"External debt stocks, short-term (DOD, current US$)",DT.DOD.DSTC.CD,519028549.9
Ukraine,UKR,"External debt stocks, short-term (DOD, current US$)",DT.DOD.DSTC.CD,18325600000.0
Uzbekistan,UZB,"External debt stocks, short-term (DOD, current US$)",DT.DOD.DSTC.CD,5699285000.0
Vanuatu,VUT,"External debt stocks, short-term (DOD, current US$)",DT.DOD.DSTC.CD,114910000.0
Viet Nam,VNM,"External debt stocks, short-term (DOD, current US$)",DT.DOD.DSTC.CD,37087391086.6
"Yemen, Rep.",YEM,"External debt stocks, short-term (DOD, current US$)",DT.DOD.DSTC.CD,510644100.8
Zambia,ZMB,"External debt stocks, short-term (DOD, current US$)",DT.DOD.DSTC.CD,2792341916.4
Zimbabwe,ZWE,"External debt stocks, short-term (DOD, current US$)",DT.DOD.DSTC.CD,3967157036.7
Afghanistan,AFG,"External debt stocks, private nonguaranteed (PNG) (DOD, current US$)",DT.DOD.DPNG.CD,17748000.0
Albania,ALB,"External debt stocks, private nonguaranteed (PNG) (DOD, current US$)",DT.DOD.DPNG.CD,4029941000.0
Algeria,DZA,"External debt stocks, private nonguaranteed (PNG) (DOD, current US$)",DT.DOD.DPNG.CD,278340000.0
Angola,AGO,"External debt stocks, private nonguaranteed (PNG) (DOD, current US$)",DT.DOD.DPNG.CD,1751264000.0
Argentina,ARG,"External debt stocks, private nonguaranteed (PNG) (DOD, current US$)",DT.DOD.DPNG.CD,35988669000.0
Armenia,ARM,"External debt stocks, private nonguaranteed (PNG) (DOD, current US$)",DT.DOD.DPNG.CD,6099796000.0
Azerbaijan,AZE,"External debt stocks, private nonguaranteed (PNG) (DOD, current US$)",DT.DOD.DPNG.CD,1815327215.3
Bangladesh,BGD,"External debt stocks, private nonguaranteed (PNG) (DOD, current US$)",DT.DOD.DPNG.CD,9292928000.0
Belarus,BLR,"External debt stocks, private nonguaranteed (PNG) (DOD, current US$)",DT.DOD.DPNG.CD,6630416397.9
Belize,BLZ,"External debt stocks, private nonguaranteed (PNG) (DOD, current US$)",DT.DOD.DPNG.CD,90167000.0
Benin,BEN,"External debt stocks, private nonguaranteed (PNG) (DOD, current US$)",DT.DOD.DPNG.CD,2790571000.0
Bhutan,BTN,"External debt stocks, private nonguaranteed (PNG) (DOD, current US$)",DT.DOD.DPNG.CD,43858000.0
Bolivia,BOL,"External debt stocks, private nonguaranteed (PNG) (DOD, current US$)",DT.DOD.DPNG.CD,1147910000.0
Bosnia and Herzegovina,BIH,"External debt stocks, private nonguaranteed (PNG) (DOD, current US$)",DT.DOD.DPNG.CD,5184457000.0
Brazil,BRA,"External debt stocks, private nonguaranteed (PNG) (DOD, current US$)",DT.DOD.DPNG.CD,309245242000.0
Burkina Faso,BFA,"External debt stocks, private nonguaranteed (PNG) (DOD, current US$)",DT.DOD.DPNG.CD,5067696000.0
Cambodia,KHM,"External debt stocks, private nonguaranteed (PNG) (DOD, current US$)",DT.DOD.DPNG.CD,4434635000.0
Cameroon,CMR,"External debt stocks, private nonguaranteed (PNG) (DOD, current US$)",DT.DOD.DPNG.CD,271225000.0
China,CHN,"External debt stocks, private nonguaranteed (PNG) (DOD, current US$)",DT.DOD.DPNG.CD,562633647486.4
Colombia,COL,"External debt stocks, private nonguaranteed (PNG) (DOD, current US$)",DT.DOD.DPNG.CD,70122417000.0
"Congo, Rep.",COG,"External debt stocks, private nonguaranteed (PNG) (DOD, current US$)",DT.DOD.DPNG.CD,8247827.1
Cote d'Ivoire,CIV,"External debt stocks, private nonguaranteed (PNG) (DOD, current US$)",DT.DOD.DPNG.CD,239965437.0
Djibouti,DJI,"External debt stocks, private nonguaranteed (PNG) (DOD, current US$)",DT.DOD.DPNG.CD,10000000.0
Dominica,DMA,"External debt stocks, private nonguaranteed (PNG) (DOD, current US$)",DT.DOD.DPNG.CD,16646000.0
Dominican Republic,DOM,"External debt stocks, private nonguaranteed (PNG) (DOD, current US$)",DT.DOD.DPNG.CD,8215900000.0
Ecuador,ECU,"External debt stocks, private nonguaranteed (PNG) (DOD, current US$)",DT.DOD.DPNG.CD,9062644000.0
"Egypt, Arab Rep.",EGY,"External debt stocks, private nonguaranteed (PNG) (DOD, current US$)",DT.DOD.DPNG.CD,2932893000.0
El Salvador,SLV,"External debt stocks, private nonguaranteed (PNG) (DOD, current US$)",DT.DOD.DPNG.CD,7516712000.0
Eswatini,SWZ,"External debt stocks, private nonguaranteed (PNG) (DOD, current US$)",DT.DOD.DPNG.CD,102340000.0
Fiji,FJI,"External debt stocks, private nonguaranteed (PNG) (DOD, current US$)",DT.DOD.DPNG.CD,909103000.0
"Gambia, The",GMB,"External debt stocks, private nonguaranteed (PNG) (DOD, current US$)",DT.DOD.DPNG.CD,300000000.0
Georgia,GEO,"External debt stocks, private nonguaranteed (PNG) (DOD, current US$)",DT.DOD.DPNG.CD,9473986000.0
Ghana,GHA,"External debt stocks, private nonguaranteed (PNG) (DOD, current US$)",DT.DOD.DPNG.CD,4547811000.0
Guatemala,GTM,"External debt stocks, private nonguaranteed (PNG) (DOD, current US$)",DT.DOD.DPNG.CD,12448523000.0
Guinea,GIN,"External debt stocks, private nonguaranteed (PNG) (DOD, current US$)",DT.DOD.DPNG.CD,75000000.0
Guinea-Bissau,GNB,"External debt stocks, private nonguaranteed (PNG) (DOD, current US$)",DT.DOD.DPNG.CD,0.0
Guyana,GUY,"External debt stocks, private nonguaranteed (PNG) (DOD, current US$)",DT.DOD.DPNG.CD,1089618000.0
Haiti,HTI,"External debt stocks, private nonguaranteed (PNG) (DOD, current US$)",DT.DOD.DPNG.CD,5697000.0
Honduras,HND,"External debt stocks, private nonguaranteed (PNG) (DOD, current US$)",DT.DOD.DPNG.CD,1891200000.0
India,IND,"External debt stocks, private nonguaranteed (PNG) (DOD, current US$)",DT.DOD.DPNG.CD,316357573000.0
Indonesia,IDN,"External debt stocks, private nonguaranteed (PNG) (DOD, current US$)",DT.DOD.DPNG.CD,102046544757.3
"Iran, Islamic Rep.",IRN,"External debt stocks, private nonguaranteed (PNG) (DOD, current US$)",DT.DOD.DPNG.CD,727358000.0
Iraq,IRQ,"External debt stocks, private nonguaranteed (PNG) (DOD, current US$)",DT.DOD.DPNG.CD,300000000.0
Jamaica,JAM,"External debt stocks, private nonguaranteed (PNG) (DOD, current US$)",DT.DOD.DPNG.CD,2750548000.0
Jordan,JOR,"External debt stocks, private nonguaranteed (PNG) (DOD, current US$)",DT.DOD.DPNG.CD,2709577000.0
Kazakhstan,KAZ,"External debt stocks, private nonguaranteed (PNG) (DOD, current US$)",DT.DOD.DPNG.CD,112012898557.1
Kenya,KEN,"External debt stocks, private nonguaranteed (PNG) (DOD, current US$)",DT.DOD.DPNG.CD,337611692.6
Kosovo,XKX,"External debt stocks, private nonguaranteed (PNG) (DOD, current US$)",DT.DOD.DPNG.CD,1839791000.0
Kyrgyz Republic,KGZ,"External debt stocks, private nonguaranteed (PNG) (DOD, current US$)",DT.DOD.DPNG.CD,5409712000.0
Lao PDR,LAO,"External debt stocks, private nonguaranteed (PNG) (DOD, current US$)",DT.DOD.DPNG.CD,6516761611.6
Lebanon,LBN,"External debt stocks, private nonguaranteed (PNG) (DOD, current US$)",DT.DOD.DPNG.CD,13572106000.0
Lesotho,LSO,"External debt stocks, private nonguaranteed (PNG) (DOD, current US$)",DT.DOD.DPNG.CD,608521000.0
Liberia,LBR,"External debt stocks, private nonguaranteed (PNG) (DOD, current US$)",DT.DOD.DPNG.CD,145759853.5
Madagascar,MDG,"External debt stocks, private nonguaranteed (PNG) (DOD, current US$)",DT.DOD.DPNG.CD,489332000.0
Maldives,MDV,"External debt stocks, private nonguaranteed (PNG) (DOD, current US$)",DT.DOD.DPNG.CD,352727000.0
Mauritius,MUS,"External debt stocks, private nonguaranteed (PNG) (DOD, current US$)",DT.DOD.DPNG.CD,5505462000.0
Mexico,MEX,"External debt stocks, private nonguaranteed (PNG) (DOD, current US$)",DT.DOD.DPNG.CD,225756760501.6
Moldova,MDA,"External debt stocks, private nonguaranteed (PNG) (DOD, current US$)",DT.DOD.DPNG.CD,3978871000.0
Mongolia,MNG,"External debt stocks, private nonguaranteed (PNG) (DOD, current US$)",DT.DOD.DPNG.CD,25517882000.0
Montenegro,MNE,"External debt stocks, private nonguaranteed (PNG) (DOD, current US$)",DT.DOD.DPNG.CD,3864380566.3
Morocco,MAR,"External debt stocks, private nonguaranteed (PNG) (DOD, current US$)",DT.DOD.DPNG.CD,11477469444.3
Mozambique,MOZ,"External debt stocks, private nonguaranteed (PNG) (DOD, current US$)",DT.DOD.DPNG.CD,58255298440.4
Myanmar,MMR,"External debt stocks, private nonguaranteed (PNG) (DOD, current US$)",DT.DOD.DPNG.CD,483586000.0
Nepal,NPL,"External debt stocks, private nonguaranteed (PNG) (DOD, current US$)",DT.DOD.DPNG.CD,114035000.0
Nicaragua,NIC,"External debt stocks, private nonguaranteed (PNG) (DOD, current US$)",DT.DOD.DPNG.CD,6337877000.0
Nigeria,NGA,"External debt stocks, private nonguaranteed (PNG) (DOD, current US$)",DT.DOD.DPNG.CD,30285883573.0
North Macedonia,MKD,"External debt stocks, private nonguaranteed (PNG) (DOD, current US$)",DT.DOD.DPNG.CD,3337703000.0
Pakistan,PAK,"External debt stocks, private nonguaranteed (PNG) (DOD, current US$)",DT.DOD.DPNG.CD,18232066000.0
Papua New Guinea,PNG,"External debt stocks, private nonguaranteed (PNG) (DOD, current US$)",DT.DOD.DPNG.CD,4225656000.0
Paraguay,PRY,"External debt stocks, private nonguaranteed (PNG) (DOD, current US$)",DT.DOD.DPNG.CD,10283927000.0
Peru,PER,"External debt stocks, private nonguaranteed (PNG) (DOD, current US$)",DT.DOD.DPNG.CD,32967694609.3
Philippines,PHL,"External debt stocks, private nonguaranteed (PNG) (DOD, current US$)",DT.DOD.DPNG.CD,31917725000.0
Rwanda,RWA,"External debt stocks, private nonguaranteed (PNG) (DOD, current US$)",DT.DOD.DPNG.CD,3101796000.0
Samoa,WSM,"External debt stocks, private nonguaranteed (PNG) (DOD, current US$)",DT.DOD.DPNG.CD,12230000.0
Senegal,SEN,"External debt stocks, private nonguaranteed (PNG) (DOD, current US$)",DT.DOD.DPNG.CD,15448458000.0
Serbia,SRB,"External debt stocks, private nonguaranteed (PNG) (DOD, current US$)",DT.DOD.DPNG.CD,20374633000.0
Solomon Islands,SLB,"External debt stocks, private nonguaranteed (PNG) (DOD, current US$)",DT.DOD.DPNG.CD,229495000.0
South Africa,ZAF,"External debt stocks, private nonguaranteed (PNG) (DOD, current US$)",DT.DOD.DPNG.CD,23619214000.0
Sri Lanka,LKA,"External debt stocks, private nonguaranteed (PNG) (DOD, current US$)",DT.DOD.DPNG.CD,8569475000.0
Tajikistan,TJK,"External debt stocks, private nonguaranteed (PNG) (DOD, current US$)",DT.DOD.DPNG.CD,2604590000.0
Tanzania,TZA,"External debt stocks, private nonguaranteed (PNG) (DOD, current US$)",DT.DOD.DPNG.CD,6621048000.0
Thailand,THA,"External debt stocks, private nonguaranteed (PNG) (DOD, current US$)",DT.DOD.DPNG.CD,86127703817.7
Togo,TGO,"External debt stocks, private nonguaranteed (PNG) (DOD, current US$)",DT.DOD.DPNG.CD,1050000000.0
Tunisia,TUN,"External debt stocks, private nonguaranteed (PNG) (DOD, current US$)",DT.DOD.DPNG.CD,1686252000.0
Turkiye,TUR,"External debt stocks, private nonguaranteed (PNG) (DOD, current US$)",DT.DOD.DPNG.CD,172507248000.0
Turkmenistan,TKM,"External debt stocks, private nonguaranteed (PNG) (DOD, current US$)",DT.DOD.DPNG.CD,7916418.0
Uganda,UGA,"External debt stocks, private nonguaranteed (PNG) (DOD, current US$)",DT.DOD.DPNG.CD,3944029000.0
Ukraine,UKR,"External debt stocks, private nonguaranteed (PNG) (DOD, current US$)",DT.DOD.DPNG.CD,51070496000.0
Uzbekistan,UZB,"External debt stocks, private nonguaranteed (PNG) (DOD, current US$)",DT.DOD.DPNG.CD,24180685000.0
Viet Nam,VNM,"External debt stocks, private nonguaranteed (PNG) (DOD, current US$)",DT.DOD.DPNG.CD,55517883000.0
Zambia,ZMB,"External debt stocks, private nonguaranteed (PNG) (DOD, current US$)",DT.DOD.DPNG.CD,6722792000.0
Zimbabwe,ZWE,"External debt stocks, private nonguaranteed (PNG) (DOD, current US$)",DT.DOD.DPNG.CD,3797788968.6
Afghanistan,AFG,"IBRD loans and IDA credits (DOD, current US$)",DT.DOD.MWBG.CD,279735000.0
Albania,ALB,"IBRD loans and IDA credits (DOD, current US$)",DT.DOD.MWBG.CD,1305496000.0
Angola,AGO,"IBRD loans and IDA credits (DOD, current US$)",DT.DOD.MWBG.CD,4774591000.0
Argentina,ARG,"IBRD loans and IDA credits (DOD, current US$)",DT.DOD.MWBG.CD,10737718000.0
Armenia,ARM,"IBRD loans and IDA credits (DOD, current US$)",DT.DOD.MWBG.CD,1723435000.0
Azerbaijan,AZE,"IBRD loans and IDA credits (DOD, current US$)",DT.DOD.MWBG.CD,1165682000.0
Bangladesh,BGD,"IBRD loans and IDA credits (DOD, current US$)",DT.DOD.MWBG.CD,20730695000.0
Belarus,BLR,"IBRD loans and IDA credits (DOD, current US$)",DT.DOD.MWBG.CD,975447000.0
Belize,BLZ,"IBRD loans and IDA credits (DOD, current US$)",DT.DOD.MWBG.CD,40552000.0
Benin,BEN,"IBRD loans and IDA credits (DOD, current US$)",DT.DOD.MWBG.CD,2317489000.0
Bhutan,BTN,"IBRD loans and IDA credits (DOD, current US$)",DT.DOD.MWBG.CD,419599000.0
Bolivia,BOL,"IBRD loans and IDA credits (DOD, current US$)",DT.DOD.MWBG.CD,1625811000.0
Bosnia and Herzegovina,BIH,"IBRD loans and IDA credits (DOD, current US$)",DT.DOD.MWBG.CD,1251046000.0
Botswana,BWA,"IBRD loans and IDA credits (DOD, current US$)",DT.DOD.MWBG.CD,678077000.0
Brazil,BRA,"IBRD loans and IDA credits (DOD, current US$)",DT.DOD.MWBG.CD,15130827000.0
Burkina Faso,BFA,"IBRD loans and IDA credits (DOD, current US$)",DT.DOD.MWBG.CD,2616134000.0
Burundi,BDI,"IBRD loans and IDA credits (DOD, current US$)",DT.DOD.MWBG.CD,109468000.0
Cabo Verde,CPV,"IBRD loans and IDA credits (DOD, current US$)",DT.DOD.MWBG.CD,616413000.0
Cambodia,KHM,"IBRD loans and IDA credits (DOD, current US$)",DT.DOD.MWBG.CD,1654182000.0
Cameroon,CMR,"IBRD loans and IDA credits (DOD, current US$)",DT.DOD.MWBG.CD,2865405000.0
Central African Republic,CAF,"IBRD loans and IDA credits (DOD, current US$)",DT.DOD.MWBG.CD,116762000.0
Chad,TCD,"IBRD loans and IDA credits (DOD, current US$)",DT.DOD.MWBG.CD,139732000.0
China,CHN,"IBRD loans and IDA credits (DOD, current US$)",DT.DOD.MWBG.CD,14686683000.0
Colombia,COL,"IBRD loans and IDA credits (DOD, current US$)",DT.DOD.MWBG.CD,16238346000.0
Comoros,COM,"IBRD loans and IDA credits (DOD, current US$)",DT.DOD.MWBG.CD,56828000.0
"Congo, Dem. Rep.",COD,"IBRD loans and IDA credits (DOD, current US$)",DT.DOD.MWBG.CD,3452865000.0
"Congo, Rep.",COG,"IBRD loans and IDA credits (DOD, current US$)",DT.DOD.MWBG.CD,745476000.0
Cote d'Ivoire,CIV,"IBRD loans and IDA credits (DOD, current US$)",DT.DOD.MWBG.CD,4877903000.0
Djibouti,DJI,"IBRD loans and IDA credits (DOD, current US$)",DT.DOD.MWBG.CD,295538000.0
Dominica,DMA,"IBRD loans and IDA credits (DOD, current US$)",DT.DOD.MWBG.CD,166614000.0
Dominican Republic,DOM,"IBRD loans and IDA credits (DOD, current US$)",DT.DOD.MWBG.CD,1929510000.0
Ecuador,ECU,"IBRD loans and IDA credits (DOD, current US$)",DT.DOD.MWBG.CD,6284835000.0
"Egypt, Arab Rep.",EGY,"IBRD loans and IDA credits (DOD, current US$)",DT.DOD.MWBG.CD,12295061000.0
El Salvador,SLV,"IBRD loans and IDA credits (DOD, current US$)",DT.DOD.MWBG.CD,918819000.0
Eritrea,ERI,"IBRD loans and IDA credits (DOD, current US$)",DT.DOD.MWBG.CD,407398000.0
Eswatini,SWZ,"IBRD loans and IDA credits (DOD, current US$)",DT.DOD.MWBG.CD,221826000.0
Ethiopia,ETH,"IBRD loans and IDA credits (DOD, current US$)",DT.DOD.MWBG.CD,12761932000.0
Fiji,FJI,"IBRD loans and IDA credits (DOD, current US$)",DT.DOD.MWBG.CD,574700000.0
Gabon,GAB,"IBRD loans and IDA credits (DOD, current US$)",DT.DOD.MWBG.CD,619906000.0
"Gambia, The",GMB,"IBRD loans and IDA credits (DOD, current US$)",DT.DOD.MWBG.CD,122358000.0
Georgia,GEO,"IBRD loans and IDA credits (DOD, current US$)",DT.DOD.MWBG.CD,2115248000.0
Ghana,GHA,"IBRD loans and IDA credits (DOD, current US$)",DT.DOD.MWBG.CD,6372715000.0
Grenada,GRD,"IBRD loans and IDA credits (DOD, current US$)",DT.DOD.MWBG.CD,272992000.0
Guatemala,GTM,"IBRD loans and IDA credits (DOD, current US$)",DT.DOD.MWBG.CD,1920887000.0
Guinea,GIN,"IBRD loans and IDA credits (DOD, current US$)",DT.DOD.MWBG.CD,700201000.0
Guinea-Bissau,GNB,"IBRD loans and IDA credits (DOD, current US$)",DT.DOD.MWBG.CD,215294000.0
Guyana,GUY,"IBRD loans and IDA credits (DOD, current US$)",DT.DOD.MWBG.CD,185972000.0
Honduras,HND,"IBRD loans and IDA credits (DOD, current US$)",DT.DOD.MWBG.CD,1114159000.0
India,IND,"IBRD loans and IDA credits (DOD, current US$)",DT.DOD.MWBG.CD,38739691000.0
Indonesia,IDN,"IBRD loans and IDA credits (DOD, current US$)",DT.DOD.MWBG.CD,21568257000.0
"Iran, Islamic Rep.",IRN,"IBRD loans and IDA credits (DOD, current US$)",DT.DOD.MWBG.CD,124094000.0
Iraq,IRQ,"IBRD loans and IDA credits (DOD, current US$)",DT.DOD.MWBG.CD,3012911000.0
Jamaica,JAM,"IBRD loans and IDA credits (DOD, current US$)",DT.DOD.MWBG.CD,965843000.0
Jordan,JOR,"IBRD loans and IDA credits (DOD, current US$)",DT.DOD.MWBG.CD,5422032000.0
Kazakhstan,KAZ,"IBRD loans and IDA credits (DOD, current US$)",DT.DOD.MWBG.CD,3831067000.0
Kenya,KEN,"IBRD loans and IDA credits (DOD, current US$)",DT.DOD.MWBG.CD,13820125000.0
Kosovo,XKX,"IBRD loans and IDA credits (DOD, current US$)",DT.DOD.MWBG.CD,358761000.0
Kyrgyz Republic,KGZ,"IBRD loans and IDA credits (DOD, current US$)",DT.DOD.MWBG.CD,749695000.0
Lao PDR,LAO,"IBRD loans and IDA credits (DOD, current US$)",DT.DOD.MWBG.CD,886793000.0
Lebanon,LBN,"IBRD loans and IDA credits (DOD, current US$)",DT.DOD.MWBG.CD,1206543000.0
Lesotho,LSO,"IBRD loans and IDA credits (DOD, current US$)",DT.DOD.MWBG.CD,504651000.0
Liberia,LBR,"IBRD loans and IDA credits (DOD, current US$)",DT.DOD.MWBG.CD,929174000.0
Madagascar,MDG,"IBRD loans and IDA credits (DOD, current US$)",DT.DOD.MWBG.CD,2649927000.0
Malawi,MWI,"IBRD loans and IDA credits (DOD, current US$)",DT.DOD.MWBG.CD,1701516000.0
Maldives,MDV,"IBRD loans and IDA credits (DOD, current US$)",DT.DOD.MWBG.CD,93268000.0
Mali,MLI,"IBRD loans and IDA credits (DOD, current US$)",DT.DOD.MWBG.CD,2189934000.0
Mauritania,MRT,"IBRD loans and IDA credits (DOD, current US$)",DT.DOD.MWBG.CD,450760000.0
Mauritius,MUS,"IBRD loans and IDA credits (DOD, current US$)",DT.DOD.MWBG.CD,92941000.0
Mexico,MEX,"IBRD loans and IDA credits (DOD, current US$)",DT.DOD.MWBG.CD,14264951000.0
Moldova,MDA,"IBRD loans and IDA credits (DOD, current US$)",DT.DOD.MWBG.CD,1083350000.0
Mongolia,MNG,"IBRD loans and IDA credits (DOD, current US$)",DT.DOD.MWBG.CD,803595000.0
Montenegro,MNE,"IBRD loans and IDA credits (DOD, current US$)",DT.DOD.MWBG.CD,267899000.0
Morocco,MAR,"IBRD loans and IDA credits (DOD, current US$)",DT.DOD.MWBG.CD,10202433000.0
Mozambique,MOZ,"IBRD loans and IDA credits (DOD, current US$)",DT.DOD.MWBG.CD,2922510000.0
Myanmar,MMR,"IBRD loans and IDA credits (DOD, current US$)",DT.DOD.MWBG.CD,1445645000.0
Nepal,NPL,"IBRD loans and IDA credits (DOD, current US$)",DT.DOD.MWBG.CD,4531123000.0
Nicaragua,NIC,"IBRD loans and IDA credits (DOD, current US$)",DT.DOD.MWBG.CD,973948000.0
Niger,NER,"IBRD loans and IDA credits (DOD, current US$)",DT.DOD.MWBG.CD,2432038000.0
Nigeria,NGA,"IBRD loans and IDA credits (DOD, current US$)",DT.DOD.MWBG.CD,17843086000.0
North Macedonia,MKD,"IBRD loans and IDA credits (DOD, current US$)",DT.DOD.MWBG.CD,781428000.0
Pakistan,PAK,"IBRD loans and IDA credits (DOD, current US$)",DT.DOD.MWBG.CD,20184167000.0
Papua New Guinea,PNG,"IBRD loans and IDA credits (DOD, current US$)",DT.DOD.MWBG.CD,583878000.0
Paraguay,PRY,"IBRD loans and IDA credits (DOD, current US$)",DT.DOD.MWBG.CD,1134016000.0
Peru,PER,"IBRD loans and IDA credits (DOD, current US$)",DT.DOD.MWBG.CD,5750082000.0
Philippines,PHL,"IBRD loans and IDA credits (DOD, current US$)",DT.DOD.MWBG.CD,14603480000.0
Rwanda,RWA,"IBRD loans and IDA credits (DOD, current US$)",DT.DOD.MWBG.CD,3720784000.0
Samoa,WSM,"IBRD loans and IDA credits (DOD, current US$)",DT.DOD.MWBG.CD,89874000.0
Sao Tome and Principe,STP,"IBRD loans and IDA credits (DOD, current US$)",DT.DOD.MWBG.CD,8967000.0
Senegal,SEN,"IBRD loans and IDA credits (DOD, current US$)",DT.DOD.MWBG.CD,4421809000.0
Serbia,SRB,"IBRD loans and IDA credits (DOD, current US$)",DT.DOD.MWBG.CD,2317183000.0
Sierra Leone,SLE,"IBRD loans and IDA credits (DOD, current US$)",DT.DOD.MWBG.CD,463025000.0
Solomon Islands,SLB,"IBRD loans and IDA credits (DOD, current US$)",DT.DOD.MWBG.CD,124634000.0
"Somalia, Fed. Rep.",SOM,"IBRD loans and IDA credits (DOD, current US$)",DT.DOD.MWBG.CD,0.0
South Africa,ZAF,"IBRD loans and IDA credits (DOD, current US$)",DT.DOD.MWBG.CD,3426756000.0
Sri Lanka,LKA,"IBRD loans and IDA credits (DOD, current US$)",DT.DOD.MWBG.CD,4618744000.0
St. Lucia,LCA,"IBRD loans and IDA credits (DOD, current US$)",DT.DOD.MWBG.CD,228923000.0
St. Vincent and the Grenadines,VCT,"IBRD loans and IDA credits (DOD, current US$)",DT.DOD.MWBG.CD,243873000.0
Sudan,SDN,"IBRD loans and IDA credits (DOD, current US$)",DT.DOD.MWBG.CD,217938000.0
Syrian Arab Republic,SYR,"IBRD loans and IDA credits (DOD, current US$)",DT.DOD.MWBG.CD,14052000.0
Tajikistan,TJK,"IBRD loans and IDA credits (DOD, current US$)",DT.DOD.MWBG.CD,369363000.0
Tanzania,TZA,"IBRD loans and IDA credits (DOD, current US$)",DT.DOD.MWBG.CD,12097217000.0
Thailand,THA,"IBRD loans and IDA credits (DOD, current US$)",DT.DOD.MWBG.CD,499600000.0
Timor-Leste,TLS,"IBRD loans and IDA credits (DOD, current US$)",DT.DOD.MWBG.CD,57797000.0
Togo,TGO,"IBRD loans and IDA credits (DOD, current US$)",DT.DOD.MWBG.CD,796080000.0
Tonga,TON,"IBRD loans and IDA credits (DOD, current US$)",DT.DOD.MWBG.CD,40235000.0
Tunisia,TUN,"IBRD loans and IDA credits (DOD, current US$)",DT.DOD.MWBG.CD,4326806000.0
Turkiye,TUR,"IBRD loans and IDA credits (DOD, current US$)",DT.DOD.MWBG.CD,12065026000.0
Turkmenistan,TKM,"IBRD loans and IDA credits (DOD, current US$)",DT.DOD.MWBG.CD,20000000.0
Uganda,UGA,"IBRD loans and IDA credits (DOD, current US$)",DT.DOD.MWBG.CD,4898639000.0
Ukraine,UKR,"IBRD loans and IDA credits (DOD, current US$)",DT.DOD.MWBG.CD,22469832000.0
Uzbekistan,UZB,"IBRD loans and IDA credits (DOD, current US$)",DT.DOD.MWBG.CD,7678627000.0
Vanuatu,VUT,"IBRD loans and IDA credits (DOD, current US$)",DT.DOD.MWBG.CD,95493000.0
Viet Nam,VNM,"IBRD loans and IDA credits (DOD, current US$)",DT.DOD.MWBG.CD,13584976000.0
"Yemen, Rep.",YEM,"IBRD loans and IDA credits (DOD, current US$)",DT.DOD.MWBG.CD,1042129000.0
Zambia,ZMB,"IBRD loans and IDA credits (DOD, current US$)",DT.DOD.MWBG.CD,2509679000.0
Zimbabwe,ZWE,"IBRD loans and IDA credits (DOD, current US$)",DT.DOD.MWBG.CD,855321000.0
Albania,ALB,"PPG, IBRD (DOD, current US$)",DT.DOD.MIBR.CD,967091000.0
Angola,AGO,"PPG, IBRD (DOD, current US$)",DT.DOD.MIBR.CD,4491170000.0
Argentina,ARG,"PPG, IBRD (DOD, current US$)",DT.DOD.MIBR.CD,10737718000.0
Armenia,ARM,"PPG, IBRD (DOD, current US$)",DT.DOD.MIBR.CD,1074773000.0
Azerbaijan,AZE,"PPG, IBRD (DOD, current US$)",DT.DOD.MIBR.CD,1032787000.0
Belarus,BLR,"PPG, IBRD (DOD, current US$)",DT.DOD.MIBR.CD,975447000.0
Belize,BLZ,"PPG, IBRD (DOD, current US$)",DT.DOD.MIBR.CD,40552000.0
Bolivia,BOL,"PPG, IBRD (DOD, current US$)",DT.DOD.MIBR.CD,925767000.0
Bosnia and Herzegovina,BIH,"PPG, IBRD (DOD, current US$)",DT.DOD.MIBR.CD,743296000.0
Botswana,BWA,"PPG, IBRD (DOD, current US$)",DT.DOD.MIBR.CD,678077000.0
Brazil,BRA,"PPG, IBRD (DOD, current US$)",DT.DOD.MIBR.CD,15130827000.0
Cabo Verde,CPV,"PPG, IBRD (DOD, current US$)",DT.DOD.MIBR.CD,34472000.0
Cameroon,CMR,"PPG, IBRD (DOD, current US$)",DT.DOD.MIBR.CD,541936000.0
China,CHN,"PPG, IBRD (DOD, current US$)",DT.DOD.MIBR.CD,14685262000.0
Colombia,COL,"PPG, IBRD (DOD, current US$)",DT.DOD.MIBR.CD,16238346000.0
"Congo, Rep.",COG,"PPG, IBRD (DOD, current US$)",DT.DOD.MIBR.CD,221576000.0
Cote d'Ivoire,CIV,"PPG, IBRD (DOD, current US$)",DT.DOD.MIBR.CD,161496000.0
Dominican Republic,DOM,"PPG, IBRD (DOD, current US$)",DT.DOD.MIBR.CD,1929510000.0
Ecuador,ECU,"PPG, IBRD (DOD, current US$)",DT.DOD.MIBR.CD,6284835000.0
"Egypt, Arab Rep.",EGY,"PPG, IBRD (DOD, current US$)",DT.DOD.MIBR.CD,12194251000.0
El Salvador,SLV,"PPG, IBRD (DOD, current US$)",DT.DOD.MIBR.CD,918459000.0
Eswatini,SWZ,"PPG, IBRD (DOD, current US$)",DT.DOD.MIBR.CD,221826000.0
Fiji,FJI,"PPG, IBRD (DOD, current US$)",DT.DOD.MIBR.CD,183012000.0
Gabon,GAB,"PPG, IBRD (DOD, current US$)",DT.DOD.MIBR.CD,619906000.0
Georgia,GEO,"PPG, IBRD (DOD, current US$)",DT.DOD.MIBR.CD,1635744000.0
Grenada,GRD,"PPG, IBRD (DOD, current US$)",DT.DOD.MIBR.CD,13003000.0
Guatemala,GTM,"PPG, IBRD (DOD, current US$)",DT.DOD.MIBR.CD,1920887000.0
India,IND,"PPG, IBRD (DOD, current US$)",DT.DOD.MIBR.CD,24051551000.0
Indonesia,IDN,"PPG, IBRD (DOD, current US$)",DT.DOD.MIBR.CD,21495586000.0
"Iran, Islamic Rep.",IRN,"PPG, IBRD (DOD, current US$)",DT.DOD.MIBR.CD,124094000.0
Iraq,IRQ,"PPG, IBRD (DOD, current US$)",DT.DOD.MIBR.CD,2809857000.0
Jamaica,JAM,"PPG, IBRD (DOD, current US$)",DT.DOD.MIBR.CD,965843000.0
Jordan,JOR,"PPG, IBRD (DOD, current US$)",DT.DOD.MIBR.CD,5228000000.0
Kazakhstan,KAZ,"PPG, IBRD (DOD, current US$)",DT.DOD.MIBR.CD,3831067000.0
Kenya,KEN,"PPG, IBRD (DOD, current US$)",DT.DOD.MIBR.CD,1947156000.0
Kosovo,XKX,"PPG, IBRD (DOD, current US$)",DT.DOD.MIBR.CD,82194000.0
Lebanon,LBN,"PPG, IBRD (DOD, current US$)",DT.DOD.MIBR.CD,1118759000.0
Mauritius,MUS,"PPG, IBRD (DOD, current US$)",DT.DOD.MIBR.CD,92941000.0
Mexico,MEX,"PPG, IBRD (DOD, current US$)",DT.DOD.MIBR.CD,14264951000.0
Moldova,MDA,"PPG, IBRD (DOD, current US$)",DT.DOD.MIBR.CD,291099000.0
Mongolia,MNG,"PPG, IBRD (DOD, current US$)",DT.DOD.MIBR.CD,42274000.0
Montenegro,MNE,"PPG, IBRD (DOD, current US$)",DT.DOD.MIBR.CD,264050000.0
Morocco,MAR,"PPG, IBRD (DOD, current US$)",DT.DOD.MIBR.CD,10202335000.0
Nigeria,NGA,"PPG, IBRD (DOD, current US$)",DT.DOD.MIBR.CD,1243027000.0
North Macedonia,MKD,"PPG, IBRD (DOD, current US$)",DT.DOD.MIBR.CD,660639000.0
Pakistan,PAK,"PPG, IBRD (DOD, current US$)",DT.DOD.MIBR.CD,2619797000.0
Papua New Guinea,PNG,"PPG, IBRD (DOD, current US$)",DT.DOD.MIBR.CD,3099000.0
Paraguay,PRY,"PPG, IBRD (DOD, current US$)",DT.DOD.MIBR.CD,1133716000.0
Peru,PER,"PPG, IBRD (DOD, current US$)",DT.DOD.MIBR.CD,5750082000.0
Philippines,PHL,"PPG, IBRD (DOD, current US$)",DT.DOD.MIBR.CD,14594599000.0
Serbia,SRB,"PPG, IBRD (DOD, current US$)",DT.DOD.MIBR.CD,2307209000.0
South Africa,ZAF,"PPG, IBRD (DOD, current US$)",DT.DOD.MIBR.CD,3426756000.0
Sri Lanka,LKA,"PPG, IBRD (DOD, current US$)",DT.DOD.MIBR.CD,1052439000.0
St. Lucia,LCA,"PPG, IBRD (DOD, current US$)",DT.DOD.MIBR.CD,2480000.0
Thailand,THA,"PPG, IBRD (DOD, current US$)",DT.DOD.MIBR.CD,499600000.0
Timor-Leste,TLS,"PPG, IBRD (DOD, current US$)",DT.DOD.MIBR.CD,12660000.0
Tunisia,TUN,"PPG, IBRD (DOD, current US$)",DT.DOD.MIBR.CD,4326806000.0
Turkiye,TUR,"PPG, IBRD (DOD, current US$)",DT.DOD.MIBR.CD,12065026000.0
Turkmenistan,TKM,"PPG, IBRD (DOD, current US$)",DT.DOD.MIBR.CD,20000000.0
Ukraine,UKR,"PPG, IBRD (DOD, current US$)",DT.DOD.MIBR.CD,16683426000.0
Uzbekistan,UZB,"PPG, IBRD (DOD, current US$)",DT.DOD.MIBR.CD,3348458000.0
Viet Nam,VNM,"PPG, IBRD (DOD, current US$)",DT.DOD.MIBR.CD,2137499000.0
Zimbabwe,ZWE,"PPG, IBRD (DOD, current US$)",DT.DOD.MIBR.CD,425155000.0
Afghanistan,AFG,"PPG, IDA (DOD, current US$)",DT.DOD.MIDA.CD,279735000.0
Albania,ALB,"PPG, IDA (DOD, current US$)",DT.DOD.MIDA.CD,338405000.0
Angola,AGO,"PPG, IDA (DOD, current US$)",DT.DOD.MIDA.CD,283421000.0
Armenia,ARM,"PPG, IDA (DOD, current US$)",DT.DOD.MIDA.CD,648662000.0
Azerbaijan,AZE,"PPG, IDA (DOD, current US$)",DT.DOD.MIDA.CD,132895000.0
Bangladesh,BGD,"PPG, IDA (DOD, current US$)",DT.DOD.MIDA.CD,20730695000.0
Benin,BEN,"PPG, IDA (DOD, current US$)",DT.DOD.MIDA.CD,2317489000.0
Bhutan,BTN,"PPG, IDA (DOD, current US$)",DT.DOD.MIDA.CD,419599000.0
Bolivia,BOL,"PPG, IDA (DOD, current US$)",DT.DOD.MIDA.CD,700044000.0
Bosnia and Herzegovina,BIH,"PPG, IDA (DOD, current US$)",DT.DOD.MIDA.CD,507750000.0
Botswana,BWA,"PPG, IDA (DOD, current US$)",DT.DOD.MIDA.CD,0.0
Burkina Faso,BFA,"PPG, IDA (DOD, current US$)",DT.DOD.MIDA.CD,2616134000.0
Burundi,BDI,"PPG, IDA (DOD, current US$)",DT.DOD.MIDA.CD,109468000.0
Cabo Verde,CPV,"PPG, IDA (DOD, current US$)",DT.DOD.MIDA.CD,581941000.0
Cambodia,KHM,"PPG, IDA (DOD, current US$)",DT.DOD.MIDA.CD,1654182000.0
Cameroon,CMR,"PPG, IDA (DOD, current US$)",DT.DOD.MIDA.CD,2323469000.0
Central African Republic,CAF,"PPG, IDA (DOD, current US$)",DT.DOD.MIDA.CD,116762000.0
Chad,TCD,"PPG, IDA (DOD, current US$)",DT.DOD.MIDA.CD,139732000.0
China,CHN,"PPG, IDA (DOD, current US$)",DT.DOD.MIDA.CD,1421000.0
Comoros,COM,"PPG, IDA (DOD, current US$)",DT.DOD.MIDA.CD,56828000.0
"Congo, Dem. Rep.",COD,"PPG, IDA (DOD, current US$)",DT.DOD.MIDA.CD,3452865000.0
"Congo, Rep.",COG,"PPG, IDA (DOD, current US$)",DT.DOD.MIDA.CD,523900000.0
Cote d'Ivoire,CIV,"PPG, IDA (DOD, current US$)",DT.DOD.MIDA.CD,4716407000.0
Djibouti,DJI,"PPG, IDA (DOD, current US$)",DT.DOD.MIDA.CD,295538000.0
Dominica,DMA,"PPG, IDA (DOD, current US$)",DT.DOD.MIDA.CD,166614000.0
"Egypt, Arab Rep.",EGY,"PPG, IDA (DOD, current US$)",DT.DOD.MIDA.CD,100810000.0
El Salvador,SLV,"PPG, IDA (DOD, current US$)",DT.DOD.MIDA.CD,360000.0
Eritrea,ERI,"PPG, IDA (DOD, current US$)",DT.DOD.MIDA.CD,407398000.0
Eswatini,SWZ,"PPG, IDA (DOD, current US$)",DT.DOD.MIDA.CD,0.0
Ethiopia,ETH,"PPG, IDA (DOD, current US$)",DT.DOD.MIDA.CD,12761932000.0
Fiji,FJI,"PPG, IDA (DOD, current US$)",DT.DOD.MIDA.CD,391688000.0
"Gambia, The",GMB,"PPG, IDA (DOD, current US$)",DT.DOD.MIDA.CD,122358000.0
Georgia,GEO,"PPG, IDA (DOD, current US$)",DT.DOD.MIDA.CD,479504000.0
Ghana,GHA,"PPG, IDA (DOD, current US$)",DT.DOD.MIDA.CD,6372715000.0
Grenada,GRD,"PPG, IDA (DOD, current US$)",DT.DOD.MIDA.CD,259989000.0
Guinea,GIN,"PPG, IDA (DOD, current US$)",DT.DOD.MIDA.CD,700201000.0
Guinea-Bissau,GNB,"PPG, IDA (DOD, current US$)",DT.DOD.MIDA.CD,215294000.0
Guyana,GUY,"PPG, IDA (DOD, current US$)",DT.DOD.MIDA.CD,185972000.0
Honduras,HND,"PPG, IDA (DOD, current US$)",DT.DOD.MIDA.CD,1114159000.0
India,IND,"PPG, IDA (DOD, current US$)",DT.DOD.MIDA.CD,14688140000.0
Indonesia,IDN,"PPG, IDA (DOD, current US$)",DT.DOD.MIDA.CD,72671000.0
Iraq,IRQ,"PPG, IDA (DOD, current US$)",DT.DOD.MIDA.CD,203054000.0
Jordan,JOR,"PPG, IDA (DOD, current US$)",DT.DOD.MIDA.CD,194032000.0
Kenya,KEN,"PPG, IDA (DOD, current US$)",DT.DOD.MIDA.CD,11872969000.0
Kosovo,XKX,"PPG, IDA (DOD, current US$)",DT.DOD.MIDA.CD,276567000.0
Kyrgyz Republic,KGZ,"PPG, IDA (DOD, current US$)",DT.DOD.MIDA.CD,749695000.0
Lao PDR,LAO,"PPG, IDA (DOD, current US$)",DT.DOD.MIDA.CD,886793000.0
Lebanon,LBN,"PPG, IDA (DOD, current US$)",DT.DOD.MIDA.CD,87784000.0
Lesotho,LSO,"PPG, IDA (DOD, current US$)",DT.DOD.MIDA.CD,504651000.0
Liberia,LBR,"PPG, IDA (DOD, current US$)",DT.DOD.MIDA.CD,929174000.0
Madagascar,MDG,"PPG, IDA (DOD, current US$)",DT.DOD.MIDA.CD,2649927000.0
Malawi,MWI,"PPG, IDA (DOD, current US$)",DT.DOD.MIDA.CD,1701516000.0
Maldives,MDV,"PPG, IDA (DOD, current US$)",DT.DOD.MIDA.CD,93268000.0
Mali,MLI,"PPG, IDA (DOD, current US$)",DT.DOD.MIDA.CD,2189934000.0
Mauritania,MRT,"PPG, IDA (DOD, current US$)",DT.DOD.MIDA.CD,450760000.0
Mauritius,MUS,"PPG, IDA (DOD, current US$)",DT.DOD.MIDA.CD,0.0
Moldova,MDA,"PPG, IDA (DOD, current US$)",DT.DOD.MIDA.CD,792251000.0
Mongolia,MNG,"PPG, IDA (DOD, current US$)",DT.DOD.MIDA.CD,761321000.0
Montenegro,MNE,"PPG, IDA (DOD, current US$)",DT.DOD.MIDA.CD,3849000.0
Morocco,MAR,"PPG, IDA (DOD, current US$)",DT.DOD.MIDA.CD,98000.0
Mozambique,MOZ,"PPG, IDA (DOD, current US$)",DT.DOD.MIDA.CD,2922510000.0
Myanmar,MMR,"PPG, IDA (DOD, current US$)",DT.DOD.MIDA.CD,1445645000.0
Nepal,NPL,"PPG, IDA (DOD, current US$)",DT.DOD.MIDA.CD,4531123000.0
Nicaragua,NIC,"PPG, IDA (DOD, current US$)",DT.DOD.MIDA.CD,973948000.0
Niger,NER,"PPG, IDA (DOD, current US$)",DT.DOD.MIDA.CD,2432038000.0
Nigeria,NGA,"PPG, IDA (DOD, current US$)",DT.DOD.MIDA.CD,16600059000.0
North Macedonia,MKD,"PPG, IDA (DOD, current US$)",DT.DOD.MIDA.CD,120789000.0
Pakistan,PAK,"PPG, IDA (DOD, current US$)",DT.DOD.MIDA.CD,17564370000.0
Papua New Guinea,PNG,"PPG, IDA (DOD, current US$)",DT.DOD.MIDA.CD,580779000.0
Paraguay,PRY,"PPG, IDA (DOD, current US$)",DT.DOD.MIDA.CD,300000.0
Philippines,PHL,"PPG, IDA (DOD, current US$)",DT.DOD.MIDA.CD,8881000.0
Rwanda,RWA,"PPG, IDA (DOD, current US$)",DT.DOD.MIDA.CD,3720784000.0
Samoa,WSM,"PPG, IDA (DOD, current US$)",DT.DOD.MIDA.CD,89874000.0
Sao Tome and Principe,STP,"PPG, IDA (DOD, current US$)",DT.DOD.MIDA.CD,8967000.0
Senegal,SEN,"PPG, IDA (DOD, current US$)",DT.DOD.MIDA.CD,4421809000.0
Serbia,SRB,"PPG, IDA (DOD, current US$)",DT.DOD.MIDA.CD,9974000.0
Sierra Leone,SLE,"PPG, IDA (DOD, current US$)",DT.DOD.MIDA.CD,463025000.0
Solomon Islands,SLB,"PPG, IDA (DOD, current US$)",DT.DOD.MIDA.CD,124634000.0
"Somalia, Fed. Rep.",SOM,"PPG, IDA (DOD, current US$)",DT.DOD.MIDA.CD,0.0
Sri Lanka,LKA,"PPG, IDA (DOD, current US$)",DT.DOD.MIDA.CD,3566305000.0
St. Lucia,LCA,"PPG, IDA (DOD, current US$)",DT.DOD.MIDA.CD,226443000.0
St. Vincent and the Grenadines,VCT,"PPG, IDA (DOD, current US$)",DT.DOD.MIDA.CD,243873000.0
Sudan,SDN,"PPG, IDA (DOD, current US$)",DT.DOD.MIDA.CD,217938000.0
Syrian Arab Republic,SYR,"PPG, IDA (DOD, current US$)",DT.DOD.MIDA.CD,14052000.0
Tajikistan,TJK,"PPG, IDA (DOD, current US$)",DT.DOD.MIDA.CD,369363000.0
Tanzania,TZA,"PPG, IDA (DOD, current US$)",DT.DOD.MIDA.CD,12097217000.0
Timor-Leste,TLS,"PPG, IDA (DOD, current US$)",DT.DOD.MIDA.CD,45137000.0
Togo,TGO,"PPG, IDA (DOD, current US$)",DT.DOD.MIDA.CD,796080000.0
Tonga,TON,"PPG, IDA (DOD, current US$)",DT.DOD.MIDA.CD,40235000.0
Uganda,UGA,"PPG, IDA (DOD, current US$)",DT.DOD.MIDA.CD,4898639000.0
Ukraine,UKR,"PPG, IDA (DOD, current US$)",DT.DOD.MIDA.CD,5786406000.0
Uzbekistan,UZB,"PPG, IDA (DOD, current US$)",DT.DOD.MIDA.CD,4330169000.0
Vanuatu,VUT,"PPG, IDA (DOD, current US$)",DT.DOD.MIDA.CD,95493000.0
Viet Nam,VNM,"PPG, IDA (DOD, current US$)",DT.DOD.MIDA.CD,11447477000.0
"Yemen, Rep.",YEM,"PPG, IDA (DOD, current US$)",DT.DOD.MIDA.CD,1042129000.0
Zambia,ZMB,"PPG, IDA (DOD, current US$)",DT.DOD.MIDA.CD,2509679000.0
Zimbabwe,ZWE,"PPG, IDA (DOD, current US$)",DT.DOD.MIDA.CD,430166000.0
Afghanistan,AFG,"Debt service on external debt, total (TDS, current US$)",DT.TDS.DECT.CD,67599109.7
Albania,ALB,"Debt service on external debt, total (TDS, current US$)",DT.TDS.DECT.CD,871913134.4
Algeria,DZA,"Debt service on external debt, total (TDS, current US$)",DT.TDS.DECT.CD,444971156.5
Angola,AGO,"Debt service on external debt, total (TDS, current US$)",DT.TDS.DECT.CD,10869612024.9
Argentina,ARG,"Debt service on external debt, total (TDS, current US$)",DT.TDS.DECT.CD,39484713949.4
Armenia,ARM,"Debt service on external debt, total (TDS, current US$)",DT.TDS.DECT.CD,1817767854.8
Azerbaijan,AZE,"Debt service on external debt, total (TDS, current US$)",DT.TDS.DECT.CD,4179528918.5
Bangladesh,BGD,"Debt service on external debt, total (TDS, current US$)",DT.TDS.DECT.CD,8596803872.8
Belarus,BLR,"Debt service on external debt, total (TDS, current US$)",DT.TDS.DECT.CD,5340316288.6
Belize,BLZ,"Debt service on external debt, total (TDS, current US$)",DT.TDS.DECT.CD,127493340.7
Benin,BEN,"Debt service on external debt, total (TDS, current US$)",DT.TDS.DECT.CD,1144066295.4
Bhutan,BTN,"Debt service on external debt, total (TDS, current US$)",DT.TDS.DECT.CD,161369542.9
Bolivia,BOL,"Debt service on external debt, total (TDS, current US$)",DT.TDS.DECT.CD,1835033911.1
Bosnia and Herzegovina,BIH,"Debt service on external debt, total (TDS, current US$)",DT.TDS.DECT.CD,1457074413.1
Botswana,BWA,"Debt service on external debt, total (TDS, current US$)",DT.TDS.DECT.CD,275163872.5
Brazil,BRA,"Debt service on external debt, total (TDS, current US$)",DT.TDS.DECT.CD,114112709865.3
Bulgaria,BGR,"Debt service on external debt, total (TDS, current US$)",DT.TDS.DECT.CD,7316588840.2
Burkina Faso,BFA,"Debt service on external debt, total (TDS, current US$)",DT.TDS.DECT.CD,884322429.8
Burundi,BDI,"Debt service on external debt, total (TDS, current US$)",DT.TDS.DECT.CD,35822368.6
Cabo Verde,CPV,"Debt service on external debt, total (TDS, current US$)",DT.TDS.DECT.CD,152478862.1
Cambodia,KHM,"Debt service on external debt, total (TDS, current US$)",DT.TDS.DECT.CD,3408104131.7
Cameroon,CMR,"Debt service on external debt, total (TDS, current US$)",DT.TDS.DECT.CD,1675980009.5
Central African Republic,CAF,"Debt service on external debt, total (TDS, current US$)",DT.TDS.DECT.CD,56507514.0
Chad,TCD,"Debt service on external debt, total (TDS, current US$)",DT.TDS.DECT.CD,365919510.1
China,CHN,"Debt service on external debt, total (TDS, current US$)",DT.TDS.DECT.CD,352496730598.7
Colombia,COL,"Debt service on external debt, total (TDS, current US$)",DT.TDS.DECT.CD,33835565130.1
Comoros,COM,"Debt service on external debt, total (TDS, current US$)",DT.TDS.DECT.CD,24644205.9
"Congo, Dem. Rep.",COD,"Debt service on external debt, total (TDS, current US$)",DT.TDS.DECT.CD,471108569.1
"Congo, Rep.",COG,"Debt service on external debt, total (TDS, current US$)",DT.TDS.DECT.CD,1088175957.1
Cote d'Ivoire,CIV,"Debt service on external debt, total (TDS, current US$)",DT.TDS.DECT.CD,5387511624.7
Djibouti,DJI,"Debt service on external debt, total (TDS, current US$)",DT.TDS.DECT.CD,139575529.8
Dominica,DMA,"Debt service on external debt, total (TDS, current US$)",DT.TDS.DECT.CD,65938110.8
Dominican Republic,DOM,"Debt service on external debt, total (TDS, current US$)",DT.TDS.DECT.CD,6610298879.8
Ecuador,ECU,"Debt service on external debt, total (TDS, current US$)",DT.TDS.DECT.CD,8492825323.0
"Egypt, Arab Rep.",EGY,"Debt service on external debt, total (TDS, current US$)",DT.TDS.DECT.CD,32908571511.3
El Salvador,SLV,"Debt service on external debt, total (TDS, current US$)",DT.TDS.DECT.CD,11577044809.4
Eritrea,ERI,"Debt service on external debt, total (TDS, current US$)",DT.TDS.DECT.CD,21215212.6
Eswatini,SWZ,"Debt service on external debt, total (TDS, current US$)",DT.TDS.DECT.CD,207103549.4
Ethiopia,ETH,"Debt service on external debt, total (TDS, current US$)",DT.TDS.DECT.CD,1357289049.9
Fiji,FJI,"Debt service on external debt, total (TDS, current US$)",DT.TDS.DECT.CD,244220451.9
Gabon,GAB,"Debt service on external debt, total (TDS, current US$)",DT.TDS.DECT.CD,1124160018.1
"Gambia, The",GMB,"Debt service on external debt, total (TDS, current US$)",DT.TDS.DECT.CD,77135850.4
Georgia,GEO,"Debt service on external debt, total (TDS, current US$)",DT.TDS.DECT.CD,4808248488.6
Ghana,GHA,"Debt service on external debt, total (TDS, current US$)",DT.TDS.DECT.CD,2729878836.7
Grenada,GRD,"Debt service on external debt, total (TDS, current US$)",DT.TDS.DECT.CD,43225655.0
Guatemala,GTM,"Debt service on external debt, total (TDS, current US$)",DT.TDS.DECT.CD,1956998468.8
Guinea,GIN,"Debt service on external debt, total (TDS, current US$)",DT.TDS.DECT.CD,438622364.9
Guinea-Bissau,GNB,"Debt service on external debt, total (TDS, current US$)",DT.TDS.DECT.CD,39159349.3
Guyana,GUY,"Debt service on external debt, total (TDS, current US$)",DT.TDS.DECT.CD,599435184.9
Haiti,HTI,"Debt service on external debt, total (TDS, current US$)",DT.TDS.DECT.CD,543003063.0
Honduras,HND,"Debt service on external debt, total (TDS, current US$)",DT.TDS.DECT.CD,1787447273.7
India,IND,"Debt service on external debt, total (TDS, current US$)",DT.TDS.DECT.CD,91617460130.9
Indonesia,IDN,"Debt service on external debt, total (TDS, current US$)",DT.TDS.DECT.CD,76758123088.1
"Iran, Islamic Rep.",IRN,"Debt service on external debt, total (TDS, current US$)",DT.TDS.DECT.CD,362016236.0
Iraq,IRQ,"Debt service on external debt, total (TDS, current US$)",DT.TDS.DECT.CD,3422697948.3
Jamaica,JAM,"Debt service on external debt, total (TDS, current US$)",DT.TDS.DECT.CD,2450592727.9
Jordan,JOR,"Debt service on external debt, total (TDS, current US$)",DT.TDS.DECT.CD,4505628874.5
Kazakhstan,KAZ,"Debt service on external debt, total (TDS, current US$)",DT.TDS.DECT.CD,46332862901.6
Kenya,KEN,"Debt service on external debt, total (TDS, current US$)",DT.TDS.DECT.CD,5669589267.3
Kosovo,XKX,"Debt service on external debt, total (TDS, current US$)",DT.TDS.DECT.CD,376948170.3
Kyrgyz Republic,KGZ,"Debt service on external debt, total (TDS, current US$)",DT.TDS.DECT.CD,817340885.3
Lao PDR,LAO,"Debt service on external debt, total (TDS, current US$)",DT.TDS.DECT.CD,2139107053.7
Lebanon,LBN,"Debt service on external debt, total (TDS, current US$)",DT.TDS.DECT.CD,2487164872.3
Lesotho,LSO,"Debt service on external debt, total (TDS, current US$)",DT.TDS.DECT.CD,110035590.7
Liberia,LBR,"Debt service on external debt, total (TDS, current US$)",DT.TDS.DECT.CD,138273037.3
Madagascar,MDG,"Debt service on external debt, total (TDS, current US$)",DT.TDS.DECT.CD,292377244.5
Malawi,MWI,"Debt service on external debt, total (TDS, current US$)",DT.TDS.DECT.CD,163792655.5
Maldives,MDV,"Debt service on external debt, total (TDS, current US$)",DT.TDS.DECT.CD,501515781.8
Mali,MLI,"Debt service on external debt, total (TDS, current US$)",DT.TDS.DECT.CD,368954004.5
Mauritania,MRT,"Debt service on external debt, total (TDS, current US$)",DT.TDS.DECT.CD,412816512.3
Mauritius,MUS,"Debt service on external debt, total (TDS, current US$)",DT.TDS.DECT.CD,1657676482.1
Mexico,MEX,"Debt service on external debt, total (TDS, current US$)",DT.TDS.DECT.CD,67011170401.6
Moldova,MDA,"Debt service on external debt, total (TDS, current US$)",DT.TDS.DECT.CD,1138740240.9
Mongolia,MNG,"Debt service on external debt, total (TDS, current US$)",DT.TDS.DECT.CD,5419242754.0
Montenegro,MNE,"Debt service on external debt, total (TDS, current US$)",DT.TDS.DECT.CD,1235869350.8
Morocco,MAR,"Debt service on external debt, total (TDS, current US$)",DT.TDS.DECT.CD,8901883062.4
Mozambique,MOZ,"Debt service on external debt, total (TDS, current US$)",DT.TDS.DECT.CD,4539290211.5
Myanmar,MMR,"Debt service on external debt, total (TDS, current US$)",DT.TDS.DECT.CD,953351322.9
Nepal,NPL,"Debt service on external debt, total (TDS, current US$)",DT.TDS.DECT.CD,536987093.3
Nicaragua,NIC,"Debt service on external debt, total (TDS, current US$)",DT.TDS.DECT.CD,1821046871.8
Niger,NER,"Debt service on external debt, total (TDS, current US$)",DT.TDS.DECT.CD,380821558.1
Nigeria,NGA,"Debt service on external debt, total (TDS, current US$)",DT.TDS.DECT.CD,13457783541.5
North Macedonia,MKD,"Debt service on external debt, total (TDS, current US$)",DT.TDS.DECT.CD,1543173249.9
Pakistan,PAK,"Debt service on external debt, total (TDS, current US$)",DT.TDS.DECT.CD,16306874625.0
Papua New Guinea,PNG,"Debt service on external debt, total (TDS, current US$)",DT.TDS.DECT.CD,5882895655.1
Paraguay,PRY,"Debt service on external debt, total (TDS, current US$)",DT.TDS.DECT.CD,1969086344.7
Peru,PER,"Debt service on external debt, total (TDS, current US$)",DT.TDS.DECT.CD,15228701562.2
Philippines,PHL,"Debt service on external debt, total (TDS, current US$)",DT.TDS.DECT.CD,18002693022.8
Russian Federation,RUS,"Debt service on external debt, total (TDS, current US$)",DT.TDS.DECT.CD,56854352461.3
Rwanda,RWA,"Debt service on external debt, total (TDS, current US$)",DT.TDS.DECT.CD,430147509.0
Samoa,WSM,"Debt service on external debt, total (TDS, current US$)",DT.TDS.DECT.CD,36591773.8
Sao Tome and Principe,STP,"Debt service on external debt, total (TDS, current US$)",DT.TDS.DECT.CD,5221644.2
Senegal,SEN,"Debt service on external debt, total (TDS, current US$)",DT.TDS.DECT.CD,3438123718.1
Serbia,SRB,"Debt service on external debt, total (TDS, current US$)",DT.TDS.DECT.CD,10326404217.2
Sierra Leone,SLE,"Debt service on external debt, total (TDS, current US$)",DT.TDS.DECT.CD,153801665.5
Solomon Islands,SLB,"Debt service on external debt, total (TDS, current US$)",DT.TDS.DECT.CD,25978065.4
"Somalia, Fed. Rep.",SOM,"Debt service on external debt, total (TDS, current US$)",DT.TDS.DECT.CD,16298027.9
South Africa,ZAF,"Debt service on external debt, total (TDS, current US$)",DT.TDS.DECT.CD,22557141870.0
Sri Lanka,LKA,"Debt service on external debt, total (TDS, current US$)",DT.TDS.DECT.CD,4810129289.0
St. Lucia,LCA,"Debt service on external debt, total (TDS, current US$)",DT.TDS.DECT.CD,78644489.1
St. Vincent and the Grenadines,VCT,"Debt service on external debt, total (TDS, current US$)",DT.TDS.DECT.CD,44142736.9
Sudan,SDN,"Debt service on external debt, total (TDS, current US$)",DT.TDS.DECT.CD,200686054.8
Syrian Arab Republic,SYR,"Debt service on external debt, total (TDS, current US$)",DT.TDS.DECT.CD,28706583.0
Tajikistan,TJK,"Debt service on external debt, total (TDS, current US$)",DT.TDS.DECT.CD,573621878.2
Tanzania,TZA,"Debt service on external debt, total (TDS, current US$)",DT.TDS.DECT.CD,1980087497.9
Thailand,THA,"Debt service on external debt, total (TDS, current US$)",DT.TDS.DECT.CD,17993023670.2
Timor-Leste,TLS,"Debt service on external debt, total (TDS, current US$)",DT.TDS.DECT.CD,26056094.0
Togo,TGO,"Debt service on external debt, total (TDS, current US$)",DT.TDS.DECT.CD,343216580.7
Tonga,TON,"Debt service on external debt, total (TDS, current US$)",DT.TDS.DECT.CD,43961974.4
Tunisia,TUN,"Debt service on external debt, total (TDS, current US$)",DT.TDS.DECT.CD,5506873132.5
Turkiye,TUR,"Debt service on external debt, total (TDS, current US$)",DT.TDS.DECT.CD,89572219405.1
Turkmenistan,TKM,"Debt service on external debt, total (TDS, current US$)",DT.TDS.DECT.CD,974098685.6
Uganda,UGA,"Debt service on external debt, total (TDS, current US$)",DT.TDS.DECT.CD,1558883495.8
Ukraine,UKR,"Debt service on external debt, total (TDS, current US$)",DT.TDS.DECT.CD,10333489703.8
Uzbekistan,UZB,"Debt service on external debt, total (TDS, current US$)",DT.TDS.DECT.CD,11474012471.0
Vanuatu,VUT,"Debt service on external debt, total (TDS, current US$)",DT.TDS.DECT.CD,26166284.2
Viet Nam,VNM,"Debt service on external debt, total (TDS, current US$)",DT.TDS.DECT.CD,33590426649.4
"Yemen, Rep.",YEM,"Debt service on external debt, total (TDS, current US$)",DT.TDS.DECT.CD,138971636.5
Zambia,ZMB,"Debt service on external debt, total (TDS, current US$)",DT.TDS.DECT.CD,3912853421.5
Zimbabwe,ZWE,"Debt service on external debt, total (TDS, current US$)",DT.TDS.DECT.CD,1415303816.0
Afghanistan,AFG,"Debt service on external debt, public and publicly guaranteed (PPG) (TDS, current US$)",DT.TDS.DPPG.CD,35055000.0
Albania,ALB,"Debt service on external debt, public and publicly guaranteed (PPG) (TDS, current US$)",DT.TDS.DPPG.CD,503589942.8
Algeria,DZA,"Debt service on external debt, public and publicly guaranteed (PPG) (TDS, current US$)",DT.TDS.DPPG.CD,103536651.9
Angola,AGO,"Debt service on external debt, public and publicly guaranteed (PPG) (TDS, current US$)",DT.TDS.DPPG.CD,9857590390.0
Argentina,ARG,"Debt service on external debt, public and publicly guaranteed (PPG) (TDS, current US$)",DT.TDS.DPPG.CD,14245524164.4
Armenia,ARM,"Debt service on external debt, public and publicly guaranteed (PPG) (TDS, current US$)",DT.TDS.DPPG.CD,569132972.7
Azerbaijan,AZE,"Debt service on external debt, public and publicly guaranteed (PPG) (TDS, current US$)",DT.TDS.DPPG.CD,3305254954.2
Bangladesh,BGD,"Debt service on external debt, public and publicly guaranteed (PPG) (TDS, current US$)",DT.TDS.DPPG.CD,5107969957.4
Belarus,BLR,"Debt service on external debt, public and publicly guaranteed (PPG) (TDS, current US$)",DT.TDS.DPPG.CD,3561720094.9
Belize,BLZ,"Debt service on external debt, public and publicly guaranteed (PPG) (TDS, current US$)",DT.TDS.DPPG.CD,123939993.7
Benin,BEN,"Debt service on external debt, public and publicly guaranteed (PPG) (TDS, current US$)",DT.TDS.DPPG.CD,952672658.3
Bhutan,BTN,"Debt service on external debt, public and publicly guaranteed (PPG) (TDS, current US$)",DT.TDS.DPPG.CD,157867544.7
Bolivia,BOL,"Debt service on external debt, public and publicly guaranteed (PPG) (TDS, current US$)",DT.TDS.DPPG.CD,1536743411.3
Bosnia and Herzegovina,BIH,"Debt service on external debt, public and publicly guaranteed (PPG) (TDS, current US$)",DT.TDS.DPPG.CD,567793264.7
Botswana,BWA,"Debt service on external debt, public and publicly guaranteed (PPG) (TDS, current US$)",DT.TDS.DPPG.CD,253412900.6
Brazil,BRA,"Debt service on external debt, public and publicly guaranteed (PPG) (TDS, current US$)",DT.TDS.DPPG.CD,41692900453.8
Bulgaria,BGR,"Debt service on external debt, public and publicly guaranteed (PPG) (TDS, current US$)",DT.TDS.DPPG.CD,2247338948.5
Burkina Faso,BFA,"Debt service on external debt, public and publicly guaranteed (PPG) (TDS, current US$)",DT.TDS.DPPG.CD,295932097.4
Burundi,BDI,"Debt service on external debt, public and publicly guaranteed (PPG) (TDS, current US$)",DT.TDS.DPPG.CD,21188598.9
Cabo Verde,CPV,"Debt service on external debt, public and publicly guaranteed (PPG) (TDS, current US$)",DT.TDS.DPPG.CD,128707507.3
Cambodia,KHM,"Debt service on external debt, public and publicly guaranteed (PPG) (TDS, current US$)",DT.TDS.DPPG.CD,544261646.5
Cameroon,CMR,"Debt service on external debt, public and publicly guaranteed (PPG) (TDS, current US$)",DT.TDS.DPPG.CD,1397091700.0
Central African Republic,CAF,"Debt service on external debt, public and publicly guaranteed (PPG) (TDS, current US$)",DT.TDS.DPPG.CD,14067424.6
Chad,TCD,"Debt service on external debt, public and publicly guaranteed (PPG) (TDS, current US$)",DT.TDS.DPPG.CD,292977675.5
China,CHN,"Debt service on external debt, public and publicly guaranteed (PPG) (TDS, current US$)",DT.TDS.DPPG.CD,79274204382.3
Colombia,COL,"Debt service on external debt, public and publicly guaranteed (PPG) (TDS, current US$)",DT.TDS.DPPG.CD,14871414482.9
Comoros,COM,"Debt service on external debt, public and publicly guaranteed (PPG) (TDS, current US$)",DT.TDS.DPPG.CD,16161053.6
"Congo, Dem. Rep.",COD,"Debt service on external debt, public and publicly guaranteed (PPG) (TDS, current US$)",DT.TDS.DPPG.CD,386162036.6
"Congo, Rep.",COG,"Debt service on external debt, public and publicly guaranteed (PPG) (TDS, current US$)",DT.TDS.DPPG.CD,1045512956.9
Cote d'Ivoire,CIV,"Debt service on external debt, public and publicly guaranteed (PPG) (TDS, current US$)",DT.TDS.DPPG.CD,4350206790.0
Djibouti,DJI,"Debt service on external debt, public and publicly guaranteed (PPG) (TDS, current US$)",DT.TDS.DPPG.CD,109618322.4
Dominica,DMA,"Debt service on external debt, public and publicly guaranteed (PPG) (TDS, current US$)",DT.TDS.DPPG.CD,52260389.9
Dominican Republic,DOM,"Debt service on external debt, public and publicly guaranteed (PPG) (TDS, current US$)",DT.TDS.DPPG.CD,4255734801.4
Ecuador,ECU,"Debt service on external debt, public and publicly guaranteed (PPG) (TDS, current US$)",DT.TDS.DPPG.CD,4507482701.3
"Egypt, Arab Rep.",EGY,"Debt service on external debt, public and publicly guaranteed (PPG) (TDS, current US$)",DT.TDS.DPPG.CD,24265826532.7
El Salvador,SLV,"Debt service on external debt, public and publicly guaranteed (PPG) (TDS, current US$)",DT.TDS.DPPG.CD,3060370769.3
Eritrea,ERI,"Debt service on external debt, public and publicly guaranteed (PPG) (TDS, current US$)",DT.TDS.DPPG.CD,19661959.3
Eswatini,SWZ,"Debt service on external debt, public and publicly guaranteed (PPG) (TDS, current US$)",DT.TDS.DPPG.CD,94484836.7
Ethiopia,ETH,"Debt service on external debt, public and publicly guaranteed (PPG) (TDS, current US$)",DT.TDS.DPPG.CD,1086537219.0
Fiji,FJI,"Debt service on external debt, public and publicly guaranteed (PPG) (TDS, current US$)",DT.TDS.DPPG.CD,162674606.4
Gabon,GAB,"Debt service on external debt, public and publicly guaranteed (PPG) (TDS, current US$)",DT.TDS.DPPG.CD,827395457.8
"Gambia, The",GMB,"Debt service on external debt, public and publicly guaranteed (PPG) (TDS, current US$)",DT.TDS.DPPG.CD,48337440.3
Georgia,GEO,"Debt service on external debt, public and publicly guaranteed (PPG) (TDS, current US$)",DT.TDS.DPPG.CD,810100404.3
Ghana,GHA,"Debt service on external debt, public and publicly guaranteed (PPG) (TDS, current US$)",DT.TDS.DPPG.CD,845828109.0
Grenada,GRD,"Debt service on external debt, public and publicly guaranteed (PPG) (TDS, current US$)",DT.TDS.DPPG.CD,37997815.5
Guatemala,GTM,"Debt service on external debt, public and publicly guaranteed (PPG) (TDS, current US$)",DT.TDS.DPPG.CD,1137807561.7
Guinea,GIN,"Debt service on external debt, public and publicly guaranteed (PPG) (TDS, current US$)",DT.TDS.DPPG.CD,333344595.6
Guinea-Bissau,GNB,"Debt service on external debt, public and publicly guaranteed (PPG) (TDS, current US$)",DT.TDS.DPPG.CD,31588821.3
Guyana,GUY,"Debt service on external debt, public and publicly guaranteed (PPG) (TDS, current US$)",DT.TDS.DPPG.CD,122217517.2
Haiti,HTI,"Debt service on external debt, public and publicly guaranteed (PPG) (TDS, current US$)",DT.TDS.DPPG.CD,512090000.0
Honduras,HND,"Debt service on external debt, public and publicly guaranteed (PPG) (TDS, current US$)",DT.TDS.DPPG.CD,923896105.2
India,IND,"Debt service on external debt, public and publicly guaranteed (PPG) (TDS, current US$)",DT.TDS.DPPG.CD,26787302732.6
Indonesia,IDN,"Debt service on external debt, public and publicly guaranteed (PPG) (TDS, current US$)",DT.TDS.DPPG.CD,38206573831.4
"Iran, Islamic Rep.",IRN,"Debt service on external debt, public and publicly guaranteed (PPG) (TDS, current US$)",DT.TDS.DPPG.CD,76467184.6
Iraq,IRQ,"Debt service on external debt, public and publicly guaranteed (PPG) (TDS, current US$)",DT.TDS.DPPG.CD,3244531323.1
Jamaica,JAM,"Debt service on external debt, public and publicly guaranteed (PPG) (TDS, current US$)",DT.TDS.DPPG.CD,1119664983.2
Jordan,JOR,"Debt service on external debt, public and publicly guaranteed (PPG) (TDS, current US$)",DT.TDS.DPPG.CD,2072618008.6
Kazakhstan,KAZ,"Debt service on external debt, public and publicly guaranteed (PPG) (TDS, current US$)",DT.TDS.DPPG.CD,5552006344.8
Kenya,KEN,"Debt service on external debt, public and publicly guaranteed (PPG) (TDS, current US$)",DT.TDS.DPPG.CD,5289139273.0
Kosovo,XKX,"Debt service on external debt, public and publicly guaranteed (PPG) (TDS, current US$)",DT.TDS.DPPG.CD,49842222.3
Kyrgyz Republic,KGZ,"Debt service on external debt, public and publicly guaranteed (PPG) (TDS, current US$)",DT.TDS.DPPG.CD,287965917.5
Lao PDR,LAO,"Debt service on external debt, public and publicly guaranteed (PPG) (TDS, current US$)",DT.TDS.DPPG.CD,820712717.9
Lebanon,LBN,"Debt service on external debt, public and publicly guaranteed (PPG) (TDS, current US$)",DT.TDS.DPPG.CD,176463191.8
Lesotho,LSO,"Debt service on external debt, public and publicly guaranteed (PPG) (TDS, current US$)",DT.TDS.DPPG.CD,77325670.4
Liberia,LBR,"Debt service on external debt, public and publicly guaranteed (PPG) (TDS, current US$)",DT.TDS.DPPG.CD,34820816.5
Madagascar,MDG,"Debt service on external debt, public and publicly guaranteed (PPG) (TDS, current US$)",DT.TDS.DPPG.CD,198089071.8
Malawi,MWI,"Debt service on external debt, public and publicly guaranteed (PPG) (TDS, current US$)",DT.TDS.DPPG.CD,118637836.7
Maldives,MDV,"Debt service on external debt, public and publicly guaranteed (PPG) (TDS, current US$)",DT.TDS.DPPG.CD,426940664.7
Mali,MLI,"Debt service on external debt, public and publicly guaranteed (PPG) (TDS, current US$)",DT.TDS.DPPG.CD,304964815.9
Mauritania,MRT,"Debt service on external debt, public and publicly guaranteed (PPG) (TDS, current US$)",DT.TDS.DPPG.CD,373329776.8
Mauritius,MUS,"Debt service on external debt, public and publicly guaranteed (PPG) (TDS, current US$)",DT.TDS.DPPG.CD,1025701879.6
Mexico,MEX,"Debt service on external debt, public and publicly guaranteed (PPG) (TDS, current US$)",DT.TDS.DPPG.CD,38813757614.6
Moldova,MDA,"Debt service on external debt, public and publicly guaranteed (PPG) (TDS, current US$)",DT.TDS.DPPG.CD,340746466.2
Mongolia,MNG,"Debt service on external debt, public and publicly guaranteed (PPG) (TDS, current US$)",DT.TDS.DPPG.CD,1358673167.6
Montenegro,MNE,"Debt service on external debt, public and publicly guaranteed (PPG) (TDS, current US$)",DT.TDS.DPPG.CD,456282280.3
Morocco,MAR,"Debt service on external debt, public and publicly guaranteed (PPG) (TDS, current US$)",DT.TDS.DPPG.CD,6065613761.1
Mozambique,MOZ,"Debt service on external debt, public and publicly guaranteed (PPG) (TDS, current US$)",DT.TDS.DPPG.CD,948857105.7
Myanmar,MMR,"Debt service on external debt, public and publicly guaranteed (PPG) (TDS, current US$)",DT.TDS.DPPG.CD,660985562.3
Nepal,NPL,"Debt service on external debt, public and publicly guaranteed (PPG) (TDS, current US$)",DT.TDS.DPPG.CD,383868031.5
Nicaragua,NIC,"Debt service on external debt, public and publicly guaranteed (PPG) (TDS, current US$)",DT.TDS.DPPG.CD,636955351.8
Niger,NER,"Debt service on external debt, public and publicly guaranteed (PPG) (TDS, current US$)",DT.TDS.DPPG.CD,335921741.1
Nigeria,NGA,"Debt service on external debt, public and publicly guaranteed (PPG) (TDS, current US$)",DT.TDS.DPPG.CD,3859888448.5
North Macedonia,MKD,"Debt service on external debt, public and publicly guaranteed (PPG) (TDS, current US$)",DT.TDS.DPPG.CD,639461380.3
Pakistan,PAK,"Debt service on external debt, public and publicly guaranteed (PPG) (TDS, current US$)",DT.TDS.DPPG.CD,11216275984.5
Papua New Guinea,PNG,"Debt service on external debt, public and publicly guaranteed (PPG) (TDS, current US$)",DT.TDS.DPPG.CD,623357879.4
Paraguay,PRY,"Debt service on external debt, public and publicly guaranteed (PPG) (TDS, current US$)",DT.TDS.DPPG.CD,1442778645.3
Peru,PER,"Debt service on external debt, public and publicly guaranteed (PPG) (TDS, current US$)",DT.TDS.DPPG.CD,4736437168.0
Philippines,PHL,"Debt service on external debt, public and publicly guaranteed (PPG) (TDS, current US$)",DT.TDS.DPPG.CD,9672547895.6
Russian Federation,RUS,"Debt service on external debt, public and publicly guaranteed (PPG) (TDS, current US$)",DT.TDS.DPPG.CD,20094223067.1
Rwanda,RWA,"Debt service on external debt, public and publicly guaranteed (PPG) (TDS, current US$)",DT.TDS.DPPG.CD,244847598.5
Samoa,WSM,"Debt service on external debt, public and publicly guaranteed (PPG) (TDS, current US$)",DT.TDS.DPPG.CD,34244345.3
Sao Tome and Principe,STP,"Debt service on external debt, public and publicly guaranteed (PPG) (TDS, current US$)",DT.TDS.DPPG.CD,3049088.5
Senegal,SEN,"Debt service on external debt, public and publicly guaranteed (PPG) (TDS, current US$)",DT.TDS.DPPG.CD,1904940755.5
Serbia,SRB,"Debt service on external debt, public and publicly guaranteed (PPG) (TDS, current US$)",DT.TDS.DPPG.CD,4262461379.8
Sierra Leone,SLE,"Debt service on external debt, public and publicly guaranteed (PPG) (TDS, current US$)",DT.TDS.DPPG.CD,67722872.2
Solomon Islands,SLB,"Debt service on external debt, public and publicly guaranteed (PPG) (TDS, current US$)",DT.TDS.DPPG.CD,6927801.1
"Somalia, Fed. Rep.",SOM,"Debt service on external debt, public and publicly guaranteed (PPG) (TDS, current US$)",DT.TDS.DPPG.CD,5397376.3
South Africa,ZAF,"Debt service on external debt, public and publicly guaranteed (PPG) (TDS, current US$)",DT.TDS.DPPG.CD,8932169331.6
Sri Lanka,LKA,"Debt service on external debt, public and publicly guaranteed (PPG) (TDS, current US$)",DT.TDS.DPPG.CD,2719569468.5
St. Lucia,LCA,"Debt service on external debt, public and publicly guaranteed (PPG) (TDS, current US$)",DT.TDS.DPPG.CD,71888273.8
St. Vincent and the Grenadines,VCT,"Debt service on external debt, public and publicly guaranteed (PPG) (TDS, current US$)",DT.TDS.DPPG.CD,41314707.4
Sudan,SDN,"Debt service on external debt, public and publicly guaranteed (PPG) (TDS, current US$)",DT.TDS.DPPG.CD,154108527.8
Syrian Arab Republic,SYR,"Debt service on external debt, public and publicly guaranteed (PPG) (TDS, current US$)",DT.TDS.DPPG.CD,0.0
Tajikistan,TJK,"Debt service on external debt, public and publicly guaranteed (PPG) (TDS, current US$)",DT.TDS.DPPG.CD,274958442.6
Tanzania,TZA,"Debt service on external debt, public and publicly guaranteed (PPG) (TDS, current US$)",DT.TDS.DPPG.CD,1816535733.6
Thailand,THA,"Debt service on external debt, public and publicly guaranteed (PPG) (TDS, current US$)",DT.TDS.DPPG.CD,3504253647.4
Timor-Leste,TLS,"Debt service on external debt, public and publicly guaranteed (PPG) (TDS, current US$)",DT.TDS.DPPG.CD,24328255.9
Togo,TGO,"Debt service on external debt, public and publicly guaranteed (PPG) (TDS, current US$)",DT.TDS.DPPG.CD,229503195.8
Tonga,TON,"Debt service on external debt, public and publicly guaranteed (PPG) (TDS, current US$)",DT.TDS.DPPG.CD,42950368.4
Tunisia,TUN,"Debt service on external debt, public and publicly guaranteed (PPG) (TDS, current US$)",DT.TDS.DPPG.CD,3406188062.0
Turkiye,TUR,"Debt service on external debt, public and publicly guaranteed (PPG) (TDS, current US$)",DT.TDS.DPPG.CD,29657965074.0
Turkmenistan,TKM,"Debt service on external debt, public and publicly guaranteed (PPG) (TDS, current US$)",DT.TDS.DPPG.CD,948800505.0
Uganda,UGA,"Debt service on external debt, public and publicly guaranteed (PPG) (TDS, current US$)",DT.TDS.DPPG.CD,1279815364.7
Ukraine,UKR,"Debt service on external debt, public and publicly guaranteed (PPG) (TDS, current US$)",DT.TDS.DPPG.CD,3611438107.0
Uzbekistan,UZB,"Debt service on external debt, public and publicly guaranteed (PPG) (TDS, current US$)",DT.TDS.DPPG.CD,4416343938.1
Vanuatu,VUT,"Debt service on external debt, public and publicly guaranteed (PPG) (TDS, current US$)",DT.TDS.DPPG.CD,15372759.9
Viet Nam,VNM,"Debt service on external debt, public and publicly guaranteed (PPG) (TDS, current US$)",DT.TDS.DPPG.CD,5850609464.2
"Yemen, Rep.",YEM,"Debt service on external debt, public and publicly guaranteed (PPG) (TDS, current US$)",DT.TDS.DPPG.CD,90250000.0
Zambia,ZMB,"Debt service on external debt, public and publicly guaranteed (PPG) (TDS, current US$)",DT.TDS.DPPG.CD,687288623.0
Zimbabwe,ZWE,"Debt service on external debt, public and publicly guaranteed (PPG) (TDS, current US$)",DT.TDS.DPPG.CD,88993640.7
Afghanistan,AFG,"Multilateral debt service (TDS, current US$)",DT.TDS.MLAT.CD,35055000.0
Albania,ALB,"Multilateral debt service (TDS, current US$)",DT.TDS.MLAT.CD,322907197.2
Algeria,DZA,"Multilateral debt service (TDS, current US$)",DT.TDS.MLAT.CD,78492391.8
Angola,AGO,"Multilateral debt service (TDS, current US$)",DT.TDS.MLAT.CD,491204277.4
Argentina,ARG,"Multilateral debt service (TDS, current US$)",DT.TDS.MLAT.CD,5074626873.1
Armenia,ARM,"Multilateral debt service (TDS, current US$)",DT.TDS.MLAT.CD,333977301.1
Azerbaijan,AZE,"Multilateral debt service (TDS, current US$)",DT.TDS.MLAT.CD,842731655.6
Bangladesh,BGD,"Multilateral debt service (TDS, current US$)",DT.TDS.MLAT.CD,2710108231.1
Belarus,BLR,"Multilateral debt service (TDS, current US$)",DT.TDS.MLAT.CD,476175144.7
Belize,BLZ,"Multilateral debt service (TDS, current US$)",DT.TDS.MLAT.CD,65085813.6
Benin,BEN,"Multilateral debt service (TDS, current US$)",DT.TDS.MLAT.CD,200143787.1
Bhutan,BTN,"Multilateral debt service (TDS, current US$)",DT.TDS.MLAT.CD,46798177.4
Bolivia,BOL,"Multilateral debt service (TDS, current US$)",DT.TDS.MLAT.CD,1095741740.0
Bosnia and Herzegovina,BIH,"Multilateral debt service (TDS, current US$)",DT.TDS.MLAT.CD,445184130.5
Botswana,BWA,"Multilateral debt service (TDS, current US$)",DT.TDS.MLAT.CD,250897133.2
Brazil,BRA,"Multilateral debt service (TDS, current US$)",DT.TDS.MLAT.CD,4958168123.0
Bulgaria,BGR,"Multilateral debt service (TDS, current US$)",DT.TDS.MLAT.CD,334651946.2
Burkina Faso,BFA,"Multilateral debt service (TDS, current US$)",DT.TDS.MLAT.CD,228428172.7
Burundi,BDI,"Multilateral debt service (TDS, current US$)",DT.TDS.MLAT.CD,14505255.1
Cabo Verde,CPV,"Multilateral debt service (TDS, current US$)",DT.TDS.MLAT.CD,65441405.1
Cambodia,KHM,"Multilateral debt service (TDS, current US$)",DT.TDS.MLAT.CD,158639791.2
Cameroon,CMR,"Multilateral debt service (TDS, current US$)",DT.TDS.MLAT.CD,375847964.7
Central African Republic,CAF,"Multilateral debt service (TDS, current US$)",DT.TDS.MLAT.CD,8221891.2
Chad,TCD,"Multilateral debt service (TDS, current US$)",DT.TDS.MLAT.CD,55831086.2
China,CHN,"Multilateral debt service (TDS, current US$)",DT.TDS.MLAT.CD,5975220341.6
Colombia,COL,"Multilateral debt service (TDS, current US$)",DT.TDS.MLAT.CD,2370479986.0
Comoros,COM,"Multilateral debt service (TDS, current US$)",DT.TDS.MLAT.CD,6195459.9
"Congo, Dem. Rep.",COD,"Multilateral debt service (TDS, current US$)",DT.TDS.MLAT.CD,105652832.0
"Congo, Rep.",COG,"Multilateral debt service (TDS, current US$)",DT.TDS.MLAT.CD,111217353.9
Cote d'Ivoire,CIV,"Multilateral debt service (TDS, current US$)",DT.TDS.MLAT.CD,660305060.0
Djibouti,DJI,"Multilateral debt service (TDS, current US$)",DT.TDS.MLAT.CD,51772298.1
Dominica,DMA,"Multilateral debt service (TDS, current US$)",DT.TDS.MLAT.CD,15762808.6
Dominican Republic,DOM,"Multilateral debt service (TDS, current US$)",DT.TDS.MLAT.CD,1046086287.4
Ecuador,ECU,"Multilateral debt service (TDS, current US$)",DT.TDS.MLAT.CD,1765284797.5
"Egypt, Arab Rep.",EGY,"Multilateral debt service (TDS, current US$)",DT.TDS.MLAT.CD,7835647976.0
El Salvador,SLV,"Multilateral debt service (TDS, current US$)",DT.TDS.MLAT.CD,748670869.3
Eritrea,ERI,"Multilateral debt service (TDS, current US$)",DT.TDS.MLAT.CD,5349811.7
Eswatini,SWZ,"Multilateral debt service (TDS, current US$)",DT.TDS.MLAT.CD,61345712.2
Ethiopia,ETH,"Multilateral debt service (TDS, current US$)",DT.TDS.MLAT.CD,495439590.6
Fiji,FJI,"Multilateral debt service (TDS, current US$)",DT.TDS.MLAT.CD,114133000.0
Gabon,GAB,"Multilateral debt service (TDS, current US$)",DT.TDS.MLAT.CD,226816557.5
"Gambia, The",GMB,"Multilateral debt service (TDS, current US$)",DT.TDS.MLAT.CD,33599150.6
Georgia,GEO,"Multilateral debt service (TDS, current US$)",DT.TDS.MLAT.CD,556794685.9
Ghana,GHA,"Multilateral debt service (TDS, current US$)",DT.TDS.MLAT.CD,290369001.1
Grenada,GRD,"Multilateral debt service (TDS, current US$)",DT.TDS.MLAT.CD,23506168.7
Guatemala,GTM,"Multilateral debt service (TDS, current US$)",DT.TDS.MLAT.CD,654838686.4
Guinea,GIN,"Multilateral debt service (TDS, current US$)",DT.TDS.MLAT.CD,89158926.4
Guinea-Bissau,GNB,"Multilateral debt service (TDS, current US$)",DT.TDS.MLAT.CD,14910541.2
Guyana,GUY,"Multilateral debt service (TDS, current US$)",DT.TDS.MLAT.CD,71422801.5
Haiti,HTI,"Multilateral debt service (TDS, current US$)",DT.TDS.MLAT.CD,4165000.0
Honduras,HND,"Multilateral debt service (TDS, current US$)",DT.TDS.MLAT.CD,533212878.2
India,IND,"Multilateral debt service (TDS, current US$)",DT.TDS.MLAT.CD,10463470742.2
Indonesia,IDN,"Multilateral debt service (TDS, current US$)",DT.TDS.MLAT.CD,4877949863.5
"Iran, Islamic Rep.",IRN,"Multilateral debt service (TDS, current US$)",DT.TDS.MLAT.CD,10799287.5
Iraq,IRQ,"Multilateral debt service (TDS, current US$)",DT.TDS.MLAT.CD,565878000.0
Jamaica,JAM,"Multilateral debt service (TDS, current US$)",DT.TDS.MLAT.CD,398060327.2
Jordan,JOR,"Multilateral debt service (TDS, current US$)",DT.TDS.MLAT.CD,794418381.2
Kazakhstan,KAZ,"Multilateral debt service (TDS, current US$)",DT.TDS.MLAT.CD,1693455380.3
Kenya,KEN,"Multilateral debt service (TDS, current US$)",DT.TDS.MLAT.CD,1370259641.6
Kosovo,XKX,"Multilateral debt service (TDS, current US$)",DT.TDS.MLAT.CD,41634214.9
Kyrgyz Republic,KGZ,"Multilateral debt service (TDS, current US$)",DT.TDS.MLAT.CD,131981684.6
Lao PDR,LAO,"Multilateral debt service (TDS, current US$)",DT.TDS.MLAT.CD,138510554.7
Lebanon,LBN,"Multilateral debt service (TDS, current US$)",DT.TDS.MLAT.CD,176403668.3
Lesotho,LSO,"Multilateral debt service (TDS, current US$)",DT.TDS.MLAT.CD,51916535.9
Liberia,LBR,"Multilateral debt service (TDS, current US$)",DT.TDS.MLAT.CD,31947708.4
Madagascar,MDG,"Multilateral debt service (TDS, current US$)",DT.TDS.MLAT.CD,147872828.5
Malawi,MWI,"Multilateral debt service (TDS, current US$)",DT.TDS.MLAT.CD,84225616.6
Maldives,MDV,"Multilateral debt service (TDS, current US$)",DT.TDS.MLAT.CD,103328229.8
Mali,MLI,"Multilateral debt service (TDS, current US$)",DT.TDS.MLAT.CD,180865589.1
Mauritania,MRT,"Multilateral debt service (TDS, current US$)",DT.TDS.MLAT.CD,222122282.3
Mauritius,MUS,"Multilateral debt service (TDS, current US$)",DT.TDS.MLAT.CD,87942385.1
Mexico,MEX,"Multilateral debt service (TDS, current US$)",DT.TDS.MLAT.CD,4032388000.0
Moldova,MDA,"Multilateral debt service (TDS, current US$)",DT.TDS.MLAT.CD,324269389.6
Mongolia,MNG,"Multilateral debt service (TDS, current US$)",DT.TDS.MLAT.CD,317411803.4
Montenegro,MNE,"Multilateral debt service (TDS, current US$)",DT.TDS.MLAT.CD,82794531.6
Morocco,MAR,"Multilateral debt service (TDS, current US$)",DT.TDS.MLAT.CD,2381232110.2
Mozambique,MOZ,"Multilateral debt service (TDS, current US$)",DT.TDS.MLAT.CD,171359868.5
Myanmar,MMR,"Multilateral debt service (TDS, current US$)",DT.TDS.MLAT.CD,131570256.9
Nepal,NPL,"Multilateral debt service (TDS, current US$)",DT.TDS.MLAT.CD,308517390.7
Nicaragua,NIC,"Multilateral debt service (TDS, current US$)",DT.TDS.MLAT.CD,569516255.5
Niger,NER,"Multilateral debt service (TDS, current US$)",DT.TDS.MLAT.CD,225036029.9
Nigeria,NGA,"Multilateral debt service (TDS, current US$)",DT.TDS.MLAT.CD,1256020807.8
North Macedonia,MKD,"Multilateral debt service (TDS, current US$)",DT.TDS.MLAT.CD,305308048.0
Pakistan,PAK,"Multilateral debt service (TDS, current US$)",DT.TDS.MLAT.CD,3267560937.4
Papua New Guinea,PNG,"Multilateral debt service (TDS, current US$)",DT.TDS.MLAT.CD,324049060.5
Paraguay,PRY,"Multilateral debt service (TDS, current US$)",DT.TDS.MLAT.CD,836444892.5
Peru,PER,"Multilateral debt service (TDS, current US$)",DT.TDS.MLAT.CD,1497602810.9
Philippines,PHL,"Multilateral debt service (TDS, current US$)",DT.TDS.MLAT.CD,3213565947.4
Russian Federation,RUS,"Multilateral debt service (TDS, current US$)",DT.TDS.MLAT.CD,3312512.5
Rwanda,RWA,"Multilateral debt service (TDS, current US$)",DT.TDS.MLAT.CD,145066285.7
Samoa,WSM,"Multilateral debt service (TDS, current US$)",DT.TDS.MLAT.CD,12657356.3
Sao Tome and Principe,STP,"Multilateral debt service (TDS, current US$)",DT.TDS.MLAT.CD,2510129.6
Senegal,SEN,"Multilateral debt service (TDS, current US$)",DT.TDS.MLAT.CD,525647658.7
Serbia,SRB,"Multilateral debt service (TDS, current US$)",DT.TDS.MLAT.CD,799098561.5
Sierra Leone,SLE,"Multilateral debt service (TDS, current US$)",DT.TDS.MLAT.CD,48356732.2
Solomon Islands,SLB,"Multilateral debt service (TDS, current US$)",DT.TDS.MLAT.CD,5402122.9
"Somalia, Fed. Rep.",SOM,"Multilateral debt service (TDS, current US$)",DT.TDS.MLAT.CD,1663441.0
South Africa,ZAF,"Multilateral debt service (TDS, current US$)",DT.TDS.MLAT.CD,901562104.5
Sri Lanka,LKA,"Multilateral debt service (TDS, current US$)",DT.TDS.MLAT.CD,1031848727.3
St. Lucia,LCA,"Multilateral debt service (TDS, current US$)",DT.TDS.MLAT.CD,27322755.5
St. Vincent and the Grenadines,VCT,"Multilateral debt service (TDS, current US$)",DT.TDS.MLAT.CD,29883209.1
Sudan,SDN,"Multilateral debt service (TDS, current US$)",DT.TDS.MLAT.CD,78837984.6
Syrian Arab Republic,SYR,"Multilateral debt service (TDS, current US$)",DT.TDS.MLAT.CD,0.0
Tajikistan,TJK,"Multilateral debt service (TDS, current US$)",DT.TDS.MLAT.CD,129709659.3
Tanzania,TZA,"Multilateral debt service (TDS, current US$)",DT.TDS.MLAT.CD,503276783.9
Thailand,THA,"Multilateral debt service (TDS, current US$)",DT.TDS.MLAT.CD,805916000.0
Timor-Leste,TLS,"Multilateral debt service (TDS, current US$)",DT.TDS.MLAT.CD,22795000.0
Togo,TGO,"Multilateral debt service (TDS, current US$)",DT.TDS.MLAT.CD,77652984.7
Tonga,TON,"Multilateral debt service (TDS, current US$)",DT.TDS.MLAT.CD,5966203.0
Tunisia,TUN,"Multilateral debt service (TDS, current US$)",DT.TDS.MLAT.CD,1245675152.4
Turkiye,TUR,"Multilateral debt service (TDS, current US$)",DT.TDS.MLAT.CD,3961498962.0
Turkmenistan,TKM,"Multilateral debt service (TDS, current US$)",DT.TDS.MLAT.CD,148119314.2
Uganda,UGA,"Multilateral debt service (TDS, current US$)",DT.TDS.MLAT.CD,507769771.7
Ukraine,UKR,"Multilateral debt service (TDS, current US$)",DT.TDS.MLAT.CD,3006957553.6
Uzbekistan,UZB,"Multilateral debt service (TDS, current US$)",DT.TDS.MLAT.CD,1504678362.5
Vanuatu,VUT,"Multilateral debt service (TDS, current US$)",DT.TDS.MLAT.CD,4719000.0
Viet Nam,VNM,"Multilateral debt service (TDS, current US$)",DT.TDS.MLAT.CD,2279094924.9
"Yemen, Rep.",YEM,"Multilateral debt service (TDS, current US$)",DT.TDS.MLAT.CD,90250000.0
Zambia,ZMB,"Multilateral debt service (TDS, current US$)",DT.TDS.MLAT.CD,181266623.0
Zimbabwe,ZWE,"Multilateral debt service (TDS, current US$)",DT.TDS.MLAT.CD,66772855.4
